date,user_email,tokens_used
2026-01-01,user001@example.com,20355
2026-01-01,user002@example.com,8752
2026-01-01,user003@example.com,7805
2026-01-01,user004@example.com,14156
2026-01-01,user005@example.com,16000
2026-01-01,user006@example.com,22375
2026-01-01,user007@example.com,163026
2026-01-01,user008@example.com,6305
2026-01-01,user009@example.com,21389
2026-01-01,user010@example.com,4227
2026-01-01,user011@example.com,79343
2026-01-01,user012@example.com,10903
2026-01-01,user013@example.com,6280
2026-01-01,user014@example.com,33970
2026-01-01,user015@example.com,17874
2026-01-01,user016@example.com,27715
2026-01-01,user017@example.com,26062
2026-01-01,user018@example.com,23108
2026-01-01,user019@example.com,24745
2026-01-01,user020@example.com,10352
2026-01-01,user021@example.com,21902
2026-01-01,user022@example.com,106486
2026-01-01,user023@example.com,25963
2026-01-01,user024@example.com,26146
2026-01-01,user025@example.com,10527
2026-01-01,user026@example.com,4970
2026-01-01,user027@example.com,29554
2026-01-01,user028@example.com,19571
2026-01-01,user029@example.com,26827
2026-01-01,user030@example.com,58049
2026-01-01,user031@example.com,38210
2026-01-01,user032@example.com,35421
2026-01-01,user033@example.com,82720
2026-01-01,user034@example.com,8065
2026-01-01,user035@example.com,2574
2026-01-01,user036@example.com,5705
2026-01-01,user037@example.com,34031
2026-01-01,user038@example.com,179014
2026-01-01,user039@example.com,7739
2026-01-01,user040@example.com,19201
2026-01-01,user041@example.com,56897
2026-01-01,user042@example.com,22134
2026-01-01,user043@example.com,112766
2026-01-01,user044@example.com,10771
2026-01-01,user045@example.com,22789
2026-01-01,user046@example.com,4189
2026-01-01,user047@example.com,54444
2026-01-01,user048@example.com,15866
2026-01-01,user049@example.com,34857
2026-01-01,user050@example.com,37191
2026-01-01,user051@example.com,4072
2026-01-01,user052@example.com,7971
2026-01-01,user053@example.com,7828
2026-01-01,user054@example.com,6941
2026-01-01,user055@example.com,10040
2026-01-01,user056@example.com,5899
2026-01-01,user057@example.com,67010
2026-01-01,user058@example.com,30588
2026-01-01,user059@example.com,60009
2026-01-01,user060@example.com,29722
2026-01-01,user061@example.com,15011
2026-01-01,user062@example.com,29770
2026-01-01,user063@example.com,10048
2026-01-01,user064@example.com,18450
2026-01-01,user065@example.com,18710
2026-01-01,user066@example.com,31201
2026-01-01,user067@example.com,55369
2026-01-01,user068@example.com,8063
2026-01-01,user069@example.com,90672
2026-01-01,user070@example.com,6624
2026-01-01,user071@example.com,3735
2026-01-01,user072@example.com,20989
2026-01-01,user073@example.com,90741
2026-01-01,user074@example.com,9184
2026-01-01,user075@example.com,5500
2026-01-01,user076@example.com,6501
2026-01-01,user077@example.com,7659
2026-01-01,user078@example.com,81992
2026-01-01,user079@example.com,31450
2026-01-01,user080@example.com,39245
2026-01-01,user081@example.com,11065
2026-01-01,user082@example.com,39332
2026-01-01,user083@example.com,17079
2026-01-01,user084@example.com,104177
2026-01-01,user085@example.com,12284
2026-01-01,user086@example.com,26008
2026-01-01,user087@example.com,14578
2026-01-01,user088@example.com,19446
2026-01-01,user089@example.com,11598
2026-01-01,user090@example.com,19963
2026-01-01,user091@example.com,76793
2026-01-01,user092@example.com,18876
2026-01-01,user093@example.com,6936
2026-01-01,user094@example.com,21803
2026-01-01,user095@example.com,3691
2026-01-01,user096@example.com,14841
2026-01-01,user097@example.com,32434
2026-01-01,user098@example.com,29204
2026-01-01,user099@example.com,91208
2026-01-01,user100@example.com,67315
2026-01-02,user001@example.com,19518
2026-01-02,user002@example.com,15906
2026-01-02,user003@example.com,6780
2026-01-02,user004@example.com,72371
2026-01-02,user005@example.com,21163
2026-01-02,user006@example.com,14394
2026-01-02,user007@example.com,65740
2026-01-02,user008@example.com,8807
2026-01-02,user009@example.com,25830
2026-01-02,user010@example.com,6366
2026-01-02,user011@example.com,66881
2026-01-02,user012@example.com,9322
2026-01-02,user013@example.com,5529
2026-01-02,user014@example.com,16438
2026-01-02,user015@example.com,14542
2026-01-02,user016@example.com,26221
2026-01-02,user017@example.com,35340
2026-01-02,user018@example.com,16490
2026-01-02,user019@example.com,29676
2026-01-02,user020@example.com,19456
2026-01-02,user021@example.com,14260
2026-01-02,user022@example.com,100922
2026-01-02,user023@example.com,26027
2026-01-02,user024@example.com,18722
2026-01-02,user025@example.com,19270
2026-01-02,user026@example.com,6896
2026-01-02,user027@example.com,47902
2026-01-02,user028@example.com,36878
2026-01-02,user029@example.com,17245
2026-01-02,user030@example.com,35712
2026-01-02,user031@example.com,23269
2026-01-02,user032@example.com,39249
2026-01-02,user033@example.com,89076
2026-01-02,user034@example.com,31376
2026-01-02,user035@example.com,6055
2026-01-02,user036@example.com,8432
2026-01-02,user037@example.com,45786
2026-01-02,user038@example.com,93430
2026-01-02,user039@example.com,7295
2026-01-02,user040@example.com,22174
2026-01-02,user041@example.com,43242
2026-01-02,user042@example.com,30181
2026-01-02,user043@example.com,62761
2026-01-02,user044@example.com,8383
2026-01-02,user045@example.com,38223
2026-01-02,user046@example.com,2948
2026-01-02,user047@example.com,41692
2026-01-02,user048@example.com,14502
2026-01-02,user049@example.com,23679
2026-01-02,user050@example.com,24889
2026-01-02,user051@example.com,5796
2026-01-02,user052@example.com,6557
2026-01-02,user053@example.com,5790
2026-01-02,user054@example.com,10334
2026-01-02,user055@example.com,13167
2026-01-02,user056@example.com,6113
2026-01-02,user057@example.com,97173
2026-01-02,user058@example.com,20302
2026-01-02,user059@example.com,172532
2026-01-02,user060@example.com,21225
2026-01-02,user061@example.com,9565
2026-01-02,user062@example.com,35000
2026-01-02,user063@example.com,5899
2026-01-02,user064@example.com,37641
2026-01-02,user065@example.com,12883
2026-01-02,user066@example.com,18665
2026-01-02,user067@example.com,114123
2026-01-02,user068@example.com,10071
2026-01-02,user069@example.com,53521
2026-01-02,user070@example.com,4410
2026-01-02,user071@example.com,4798
2026-01-02,user072@example.com,26086
2026-01-02,user073@example.com,137984
2026-01-02,user074@example.com,9387
2026-01-02,user075@example.com,3188
2026-01-02,user076@example.com,7814
2026-01-02,user077@example.com,20099
2026-01-02,user078@example.com,106761
2026-01-02,user079@example.com,16411
2026-01-02,user080@example.com,41858
2026-01-02,user081@example.com,8829
2026-01-02,user082@example.com,25594
2026-01-02,user083@example.com,29788
2026-01-02,user084@example.com,106838
2026-01-02,user085@example.com,12290
2026-01-02,user086@example.com,19029
2026-01-02,user087@example.com,3076
2026-01-02,user088@example.com,17818
2026-01-02,user089@example.com,7457
2026-01-02,user090@example.com,10986
2026-01-02,user091@example.com,100348
2026-01-02,user092@example.com,5797
2026-01-02,user093@example.com,6376
2026-01-02,user094@example.com,29239
2026-01-02,user095@example.com,8211
2026-01-02,user096@example.com,11754
2026-01-02,user097@example.com,49264
2026-01-02,user098@example.com,25593
2026-01-02,user099@example.com,57781
2026-01-02,user100@example.com,58294
2026-01-03,user001@example.com,19663
2026-01-03,user002@example.com,7316
2026-01-03,user003@example.com,7194
2026-01-03,user004@example.com,23037
2026-01-03,user005@example.com,16698
2026-01-03,user006@example.com,23123
2026-01-03,user007@example.com,157260
2026-01-03,user008@example.com,4552
2026-01-03,user009@example.com,55621
2026-01-03,user010@example.com,2363
2026-01-03,user011@example.com,50724
2026-01-03,user012@example.com,11090
2026-01-03,user013@example.com,7746
2026-01-03,user014@example.com,21201
2026-01-03,user015@example.com,14920
2026-01-03,user016@example.com,15433
2026-01-03,user017@example.com,25180
2026-01-03,user018@example.com,32408
2026-01-03,user019@example.com,29873
2026-01-03,user020@example.com,12592
2026-01-03,user021@example.com,25128
2026-01-03,user022@example.com,100518
2026-01-03,user023@example.com,31993
2026-01-03,user024@example.com,32863
2026-01-03,user025@example.com,12005
2026-01-03,user026@example.com,4397
2026-01-03,user027@example.com,40201
2026-01-03,user028@example.com,29803
2026-01-03,user029@example.com,26172
2026-01-03,user030@example.com,48767
2026-01-03,user031@example.com,28682
2026-01-03,user032@example.com,25161
2026-01-03,user033@example.com,85026
2026-01-03,user034@example.com,7163
2026-01-03,user035@example.com,4337
2026-01-03,user036@example.com,7856
2026-01-03,user037@example.com,41315
2026-01-03,user038@example.com,93335
2026-01-03,user039@example.com,12143
2026-01-03,user040@example.com,16165
2026-01-03,user041@example.com,67913
2026-01-03,user042@example.com,27764
2026-01-03,user043@example.com,78644
2026-01-03,user044@example.com,7347
2026-01-03,user045@example.com,16602
2026-01-03,user046@example.com,6588
2026-01-03,user047@example.com,23242
2026-01-03,user048@example.com,50068
2026-01-03,user049@example.com,18538
2026-01-03,user050@example.com,10492
2026-01-03,user051@example.com,8022
2026-01-03,user052@example.com,11909
2026-01-03,user053@example.com,8735
2026-01-03,user054@example.com,9580
2026-01-03,user055@example.com,15979
2026-01-03,user056@example.com,3908
2026-01-03,user057@example.com,92695
2026-01-03,user058@example.com,18991
2026-01-03,user059@example.com,108174
2026-01-03,user060@example.com,15243
2026-01-03,user061@example.com,13738
2026-01-03,user062@example.com,27656
2026-01-03,user063@example.com,8112
2026-01-03,user064@example.com,21643
2026-01-03,user065@example.com,12034
2026-01-03,user066@example.com,19973
2026-01-03,user067@example.com,98349
2026-01-03,user068@example.com,5879
2026-01-03,user069@example.com,65208
2026-01-03,user070@example.com,5075
2026-01-03,user071@example.com,3222
2026-01-03,user072@example.com,18911
2026-01-03,user073@example.com,54598
2026-01-03,user074@example.com,7136
2026-01-03,user075@example.com,5217
2026-01-03,user076@example.com,8964
2026-01-03,user077@example.com,12187
2026-01-03,user078@example.com,66386
2026-01-03,user079@example.com,26189
2026-01-03,user080@example.com,32954
2026-01-03,user081@example.com,5314
2026-01-03,user082@example.com,27974
2026-01-03,user083@example.com,26949
2026-01-03,user084@example.com,57564
2026-01-03,user085@example.com,19246
2026-01-03,user086@example.com,31360
2026-01-03,user087@example.com,8689
2026-01-03,user088@example.com,27705
2026-01-03,user089@example.com,9790
2026-01-03,user090@example.com,13944
2026-01-03,user091@example.com,57857
2026-01-03,user092@example.com,9066
2026-01-03,user093@example.com,7265
2026-01-03,user094@example.com,20114
2026-01-03,user095@example.com,4720
2026-01-03,user096@example.com,21832
2026-01-03,user097@example.com,51431
2026-01-03,user098@example.com,33676
2026-01-03,user099@example.com,163377
2026-01-03,user100@example.com,35781
2026-01-04,user001@example.com,14459
2026-01-04,user002@example.com,5591
2026-01-04,user003@example.com,8778
2026-01-04,user004@example.com,11543
2026-01-04,user005@example.com,6948
2026-01-04,user006@example.com,8637
2026-01-04,user007@example.com,24937
2026-01-04,user008@example.com,3392
2026-01-04,user009@example.com,11742
2026-01-04,user010@example.com,2865
2026-01-04,user011@example.com,35026
2026-01-04,user012@example.com,10113
2026-01-04,user013@example.com,5689
2026-01-04,user014@example.com,12516
2026-01-04,user015@example.com,6807
2026-01-04,user016@example.com,12656
2026-01-04,user017@example.com,11327
2026-01-04,user018@example.com,26549
2026-01-04,user019@example.com,23143
2026-01-04,user020@example.com,7912
2026-01-04,user021@example.com,5849
2026-01-04,user022@example.com,84232
2026-01-04,user023@example.com,13436
2026-01-04,user024@example.com,23622
2026-01-04,user025@example.com,5336
2026-01-04,user026@example.com,2519
2026-01-04,user027@example.com,18013
2026-01-04,user028@example.com,14216
2026-01-04,user029@example.com,13084
2026-01-04,user030@example.com,33816
2026-01-04,user031@example.com,7332
2026-01-04,user032@example.com,17107
2026-01-04,user033@example.com,42543
2026-01-04,user034@example.com,5349
2026-01-04,user035@example.com,3488
2026-01-04,user036@example.com,2096
2026-01-04,user037@example.com,10509
2026-01-04,user038@example.com,63790
2026-01-04,user039@example.com,5018
2026-01-04,user040@example.com,7174
2026-01-04,user041@example.com,53484
2026-01-04,user042@example.com,18723
2026-01-04,user043@example.com,61631
2026-01-04,user044@example.com,4574
2026-01-04,user045@example.com,19177
2026-01-04,user046@example.com,5745
2026-01-04,user047@example.com,16480
2026-01-04,user048@example.com,19649
2026-01-04,user049@example.com,19197
2026-01-04,user050@example.com,15051
2026-01-04,user051@example.com,2217
2026-01-04,user052@example.com,6667
2026-01-04,user053@example.com,5907
2026-01-04,user054@example.com,2412
2026-01-04,user055@example.com,6162
2026-01-04,user056@example.com,1522
2026-01-04,user057@example.com,47723
2026-01-04,user058@example.com,17977
2026-01-04,user059@example.com,75581
2026-01-04,user060@example.com,9567
2026-01-04,user061@example.com,18840
2026-01-04,user062@example.com,11092
2026-01-04,user063@example.com,2247
2026-01-04,user064@example.com,15022
2026-01-04,user065@example.com,10664
2026-01-04,user066@example.com,10533
2026-01-04,user067@example.com,25436
2026-01-04,user068@example.com,3952
2026-01-04,user069@example.com,28298
2026-01-04,user070@example.com,3437
2026-01-04,user071@example.com,3532
2026-01-04,user072@example.com,12940
2026-01-04,user073@example.com,34074
2026-01-04,user074@example.com,3084
2026-01-04,user075@example.com,2659
2026-01-04,user076@example.com,4342
2026-01-04,user077@example.com,3713
2026-01-04,user078@example.com,48659
2026-01-04,user079@example.com,12722
2026-01-04,user080@example.com,20602
2026-01-04,user081@example.com,2993
2026-01-04,user082@example.com,12514
2026-01-04,user083@example.com,11520
2026-01-04,user084@example.com,29374
2026-01-04,user085@example.com,18544
2026-01-04,user086@example.com,10787
2026-01-04,user087@example.com,4105
2026-01-04,user088@example.com,15071
2026-01-04,user089@example.com,4294
2026-01-04,user090@example.com,8629
2026-01-04,user091@example.com,38529
2026-01-04,user092@example.com,6836
2026-01-04,user093@example.com,3387
2026-01-04,user094@example.com,12521
2026-01-04,user095@example.com,2470
2026-01-04,user096@example.com,4761
2026-01-04,user097@example.com,10579
2026-01-04,user098@example.com,22564
2026-01-04,user099@example.com,79450
2026-01-04,user100@example.com,24922
2026-01-05,user001@example.com,10704
2026-01-05,user002@example.com,4800
2026-01-05,user003@example.com,9837
2026-01-05,user004@example.com,18607
2026-01-05,user005@example.com,7319
2026-01-05,user006@example.com,6260
2026-01-05,user007@example.com,24539
2026-01-05,user008@example.com,3596
2026-01-05,user009@example.com,9650
2026-01-05,user010@example.com,1357
2026-01-05,user011@example.com,20347
2026-01-05,user012@example.com,2948
2026-01-05,user013@example.com,6044
2026-01-05,user014@example.com,17121
2026-01-05,user015@example.com,7633
2026-01-05,user016@example.com,14685
2026-01-05,user017@example.com,15168
2026-01-05,user018@example.com,8493
2026-01-05,user019@example.com,21431
2026-01-05,user020@example.com,9243
2026-01-05,user021@example.com,6084
2026-01-05,user022@example.com,40282
2026-01-05,user023@example.com,8451
2026-01-05,user024@example.com,7750
2026-01-05,user025@example.com,10585
2026-01-05,user026@example.com,4977
2026-01-05,user027@example.com,9047
2026-01-05,user028@example.com,13983
2026-01-05,user029@example.com,10015
2026-01-05,user030@example.com,18826
2026-01-05,user031@example.com,7109
2026-01-05,user032@example.com,10909
2026-01-05,user033@example.com,34062
2026-01-05,user034@example.com,2742
2026-01-05,user035@example.com,2454
2026-01-05,user036@example.com,2506
2026-01-05,user037@example.com,13578
2026-01-05,user038@example.com,24374
2026-01-05,user039@example.com,2997
2026-01-05,user040@example.com,9971
2026-01-05,user041@example.com,30404
2026-01-05,user042@example.com,10484
2026-01-05,user043@example.com,34673
2026-01-05,user044@example.com,4771
2026-01-05,user045@example.com,4267
2026-01-05,user046@example.com,3085
2026-01-05,user047@example.com,11706
2026-01-05,user048@example.com,14019
2026-01-05,user049@example.com,9626
2026-01-05,user050@example.com,4070
2026-01-05,user051@example.com,1443
2026-01-05,user052@example.com,4377
2026-01-05,user053@example.com,3667
2026-01-05,user054@example.com,2673
2026-01-05,user055@example.com,9571
2026-01-05,user056@example.com,1426
2026-01-05,user057@example.com,42071
2026-01-05,user058@example.com,7514
2026-01-05,user059@example.com,29196
2026-01-05,user060@example.com,7783
2026-01-05,user061@example.com,6472
2026-01-05,user062@example.com,12903
2026-01-05,user063@example.com,4763
2026-01-05,user064@example.com,10276
2026-01-05,user065@example.com,10255
2026-01-05,user066@example.com,5891
2026-01-05,user067@example.com,51830
2026-01-05,user068@example.com,5547
2026-01-05,user069@example.com,15442
2026-01-05,user070@example.com,1689
2026-01-05,user071@example.com,3121
2026-01-05,user072@example.com,13749
2026-01-05,user073@example.com,38134
2026-01-05,user074@example.com,2969
2026-01-05,user075@example.com,2301
2026-01-05,user076@example.com,2415
2026-01-05,user077@example.com,6479
2026-01-05,user078@example.com,36607
2026-01-05,user079@example.com,14152
2026-01-05,user080@example.com,19329
2026-01-05,user081@example.com,2151
2026-01-05,user082@example.com,12687
2026-01-05,user083@example.com,13181
2026-01-05,user084@example.com,31654
2026-01-05,user085@example.com,8472
2026-01-05,user086@example.com,18087
2026-01-05,user087@example.com,5840
2026-01-05,user088@example.com,10243
2026-01-05,user089@example.com,5584
2026-01-05,user090@example.com,6635
2026-01-05,user091@example.com,12502
2026-01-05,user092@example.com,3026
2026-01-05,user093@example.com,1740
2026-01-05,user094@example.com,11119
2026-01-05,user095@example.com,2247
2026-01-05,user096@example.com,15730
2026-01-05,user097@example.com,16552
2026-01-05,user098@example.com,10634
2026-01-05,user099@example.com,49032
2026-01-05,user100@example.com,10297
2026-01-06,user001@example.com,21607
2026-01-06,user002@example.com,12826
2026-01-06,user003@example.com,4540
2026-01-06,user004@example.com,42683
2026-01-06,user005@example.com,19600
2026-01-06,user006@example.com,17206
2026-01-06,user007@example.com,122214
2026-01-06,user008@example.com,16862
2026-01-06,user009@example.com,30483
2026-01-06,user010@example.com,5539
2026-01-06,user011@example.com,49415
2026-01-06,user012@example.com,7274
2026-01-06,user013@example.com,10185
2026-01-06,user014@example.com,21197
2026-01-06,user015@example.com,17852
2026-01-06,user016@example.com,16833
2026-01-06,user017@example.com,39706
2026-01-06,user018@example.com,29350
2026-01-06,user019@example.com,41126
2026-01-06,user020@example.com,14563
2026-01-06,user021@example.com,18104
2026-01-06,user022@example.com,69528
2026-01-06,user023@example.com,22354
2026-01-06,user024@example.com,32640
2026-01-06,user025@example.com,22691
2026-01-06,user026@example.com,4203
2026-01-06,user027@example.com,45522
2026-01-06,user028@example.com,41972
2026-01-06,user029@example.com,33056
2026-01-06,user030@example.com,97944
2026-01-06,user031@example.com,15177
2026-01-06,user032@example.com,21720
2026-01-06,user033@example.com,40871
2026-01-06,user034@example.com,14083
2026-01-06,user035@example.com,6386
2026-01-06,user036@example.com,5691
2026-01-06,user037@example.com,37034
2026-01-06,user038@example.com,51370
2026-01-06,user039@example.com,19636
2026-01-06,user040@example.com,18215
2026-01-06,user041@example.com,60300
2026-01-06,user042@example.com,43288
2026-01-06,user043@example.com,90137
2026-01-06,user044@example.com,9022
2026-01-06,user045@example.com,13202
2026-01-06,user046@example.com,6844
2026-01-06,user047@example.com,64881
2026-01-06,user048@example.com,41823
2026-01-06,user049@example.com,49954
2026-01-06,user050@example.com,14558
2026-01-06,user051@example.com,4104
2026-01-06,user052@example.com,9372
2026-01-06,user053@example.com,7767
2026-01-06,user054@example.com,12235
2026-01-06,user055@example.com,9628
2026-01-06,user056@example.com,9912
2026-01-06,user057@example.com,92666
2026-01-06,user058@example.com,22490
2026-01-06,user059@example.com,58540
2026-01-06,user060@example.com,9755
2026-01-06,user061@example.com,26541
2026-01-06,user062@example.com,34451
2026-01-06,user063@example.com,4850
2026-01-06,user064@example.com,18179
2026-01-06,user065@example.com,15480
2026-01-06,user066@example.com,35686
2026-01-06,user067@example.com,89428
2026-01-06,user068@example.com,4501
2026-01-06,user069@example.com,76549
2026-01-06,user070@example.com,4615
2026-01-06,user071@example.com,2258
2026-01-06,user072@example.com,32945
2026-01-06,user073@example.com,70256
2026-01-06,user074@example.com,10644
2026-01-06,user075@example.com,9699
2026-01-06,user076@example.com,8609
2026-01-06,user077@example.com,8913
2026-01-06,user078@example.com,51712
2026-01-06,user079@example.com,70400
2026-01-06,user080@example.com,51843
2026-01-06,user081@example.com,5831
2026-01-06,user082@example.com,33295
2026-01-06,user083@example.com,27990
2026-01-06,user084@example.com,79315
2026-01-06,user085@example.com,14243
2026-01-06,user086@example.com,16431
2026-01-06,user087@example.com,9681
2026-01-06,user088@example.com,21592
2026-01-06,user089@example.com,6500
2026-01-06,user090@example.com,18070
2026-01-06,user091@example.com,53080
2026-01-06,user092@example.com,16579
2026-01-06,user093@example.com,3011
2026-01-06,user094@example.com,41910
2026-01-06,user095@example.com,7854
2026-01-06,user096@example.com,9630
2026-01-06,user097@example.com,29781
2026-01-06,user098@example.com,22932
2026-01-06,user099@example.com,50974
2026-01-06,user100@example.com,38678
2026-01-07,user001@example.com,13801
2026-01-07,user002@example.com,18501
2026-01-07,user003@example.com,10812
2026-01-07,user004@example.com,45669
2026-01-07,user005@example.com,22931
2026-01-07,user006@example.com,13712
2026-01-07,user007@example.com,83393
2026-01-07,user008@example.com,9248
2026-01-07,user009@example.com,19079
2026-01-07,user010@example.com,6667
2026-01-07,user011@example.com,54586
2026-01-07,user012@example.com,8787
2026-01-07,user013@example.com,9995
2026-01-07,user014@example.com,34187
2026-01-07,user015@example.com,15698
2026-01-07,user016@example.com,30546
2026-01-07,user017@example.com,23531
2026-01-07,user018@example.com,33147
2026-01-07,user019@example.com,36015
2026-01-07,user020@example.com,15984
2026-01-07,user021@example.com,22819
2026-01-07,user022@example.com,64668
2026-01-07,user023@example.com,36922
2026-01-07,user024@example.com,27431
2026-01-07,user025@example.com,14835
2026-01-07,user026@example.com,8572
2026-01-07,user027@example.com,26848
2026-01-07,user028@example.com,16320
2026-01-07,user029@example.com,16971
2026-01-07,user030@example.com,64230
2026-01-07,user031@example.com,13005
2026-01-07,user032@example.com,63491
2026-01-07,user033@example.com,37605
2026-01-07,user034@example.com,15456
2026-01-07,user035@example.com,5594
2026-01-07,user036@example.com,5740
2026-01-07,user037@example.com,28388
2026-01-07,user038@example.com,89616
2026-01-07,user039@example.com,8423
2026-01-07,user040@example.com,26209
2026-01-07,user041@example.com,61799
2026-01-07,user042@example.com,36209
2026-01-07,user043@example.com,68619
2026-01-07,user044@example.com,8366
2026-01-07,user045@example.com,19839
2026-01-07,user046@example.com,3262
2026-01-07,user047@example.com,21431
2026-01-07,user048@example.com,34659
2026-01-07,user049@example.com,31067
2026-01-07,user050@example.com,16702
2026-01-07,user051@example.com,5975
2026-01-07,user052@example.com,11315
2026-01-07,user053@example.com,6451
2026-01-07,user054@example.com,6500
2026-01-07,user055@example.com,19077
2026-01-07,user056@example.com,4216
2026-01-07,user057@example.com,115589
2026-01-07,user058@example.com,14723
2026-01-07,user059@example.com,122367
2026-01-07,user060@example.com,21017
2026-01-07,user061@example.com,22266
2026-01-07,user062@example.com,48455
2026-01-07,user063@example.com,13959
2026-01-07,user064@example.com,41737
2026-01-07,user065@example.com,9351
2026-01-07,user066@example.com,13009
2026-01-07,user067@example.com,80518
2026-01-07,user068@example.com,7864
2026-01-07,user069@example.com,102309
2026-01-07,user070@example.com,4029
2026-01-07,user071@example.com,6338
2026-01-07,user072@example.com,26372
2026-01-07,user073@example.com,62917
2026-01-07,user074@example.com,5216
2026-01-07,user075@example.com,3759
2026-01-07,user076@example.com,3699
2026-01-07,user077@example.com,7120
2026-01-07,user078@example.com,112688
2026-01-07,user079@example.com,20991
2026-01-07,user080@example.com,130544
2026-01-07,user081@example.com,7056
2026-01-07,user082@example.com,36649
2026-01-07,user083@example.com,19786
2026-01-07,user084@example.com,109063
2026-01-07,user085@example.com,14562
2026-01-07,user086@example.com,21246
2026-01-07,user087@example.com,24547
2026-01-07,user088@example.com,25836
2026-01-07,user089@example.com,12762
2026-01-07,user090@example.com,13927
2026-01-07,user091@example.com,58655
2026-01-07,user092@example.com,18621
2026-01-07,user093@example.com,6257
2026-01-07,user094@example.com,55187
2026-01-07,user095@example.com,6656
2026-01-07,user096@example.com,16719
2026-01-07,user097@example.com,42865
2026-01-07,user098@example.com,37555
2026-01-07,user099@example.com,106107
2026-01-07,user100@example.com,29987
2026-01-08,user001@example.com,15685
2026-01-08,user002@example.com,9130
2026-01-08,user003@example.com,7545
2026-01-08,user004@example.com,36138
2026-01-08,user005@example.com,18838
2026-01-08,user006@example.com,12677
2026-01-08,user007@example.com,113751
2026-01-08,user008@example.com,9590
2026-01-08,user009@example.com,35377
2026-01-08,user010@example.com,7537
2026-01-08,user011@example.com,79008
2026-01-08,user012@example.com,11694
2026-01-08,user013@example.com,7557
2026-01-08,user014@example.com,16261
2026-01-08,user015@example.com,20574
2026-01-08,user016@example.com,21756
2026-01-08,user017@example.com,37544
2026-01-08,user018@example.com,16985
2026-01-08,user019@example.com,19921
2026-01-08,user020@example.com,25592
2026-01-08,user021@example.com,19953
2026-01-08,user022@example.com,126400
2026-01-08,user023@example.com,26819
2026-01-08,user024@example.com,29387
2026-01-08,user025@example.com,24584
2026-01-08,user026@example.com,4924
2026-01-08,user027@example.com,35309
2026-01-08,user028@example.com,22587
2026-01-08,user029@example.com,24980
2026-01-08,user030@example.com,46337
2026-01-08,user031@example.com,21867
2026-01-08,user032@example.com,28872
2026-01-08,user033@example.com,120197
2026-01-08,user034@example.com,6202
2026-01-08,user035@example.com,4836
2026-01-08,user036@example.com,5059
2026-01-08,user037@example.com,56653
2026-01-08,user038@example.com,82965
2026-01-08,user039@example.com,12172
2026-01-08,user040@example.com,10524
2026-01-08,user041@example.com,64790
2026-01-08,user042@example.com,46611
2026-01-08,user043@example.com,79711
2026-01-08,user044@example.com,12316
2026-01-08,user045@example.com,14770
2026-01-08,user046@example.com,9664
2026-01-08,user047@example.com,76333
2026-01-08,user048@example.com,23387
2026-01-08,user049@example.com,24884
2026-01-08,user050@example.com,29440
2026-01-08,user051@example.com,10256
2026-01-08,user052@example.com,8292
2026-01-08,user053@example.com,6685
2026-01-08,user054@example.com,7686
2026-01-08,user055@example.com,11058
2026-01-08,user056@example.com,4278
2026-01-08,user057@example.com,70068
2026-01-08,user058@example.com,20295
2026-01-08,user059@example.com,83801
2026-01-08,user060@example.com,19215
2026-01-08,user061@example.com,34809
2026-01-08,user062@example.com,24073
2026-01-08,user063@example.com,10930
2026-01-08,user064@example.com,26984
2026-01-08,user065@example.com,17399
2026-01-08,user066@example.com,25621
2026-01-08,user067@example.com,67220
2026-01-08,user068@example.com,8853
2026-01-08,user069@example.com,89913
2026-01-08,user070@example.com,6134
2026-01-08,user071@example.com,6528
2026-01-08,user072@example.com,80628
2026-01-08,user073@example.com,61956
2026-01-08,user074@example.com,7044
2026-01-08,user075@example.com,4152
2026-01-08,user076@example.com,4858
2026-01-08,user077@example.com,7966
2026-01-08,user078@example.com,117423
2026-01-08,user079@example.com,47815
2026-01-08,user080@example.com,42283
2026-01-08,user081@example.com,4409
2026-01-08,user082@example.com,40264
2026-01-08,user083@example.com,21886
2026-01-08,user084@example.com,105860
2026-01-08,user085@example.com,19005
2026-01-08,user086@example.com,11903
2026-01-08,user087@example.com,17115
2026-01-08,user088@example.com,49786
2026-01-08,user089@example.com,6844
2026-01-08,user090@example.com,15456
2026-01-08,user091@example.com,65218
2026-01-08,user092@example.com,11194
2026-01-08,user093@example.com,9752
2026-01-08,user094@example.com,58774
2026-01-08,user095@example.com,4853
2026-01-08,user096@example.com,15299
2026-01-08,user097@example.com,21067
2026-01-08,user098@example.com,20560
2026-01-08,user099@example.com,83847
2026-01-08,user100@example.com,96762
2026-01-09,user001@example.com,16607
2026-01-09,user002@example.com,10595
2026-01-09,user003@example.com,7576
2026-01-09,user004@example.com,43376
2026-01-09,user005@example.com,42179
2026-01-09,user006@example.com,16531
2026-01-09,user007@example.com,82553
2026-01-09,user008@example.com,10982
2026-01-09,user009@example.com,36328
2026-01-09,user010@example.com,9695
2026-01-09,user011@example.com,71227
2026-01-09,user012@example.com,8639
2026-01-09,user013@example.com,9370
2026-01-09,user014@example.com,42182
2026-01-09,user015@example.com,23213
2026-01-09,user016@example.com,23774
2026-01-09,user017@example.com,48795
2026-01-09,user018@example.com,39339
2026-01-09,user019@example.com,46418
2026-01-09,user020@example.com,21858
2026-01-09,user021@example.com,18775
2026-01-09,user022@example.com,103141
2026-01-09,user023@example.com,39856
2026-01-09,user024@example.com,21498
2026-01-09,user025@example.com,19817
2026-01-09,user026@example.com,5059
2026-01-09,user027@example.com,33932
2026-01-09,user028@example.com,40871
2026-01-09,user029@example.com,30595
2026-01-09,user030@example.com,51635
2026-01-09,user031@example.com,12368
2026-01-09,user032@example.com,43619
2026-01-09,user033@example.com,95521
2026-01-09,user034@example.com,17796
2026-01-09,user035@example.com,4562
2026-01-09,user036@example.com,6268
2026-01-09,user037@example.com,36655
2026-01-09,user038@example.com,132362
2026-01-09,user039@example.com,8072
2026-01-09,user040@example.com,19204
2026-01-09,user041@example.com,71827
2026-01-09,user042@example.com,35859
2026-01-09,user043@example.com,65182
2026-01-09,user044@example.com,8932
2026-01-09,user045@example.com,25363
2026-01-09,user046@example.com,4053
2026-01-09,user047@example.com,35192
2026-01-09,user048@example.com,20449
2026-01-09,user049@example.com,43477
2026-01-09,user050@example.com,10220
2026-01-09,user051@example.com,4775
2026-01-09,user052@example.com,11180
2026-01-09,user053@example.com,13180
2026-01-09,user054@example.com,8155
2026-01-09,user055@example.com,14342
2026-01-09,user056@example.com,11215
2026-01-09,user057@example.com,59025
2026-01-09,user058@example.com,12102
2026-01-09,user059@example.com,97359
2026-01-09,user060@example.com,14611
2026-01-09,user061@example.com,13924
2026-01-09,user062@example.com,43044
2026-01-09,user063@example.com,8298
2026-01-09,user064@example.com,23490
2026-01-09,user065@example.com,11127
2026-01-09,user066@example.com,27015
2026-01-09,user067@example.com,123016
2026-01-09,user068@example.com,7360
2026-01-09,user069@example.com,159290
2026-01-09,user070@example.com,3492
2026-01-09,user071@example.com,3404
2026-01-09,user072@example.com,26366
2026-01-09,user073@example.com,74999
2026-01-09,user074@example.com,9087
2026-01-09,user075@example.com,4668
2026-01-09,user076@example.com,6567
2026-01-09,user077@example.com,6321
2026-01-09,user078@example.com,126312
2026-01-09,user079@example.com,27805
2026-01-09,user080@example.com,75115
2026-01-09,user081@example.com,6545
2026-01-09,user082@example.com,39416
2026-01-09,user083@example.com,31893
2026-01-09,user084@example.com,97621
2026-01-09,user085@example.com,21812
2026-01-09,user086@example.com,31698
2026-01-09,user087@example.com,10496
2026-01-09,user088@example.com,33486
2026-01-09,user089@example.com,8088
2026-01-09,user090@example.com,28834
2026-01-09,user091@example.com,45822
2026-01-09,user092@example.com,18402
2026-01-09,user093@example.com,7514
2026-01-09,user094@example.com,17343
2026-01-09,user095@example.com,5313
2026-01-09,user096@example.com,15684
2026-01-09,user097@example.com,45084
2026-01-09,user098@example.com,20792
2026-01-09,user099@example.com,71395
2026-01-09,user100@example.com,26222
2026-01-10,user001@example.com,16036
2026-01-10,user002@example.com,3958
2026-01-10,user003@example.com,4132
2026-01-10,user004@example.com,35243
2026-01-10,user005@example.com,21644
2026-01-10,user006@example.com,21805
2026-01-10,user007@example.com,65921
2026-01-10,user008@example.com,7073
2026-01-10,user009@example.com,26974
2026-01-10,user010@example.com,3196
2026-01-10,user011@example.com,92745
2026-01-10,user012@example.com,12571
2026-01-10,user013@example.com,6656
2026-01-10,user014@example.com,27263
2026-01-10,user015@example.com,17683
2026-01-10,user016@example.com,9193
2026-01-10,user017@example.com,29077
2026-01-10,user018@example.com,19423
2026-01-10,user019@example.com,19022
2026-01-10,user020@example.com,14899
2026-01-10,user021@example.com,35248
2026-01-10,user022@example.com,115724
2026-01-10,user023@example.com,20191
2026-01-10,user024@example.com,33000
2026-01-10,user025@example.com,26828
2026-01-10,user026@example.com,7573
2026-01-10,user027@example.com,32373
2026-01-10,user028@example.com,19662
2026-01-10,user029@example.com,34484
2026-01-10,user030@example.com,55028
2026-01-10,user031@example.com,25701
2026-01-10,user032@example.com,39598
2026-01-10,user033@example.com,103849
2026-01-10,user034@example.com,6531
2026-01-10,user035@example.com,7603
2026-01-10,user036@example.com,5872
2026-01-10,user037@example.com,65550
2026-01-10,user038@example.com,56508
2026-01-10,user039@example.com,14463
2026-01-10,user040@example.com,17619
2026-01-10,user041@example.com,43626
2026-01-10,user042@example.com,26765
2026-01-10,user043@example.com,64294
2026-01-10,user044@example.com,9137
2026-01-10,user045@example.com,19740
2026-01-10,user046@example.com,4483
2026-01-10,user047@example.com,31436
2026-01-10,user048@example.com,52193
2026-01-10,user049@example.com,49440
2026-01-10,user050@example.com,19152
2026-01-10,user051@example.com,5552
2026-01-10,user052@example.com,9644
2026-01-10,user053@example.com,8914
2026-01-10,user054@example.com,5506
2026-01-10,user055@example.com,15023
2026-01-10,user056@example.com,3055
2026-01-10,user057@example.com,106340
2026-01-10,user058@example.com,30928
2026-01-10,user059@example.com,66516
2026-01-10,user060@example.com,28518
2026-01-10,user061@example.com,12234
2026-01-10,user062@example.com,18990
2026-01-10,user063@example.com,7779
2026-01-10,user064@example.com,38962
2026-01-10,user065@example.com,29637
2026-01-10,user066@example.com,16000
2026-01-10,user067@example.com,134889
2026-01-10,user068@example.com,7096
2026-01-10,user069@example.com,74155
2026-01-10,user070@example.com,6532
2026-01-10,user071@example.com,6884
2026-01-10,user072@example.com,18260
2026-01-10,user073@example.com,120589
2026-01-10,user074@example.com,12769
2026-01-10,user075@example.com,3852
2026-01-10,user076@example.com,6294
2026-01-10,user077@example.com,10993
2026-01-10,user078@example.com,78792
2026-01-10,user079@example.com,22276
2026-01-10,user080@example.com,37903
2026-01-10,user081@example.com,5430
2026-01-10,user082@example.com,47794
2026-01-10,user083@example.com,29827
2026-01-10,user084@example.com,69190
2026-01-10,user085@example.com,21537
2026-01-10,user086@example.com,6932
2026-01-10,user087@example.com,13824
2026-01-10,user088@example.com,13413
2026-01-10,user089@example.com,6939
2026-01-10,user090@example.com,11108
2026-01-10,user091@example.com,34832
2026-01-10,user092@example.com,13882
2026-01-10,user093@example.com,6106
2026-01-10,user094@example.com,30489
2026-01-10,user095@example.com,4716
2026-01-10,user096@example.com,22202
2026-01-10,user097@example.com,32568
2026-01-10,user098@example.com,15739
2026-01-10,user099@example.com,111637
2026-01-10,user100@example.com,40339
2026-01-11,user001@example.com,6329
2026-01-11,user002@example.com,4625
2026-01-11,user003@example.com,7065
2026-01-11,user004@example.com,21126
2026-01-11,user005@example.com,8453
2026-01-11,user006@example.com,9658
2026-01-11,user007@example.com,48000
2026-01-11,user008@example.com,8643
2026-01-11,user009@example.com,17932
2026-01-11,user010@example.com,3238
2026-01-11,user011@example.com,45656
2026-01-11,user012@example.com,5840
2026-01-11,user013@example.com,3815
2026-01-11,user014@example.com,14646
2026-01-11,user015@example.com,9314
2026-01-11,user016@example.com,10773
2026-01-11,user017@example.com,23760
2026-01-11,user018@example.com,14588
2026-01-11,user019@example.com,20275
2026-01-11,user020@example.com,9283
2026-01-11,user021@example.com,11218
2026-01-11,user022@example.com,26693
2026-01-11,user023@example.com,19741
2026-01-11,user024@example.com,17711
2026-01-11,user025@example.com,13542
2026-01-11,user026@example.com,1154
2026-01-11,user027@example.com,38254
2026-01-11,user028@example.com,13642
2026-01-11,user029@example.com,23123
2026-01-11,user030@example.com,19357
2026-01-11,user031@example.com,13525
2026-01-11,user032@example.com,12739
2026-01-11,user033@example.com,33587
2026-01-11,user034@example.com,8941
2026-01-11,user035@example.com,2605
2026-01-11,user036@example.com,3435
2026-01-11,user037@example.com,24974
2026-01-11,user038@example.com,49696
2026-01-11,user039@example.com,4823
2026-01-11,user040@example.com,10851
2026-01-11,user041@example.com,73827
2026-01-11,user042@example.com,18049
2026-01-11,user043@example.com,44828
2026-01-11,user044@example.com,6608
2026-01-11,user045@example.com,14062
2026-01-11,user046@example.com,4823
2026-01-11,user047@example.com,23032
2026-01-11,user048@example.com,9601
2026-01-11,user049@example.com,27790
2026-01-11,user050@example.com,6394
2026-01-11,user051@example.com,3538
2026-01-11,user052@example.com,4125
2026-01-11,user053@example.com,4085
2026-01-11,user054@example.com,5133
2026-01-11,user055@example.com,10686
2026-01-11,user056@example.com,3688
2026-01-11,user057@example.com,94497
2026-01-11,user058@example.com,16789
2026-01-11,user059@example.com,42012
2026-01-11,user060@example.com,13381
2026-01-11,user061@example.com,16549
2026-01-11,user062@example.com,11984
2026-01-11,user063@example.com,5149
2026-01-11,user064@example.com,20054
2026-01-11,user065@example.com,8605
2026-01-11,user066@example.com,17664
2026-01-11,user067@example.com,50971
2026-01-11,user068@example.com,4365
2026-01-11,user069@example.com,43071
2026-01-11,user070@example.com,2801
2026-01-11,user071@example.com,2169
2026-01-11,user072@example.com,11126
2026-01-11,user073@example.com,73005
2026-01-11,user074@example.com,3401
2026-01-11,user075@example.com,1969
2026-01-11,user076@example.com,1498
2026-01-11,user077@example.com,4294
2026-01-11,user078@example.com,26295
2026-01-11,user079@example.com,27873
2026-01-11,user080@example.com,39664
2026-01-11,user081@example.com,2502
2026-01-11,user082@example.com,40516
2026-01-11,user083@example.com,20198
2026-01-11,user084@example.com,40843
2026-01-11,user085@example.com,3982
2026-01-11,user086@example.com,24334
2026-01-11,user087@example.com,3303
2026-01-11,user088@example.com,8054
2026-01-11,user089@example.com,6544
2026-01-11,user090@example.com,22431
2026-01-11,user091@example.com,51677
2026-01-11,user092@example.com,6543
2026-01-11,user093@example.com,5144
2026-01-11,user094@example.com,21150
2026-01-11,user095@example.com,3632
2026-01-11,user096@example.com,12043
2026-01-11,user097@example.com,19101
2026-01-11,user098@example.com,14014
2026-01-11,user099@example.com,35148
2026-01-11,user100@example.com,25247
2026-01-12,user001@example.com,5449
2026-01-12,user002@example.com,4686
2026-01-12,user003@example.com,2669
2026-01-12,user004@example.com,9629
2026-01-12,user005@example.com,9184
2026-01-12,user006@example.com,16043
2026-01-12,user007@example.com,66900
2026-01-12,user008@example.com,2176
2026-01-12,user009@example.com,10020
2026-01-12,user010@example.com,3496
2026-01-12,user011@example.com,20382
2026-01-12,user012@example.com,4484
2026-01-12,user013@example.com,4573
2026-01-12,user014@example.com,10094
2026-01-12,user015@example.com,8948
2026-01-12,user016@example.com,6179
2026-01-12,user017@example.com,13475
2026-01-12,user018@example.com,14468
2026-01-12,user019@example.com,8112
2026-01-12,user020@example.com,10062
2026-01-12,user021@example.com,9788
2026-01-12,user022@example.com,58860
2026-01-12,user023@example.com,13991
2026-01-12,user024@example.com,22839
2026-01-12,user025@example.com,9010
2026-01-12,user026@example.com,2474
2026-01-12,user027@example.com,17359
2026-01-12,user028@example.com,15645
2026-01-12,user029@example.com,14413
2026-01-12,user030@example.com,25514
2026-01-12,user031@example.com,7708
2026-01-12,user032@example.com,13188
2026-01-12,user033@example.com,23093
2026-01-12,user034@example.com,7623
2026-01-12,user035@example.com,1628
2026-01-12,user036@example.com,2255
2026-01-12,user037@example.com,12934
2026-01-12,user038@example.com,51609
2026-01-12,user039@example.com,3727
2026-01-12,user040@example.com,13346
2026-01-12,user041@example.com,22710
2026-01-12,user042@example.com,18337
2026-01-12,user043@example.com,28166
2026-01-12,user044@example.com,8755
2026-01-12,user045@example.com,5690
2026-01-12,user046@example.com,3203
2026-01-12,user047@example.com,20764
2026-01-12,user048@example.com,14952
2026-01-12,user049@example.com,13278
2026-01-12,user050@example.com,8241
2026-01-12,user051@example.com,2919
2026-01-12,user052@example.com,4607
2026-01-12,user053@example.com,5286
2026-01-12,user054@example.com,8957
2026-01-12,user055@example.com,7095
2026-01-12,user056@example.com,1780
2026-01-12,user057@example.com,47034
2026-01-12,user058@example.com,31911
2026-01-12,user059@example.com,31192
2026-01-12,user060@example.com,15306
2026-01-12,user061@example.com,17730
2026-01-12,user062@example.com,13703
2026-01-12,user063@example.com,4604
2026-01-12,user064@example.com,25051
2026-01-12,user065@example.com,7552
2026-01-12,user066@example.com,9179
2026-01-12,user067@example.com,39574
2026-01-12,user068@example.com,2645
2026-01-12,user069@example.com,32923
2026-01-12,user070@example.com,1639
2026-01-12,user071@example.com,2908
2026-01-12,user072@example.com,12703
2026-01-12,user073@example.com,40948
2026-01-12,user074@example.com,2396
2026-01-12,user075@example.com,2824
2026-01-12,user076@example.com,3848
2026-01-12,user077@example.com,2414
2026-01-12,user078@example.com,43008
2026-01-12,user079@example.com,21772
2026-01-12,user080@example.com,16470
2026-01-12,user081@example.com,5162
2026-01-12,user082@example.com,19259
2026-01-12,user083@example.com,10107
2026-01-12,user084@example.com,40526
2026-01-12,user085@example.com,10485
2026-01-12,user086@example.com,10121
2026-01-12,user087@example.com,5858
2026-01-12,user088@example.com,9373
2026-01-12,user089@example.com,4384
2026-01-12,user090@example.com,5258
2026-01-12,user091@example.com,27650
2026-01-12,user092@example.com,3534
2026-01-12,user093@example.com,2916
2026-01-12,user094@example.com,21836
2026-01-12,user095@example.com,3684
2026-01-12,user096@example.com,12198
2026-01-12,user097@example.com,11347
2026-01-12,user098@example.com,11579
2026-01-12,user099@example.com,63183
2026-01-12,user100@example.com,26432
2026-01-13,user001@example.com,54150
2026-01-13,user002@example.com,13581
2026-01-13,user003@example.com,9845
2026-01-13,user004@example.com,31023
2026-01-13,user005@example.com,22047
2026-01-13,user006@example.com,22796
2026-01-13,user007@example.com,151643
2026-01-13,user008@example.com,12867
2026-01-13,user009@example.com,26253
2026-01-13,user010@example.com,3851
2026-01-13,user011@example.com,36883
2026-01-13,user012@example.com,14137
2026-01-13,user013@example.com,6256
2026-01-13,user014@example.com,16271
2026-01-13,user015@example.com,24106
2026-01-13,user016@example.com,57543
2026-01-13,user017@example.com,40492
2026-01-13,user018@example.com,42327
2026-01-13,user019@example.com,35570
2026-01-13,user020@example.com,20325
2026-01-13,user021@example.com,33171
2026-01-13,user022@example.com,106920
2026-01-13,user023@example.com,34658
2026-01-13,user024@example.com,38686
2026-01-13,user025@example.com,16653
2026-01-13,user026@example.com,9925
2026-01-13,user027@example.com,38167
2026-01-13,user028@example.com,24226
2026-01-13,user029@example.com,41708
2026-01-13,user030@example.com,44810
2026-01-13,user031@example.com,24285
2026-01-13,user032@example.com,40449
2026-01-13,user033@example.com,134618
2026-01-13,user034@example.com,11903
2026-01-13,user035@example.com,6083
2026-01-13,user036@example.com,9337
2026-01-13,user037@example.com,66010
2026-01-13,user038@example.com,111900
2026-01-13,user039@example.com,10118
2026-01-13,user040@example.com,13294
2026-01-13,user041@example.com,48310
2026-01-13,user042@example.com,36468
2026-01-13,user043@example.com,74369
2026-01-13,user044@example.com,9443
2026-01-13,user045@example.com,21462
2026-01-13,user046@example.com,8442
2026-01-13,user047@example.com,39589
2026-01-13,user048@example.com,37420
2026-01-13,user049@example.com,35355
2026-01-13,user050@example.com,10539
2026-01-13,user051@example.com,5048
2026-01-13,user052@example.com,11253
2026-01-13,user053@example.com,6028
2026-01-13,user054@example.com,12437
2026-01-13,user055@example.com,35953
2026-01-13,user056@example.com,10744
2026-01-13,user057@example.com,109835
2026-01-13,user058@example.com,53179
2026-01-13,user059@example.com,106206
2026-01-13,user060@example.com,18698
2026-01-13,user061@example.com,19401
2026-01-13,user062@example.com,36503
2026-01-13,user063@example.com,8035
2026-01-13,user064@example.com,36690
2026-01-13,user065@example.com,22256
2026-01-13,user066@example.com,24071
2026-01-13,user067@example.com,137912
2026-01-13,user068@example.com,13964
2026-01-13,user069@example.com,140568
2026-01-13,user070@example.com,3649
2026-01-13,user071@example.com,2869
2026-01-13,user072@example.com,56275
2026-01-13,user073@example.com,57052
2026-01-13,user074@example.com,9319
2026-01-13,user075@example.com,4074
2026-01-13,user076@example.com,3732
2026-01-13,user077@example.com,14305
2026-01-13,user078@example.com,120071
2026-01-13,user079@example.com,28250
2026-01-13,user080@example.com,24779
2026-01-13,user081@example.com,5792
2026-01-13,user082@example.com,46543
2026-01-13,user083@example.com,18809
2026-01-13,user084@example.com,107503
2026-01-13,user085@example.com,20928
2026-01-13,user086@example.com,29451
2026-01-13,user087@example.com,12341
2026-01-13,user088@example.com,22450
2026-01-13,user089@example.com,15325
2026-01-13,user090@example.com,19905
2026-01-13,user091@example.com,69469
2026-01-13,user092@example.com,8538
2026-01-13,user093@example.com,7881
2026-01-13,user094@example.com,25361
2026-01-13,user095@example.com,5776
2026-01-13,user096@example.com,43776
2026-01-13,user097@example.com,25105
2026-01-13,user098@example.com,17942
2026-01-13,user099@example.com,168722
2026-01-13,user100@example.com,57034
2026-01-14,user001@example.com,20619
2026-01-14,user002@example.com,18458
2026-01-14,user003@example.com,8069
2026-01-14,user004@example.com,70982
2026-01-14,user005@example.com,28908
2026-01-14,user006@example.com,21969
2026-01-14,user007@example.com,272913
2026-01-14,user008@example.com,8069
2026-01-14,user009@example.com,48572
2026-01-14,user010@example.com,7384
2026-01-14,user011@example.com,119877
2026-01-14,user012@example.com,22155
2026-01-14,user013@example.com,10088
2026-01-14,user014@example.com,28778
2026-01-14,user015@example.com,26785
2026-01-14,user016@example.com,20557
2026-01-14,user017@example.com,88974
2026-01-14,user018@example.com,35878
2026-01-14,user019@example.com,32965
2026-01-14,user020@example.com,24325
2026-01-14,user021@example.com,16263
2026-01-14,user022@example.com,91288
2026-01-14,user023@example.com,52064
2026-01-14,user024@example.com,29767
2026-01-14,user025@example.com,15807
2026-01-14,user026@example.com,9171
2026-01-14,user027@example.com,66596
2026-01-14,user028@example.com,43990
2026-01-14,user029@example.com,53087
2026-01-14,user030@example.com,51031
2026-01-14,user031@example.com,15843
2026-01-14,user032@example.com,74376
2026-01-14,user033@example.com,89108
2026-01-14,user034@example.com,10007
2026-01-14,user035@example.com,10586
2026-01-14,user036@example.com,9234
2026-01-14,user037@example.com,51584
2026-01-14,user038@example.com,212839
2026-01-14,user039@example.com,8722
2026-01-14,user040@example.com,31551
2026-01-14,user041@example.com,77540
2026-01-14,user042@example.com,48312
2026-01-14,user043@example.com,170331
2026-01-14,user044@example.com,13052
2026-01-14,user045@example.com,27530
2026-01-14,user046@example.com,11064
2026-01-14,user047@example.com,38703
2026-01-14,user048@example.com,25499
2026-01-14,user049@example.com,25988
2026-01-14,user050@example.com,11457
2026-01-14,user051@example.com,15609
2026-01-14,user052@example.com,8718
2026-01-14,user053@example.com,9233
2026-01-14,user054@example.com,9917
2026-01-14,user055@example.com,25393
2026-01-14,user056@example.com,10113
2026-01-14,user057@example.com,173341
2026-01-14,user058@example.com,27889
2026-01-14,user059@example.com,103055
2026-01-14,user060@example.com,25173
2026-01-14,user061@example.com,23888
2026-01-14,user062@example.com,77187
2026-01-14,user063@example.com,11846
2026-01-14,user064@example.com,48449
2026-01-14,user065@example.com,28757
2026-01-14,user066@example.com,39296
2026-01-14,user067@example.com,136655
2026-01-14,user068@example.com,6336
2026-01-14,user069@example.com,125669
2026-01-14,user070@example.com,5294
2026-01-14,user071@example.com,6316
2026-01-14,user072@example.com,53994
2026-01-14,user073@example.com,153882
2026-01-14,user074@example.com,11008
2026-01-14,user075@example.com,7410
2026-01-14,user076@example.com,13791
2026-01-14,user077@example.com,13953
2026-01-14,user078@example.com,247986
2026-01-14,user079@example.com,45661
2026-01-14,user080@example.com,35912
2026-01-14,user081@example.com,9894
2026-01-14,user082@example.com,50251
2026-01-14,user083@example.com,53718
2026-01-14,user084@example.com,138291
2026-01-14,user085@example.com,21724
2026-01-14,user086@example.com,16978
2026-01-14,user087@example.com,11921
2026-01-14,user088@example.com,25397
2026-01-14,user089@example.com,8916
2026-01-14,user090@example.com,28019
2026-01-14,user091@example.com,136363
2026-01-14,user092@example.com,14725
2026-01-14,user093@example.com,6564
2026-01-14,user094@example.com,43768
2026-01-14,user095@example.com,10110
2026-01-14,user096@example.com,21051
2026-01-14,user097@example.com,41961
2026-01-14,user098@example.com,34381
2026-01-14,user099@example.com,83017
2026-01-14,user100@example.com,83447
2026-01-15,user001@example.com,19858
2026-01-15,user002@example.com,11809
2026-01-15,user003@example.com,5812
2026-01-15,user004@example.com,25552
2026-01-15,user005@example.com,23341
2026-01-15,user006@example.com,18183
2026-01-15,user007@example.com,186622
2026-01-15,user008@example.com,6895
2026-01-15,user009@example.com,32217
2026-01-15,user010@example.com,7328
2026-01-15,user011@example.com,36780
2026-01-15,user012@example.com,5505
2026-01-15,user013@example.com,4648
2026-01-15,user014@example.com,46329
2026-01-15,user015@example.com,14943
2026-01-15,user016@example.com,50719
2026-01-15,user017@example.com,28695
2026-01-15,user018@example.com,29006
2026-01-15,user019@example.com,51090
2026-01-15,user020@example.com,36582
2026-01-15,user021@example.com,42626
2026-01-15,user022@example.com,155645
2026-01-15,user023@example.com,38912
2026-01-15,user024@example.com,36643
2026-01-15,user025@example.com,23804
2026-01-15,user026@example.com,4981
2026-01-15,user027@example.com,26253
2026-01-15,user028@example.com,27159
2026-01-15,user029@example.com,28058
2026-01-15,user030@example.com,45116
2026-01-15,user031@example.com,26434
2026-01-15,user032@example.com,48840
2026-01-15,user033@example.com,81799
2026-01-15,user034@example.com,14567
2026-01-15,user035@example.com,3545
2026-01-15,user036@example.com,5646
2026-01-15,user037@example.com,27202
2026-01-15,user038@example.com,41265
2026-01-15,user039@example.com,8437
2026-01-15,user040@example.com,17370
2026-01-15,user041@example.com,102627
2026-01-15,user042@example.com,43597
2026-01-15,user043@example.com,55415
2026-01-15,user044@example.com,16620
2026-01-15,user045@example.com,27793
2026-01-15,user046@example.com,7408
2026-01-15,user047@example.com,32295
2026-01-15,user048@example.com,19436
2026-01-15,user049@example.com,26143
2026-01-15,user050@example.com,26536
2026-01-15,user051@example.com,11686
2026-01-15,user052@example.com,17498
2026-01-15,user053@example.com,6683
2026-01-15,user054@example.com,5869
2026-01-15,user055@example.com,19043
2026-01-15,user056@example.com,3253
2026-01-15,user057@example.com,114178
2026-01-15,user058@example.com,25822
2026-01-15,user059@example.com,73787
2026-01-15,user060@example.com,10373
2026-01-15,user061@example.com,24797
2026-01-15,user062@example.com,29013
2026-01-15,user063@example.com,5265
2026-01-15,user064@example.com,10897
2026-01-15,user065@example.com,17953
2026-01-15,user066@example.com,38521
2026-01-15,user067@example.com,182379
2026-01-15,user068@example.com,6757
2026-01-15,user069@example.com,70352
2026-01-15,user070@example.com,6230
2026-01-15,user071@example.com,4260
2026-01-15,user072@example.com,38855
2026-01-15,user073@example.com,103696
2026-01-15,user074@example.com,13344
2026-01-15,user075@example.com,5105
2026-01-15,user076@example.com,5626
2026-01-15,user077@example.com,7499
2026-01-15,user078@example.com,59378
2026-01-15,user079@example.com,27510
2026-01-15,user080@example.com,60126
2026-01-15,user081@example.com,8318
2026-01-15,user082@example.com,26393
2026-01-15,user083@example.com,45847
2026-01-15,user084@example.com,78997
2026-01-15,user085@example.com,17991
2026-01-15,user086@example.com,15950
2026-01-15,user087@example.com,4364
2026-01-15,user088@example.com,37051
2026-01-15,user089@example.com,11241
2026-01-15,user090@example.com,16427
2026-01-15,user091@example.com,61858
2026-01-15,user092@example.com,12214
2026-01-15,user093@example.com,4590
2026-01-15,user094@example.com,24747
2026-01-15,user095@example.com,6981
2026-01-15,user096@example.com,13356
2026-01-15,user097@example.com,38742
2026-01-15,user098@example.com,16912
2026-01-15,user099@example.com,102263
2026-01-15,user100@example.com,52216
2026-01-16,user001@example.com,11581
2026-01-16,user002@example.com,15081
2026-01-16,user003@example.com,6033
2026-01-16,user004@example.com,22064
2026-01-16,user005@example.com,19131
2026-01-16,user006@example.com,30469
2026-01-16,user007@example.com,70305
2026-01-16,user008@example.com,7972
2026-01-16,user009@example.com,34044
2026-01-16,user010@example.com,6630
2026-01-16,user011@example.com,63236
2026-01-16,user012@example.com,8822
2026-01-16,user013@example.com,5840
2026-01-16,user014@example.com,30196
2026-01-16,user015@example.com,12253
2026-01-16,user016@example.com,7331
2026-01-16,user017@example.com,40074
2026-01-16,user018@example.com,36708
2026-01-16,user019@example.com,12813
2026-01-16,user020@example.com,12525
2026-01-16,user021@example.com,25314
2026-01-16,user022@example.com,206129
2026-01-16,user023@example.com,26947
2026-01-16,user024@example.com,22709
2026-01-16,user025@example.com,16728
2026-01-16,user026@example.com,9618
2026-01-16,user027@example.com,27435
2026-01-16,user028@example.com,20224
2026-01-16,user029@example.com,24745
2026-01-16,user030@example.com,37260
2026-01-16,user031@example.com,21276
2026-01-16,user032@example.com,60738
2026-01-16,user033@example.com,87369
2026-01-16,user034@example.com,7822
2026-01-16,user035@example.com,4697
2026-01-16,user036@example.com,3440
2026-01-16,user037@example.com,46854
2026-01-16,user038@example.com,75931
2026-01-16,user039@example.com,8022
2026-01-16,user040@example.com,54530
2026-01-16,user041@example.com,66003
2026-01-16,user042@example.com,26437
2026-01-16,user043@example.com,67211
2026-01-16,user044@example.com,12773
2026-01-16,user045@example.com,18555
2026-01-16,user046@example.com,3594
2026-01-16,user047@example.com,47449
2026-01-16,user048@example.com,21174
2026-01-16,user049@example.com,56443
2026-01-16,user050@example.com,26027
2026-01-16,user051@example.com,5083
2026-01-16,user052@example.com,15708
2026-01-16,user053@example.com,7991
2026-01-16,user054@example.com,11518
2026-01-16,user055@example.com,21133
2026-01-16,user056@example.com,4420
2026-01-16,user057@example.com,80089
2026-01-16,user058@example.com,38363
2026-01-16,user059@example.com,76009
2026-01-16,user060@example.com,15484
2026-01-16,user061@example.com,14590
2026-01-16,user062@example.com,39893
2026-01-16,user063@example.com,16060
2026-01-16,user064@example.com,20165
2026-01-16,user065@example.com,17986
2026-01-16,user066@example.com,33412
2026-01-16,user067@example.com,97563
2026-01-16,user068@example.com,9141
2026-01-16,user069@example.com,58921
2026-01-16,user070@example.com,6043
2026-01-16,user071@example.com,5567
2026-01-16,user072@example.com,48567
2026-01-16,user073@example.com,118232
2026-01-16,user074@example.com,21153
2026-01-16,user075@example.com,6372
2026-01-16,user076@example.com,6663
2026-01-16,user077@example.com,10738
2026-01-16,user078@example.com,68954
2026-01-16,user079@example.com,32985
2026-01-16,user080@example.com,46909
2026-01-16,user081@example.com,6307
2026-01-16,user082@example.com,54549
2026-01-16,user083@example.com,18809
2026-01-16,user084@example.com,127357
2026-01-16,user085@example.com,28280
2026-01-16,user086@example.com,19557
2026-01-16,user087@example.com,4773
2026-01-16,user088@example.com,21625
2026-01-16,user089@example.com,13455
2026-01-16,user090@example.com,17692
2026-01-16,user091@example.com,41903
2026-01-16,user092@example.com,8408
2026-01-16,user093@example.com,10472
2026-01-16,user094@example.com,35479
2026-01-16,user095@example.com,4783
2026-01-16,user096@example.com,17926
2026-01-16,user097@example.com,29987
2026-01-16,user098@example.com,19371
2026-01-16,user099@example.com,150417
2026-01-16,user100@example.com,46468
2026-01-17,user001@example.com,29452
2026-01-17,user002@example.com,16125
2026-01-17,user003@example.com,10443
2026-01-17,user004@example.com,23774
2026-01-17,user005@example.com,19385
2026-01-17,user006@example.com,19074
2026-01-17,user007@example.com,69005
2026-01-17,user008@example.com,8249
2026-01-17,user009@example.com,18301
2026-01-17,user010@example.com,7438
2026-01-17,user011@example.com,47683
2026-01-17,user012@example.com,10157
2026-01-17,user013@example.com,8132
2026-01-17,user014@example.com,25255
2026-01-17,user015@example.com,20668
2026-01-17,user016@example.com,16290
2026-01-17,user017@example.com,44034
2026-01-17,user018@example.com,15761
2026-01-17,user019@example.com,28901
2026-01-17,user020@example.com,33178
2026-01-17,user021@example.com,13553
2026-01-17,user022@example.com,74682
2026-01-17,user023@example.com,30222
2026-01-17,user024@example.com,29445
2026-01-17,user025@example.com,19029
2026-01-17,user026@example.com,6658
2026-01-17,user027@example.com,40535
2026-01-17,user028@example.com,37229
2026-01-17,user029@example.com,31917
2026-01-17,user030@example.com,45117
2026-01-17,user031@example.com,24341
2026-01-17,user032@example.com,63116
2026-01-17,user033@example.com,70297
2026-01-17,user034@example.com,5733
2026-01-17,user035@example.com,7232
2026-01-17,user036@example.com,5378
2026-01-17,user037@example.com,15174
2026-01-17,user038@example.com,99063
2026-01-17,user039@example.com,6686
2026-01-17,user040@example.com,16306
2026-01-17,user041@example.com,63016
2026-01-17,user042@example.com,34699
2026-01-17,user043@example.com,94393
2026-01-17,user044@example.com,6924
2026-01-17,user045@example.com,20141
2026-01-17,user046@example.com,5123
2026-01-17,user047@example.com,42039
2026-01-17,user048@example.com,31315
2026-01-17,user049@example.com,19932
2026-01-17,user050@example.com,24613
2026-01-17,user051@example.com,4650
2026-01-17,user052@example.com,12562
2026-01-17,user053@example.com,8373
2026-01-17,user054@example.com,15347
2026-01-17,user055@example.com,15564
2026-01-17,user056@example.com,4965
2026-01-17,user057@example.com,94036
2026-01-17,user058@example.com,22705
2026-01-17,user059@example.com,106709
2026-01-17,user060@example.com,9559
2026-01-17,user061@example.com,13302
2026-01-17,user062@example.com,22337
2026-01-17,user063@example.com,10269
2026-01-17,user064@example.com,50319
2026-01-17,user065@example.com,16227
2026-01-17,user066@example.com,18131
2026-01-17,user067@example.com,97026
2026-01-17,user068@example.com,11058
2026-01-17,user069@example.com,58296
2026-01-17,user070@example.com,5336
2026-01-17,user071@example.com,7892
2026-01-17,user072@example.com,38683
2026-01-17,user073@example.com,78689
2026-01-17,user074@example.com,11449
2026-01-17,user075@example.com,1905
2026-01-17,user076@example.com,7112
2026-01-17,user077@example.com,7530
2026-01-17,user078@example.com,38800
2026-01-17,user079@example.com,33068
2026-01-17,user080@example.com,79398
2026-01-17,user081@example.com,5346
2026-01-17,user082@example.com,45310
2026-01-17,user083@example.com,44389
2026-01-17,user084@example.com,127785
2026-01-17,user085@example.com,29880
2026-01-17,user086@example.com,24941
2026-01-17,user087@example.com,9721
2026-01-17,user088@example.com,14410
2026-01-17,user089@example.com,7399
2026-01-17,user090@example.com,12529
2026-01-17,user091@example.com,119946
2026-01-17,user092@example.com,8901
2026-01-17,user093@example.com,7687
2026-01-17,user094@example.com,33538
2026-01-17,user095@example.com,4984
2026-01-17,user096@example.com,34814
2026-01-17,user097@example.com,26103
2026-01-17,user098@example.com,27026
2026-01-17,user099@example.com,62193
2026-01-17,user100@example.com,30928
2026-01-18,user001@example.com,9020
2026-01-18,user002@example.com,5428
2026-01-18,user003@example.com,3680
2026-01-18,user004@example.com,12604
2026-01-18,user005@example.com,5975
2026-01-18,user006@example.com,10852
2026-01-18,user007@example.com,32479
2026-01-18,user008@example.com,5580
2026-01-18,user009@example.com,16532
2026-01-18,user010@example.com,1711
2026-01-18,user011@example.com,29247
2026-01-18,user012@example.com,4226
2026-01-18,user013@example.com,4782
2026-01-18,user014@example.com,25677
2026-01-18,user015@example.com,5071
2026-01-18,user016@example.com,11632
2026-01-18,user017@example.com,17828
2026-01-18,user018@example.com,18549
2026-01-18,user019@example.com,17306
2026-01-18,user020@example.com,7514
2026-01-18,user021@example.com,9993
2026-01-18,user022@example.com,41622
2026-01-18,user023@example.com,21372
2026-01-18,user024@example.com,16182
2026-01-18,user025@example.com,19019
2026-01-18,user026@example.com,3190
2026-01-18,user027@example.com,14715
2026-01-18,user028@example.com,8633
2026-01-18,user029@example.com,8545
2026-01-18,user030@example.com,16378
2026-01-18,user031@example.com,12268
2026-01-18,user032@example.com,22529
2026-01-18,user033@example.com,24594
2026-01-18,user034@example.com,6408
2026-01-18,user035@example.com,2408
2026-01-18,user036@example.com,3431
2026-01-18,user037@example.com,33151
2026-01-18,user038@example.com,58545
2026-01-18,user039@example.com,4264
2026-01-18,user040@example.com,7156
2026-01-18,user041@example.com,15346
2026-01-18,user042@example.com,14659
2026-01-18,user043@example.com,39727
2026-01-18,user044@example.com,3316
2026-01-18,user045@example.com,9337
2026-01-18,user046@example.com,3348
2026-01-18,user047@example.com,17427
2026-01-18,user048@example.com,11682
2026-01-18,user049@example.com,17039
2026-01-18,user050@example.com,11412
2026-01-18,user051@example.com,2225
2026-01-18,user052@example.com,9011
2026-01-18,user053@example.com,4132
2026-01-18,user054@example.com,4715
2026-01-18,user055@example.com,12527
2026-01-18,user056@example.com,3535
2026-01-18,user057@example.com,76771
2026-01-18,user058@example.com,16216
2026-01-18,user059@example.com,37808
2026-01-18,user060@example.com,11095
2026-01-18,user061@example.com,7487
2026-01-18,user062@example.com,19585
2026-01-18,user063@example.com,4227
2026-01-18,user064@example.com,14933
2026-01-18,user065@example.com,9346
2026-01-18,user066@example.com,5783
2026-01-18,user067@example.com,45385
2026-01-18,user068@example.com,4418
2026-01-18,user069@example.com,49542
2026-01-18,user070@example.com,1990
2026-01-18,user071@example.com,5074
2026-01-18,user072@example.com,13924
2026-01-18,user073@example.com,60054
2026-01-18,user074@example.com,5440
2026-01-18,user075@example.com,2274
2026-01-18,user076@example.com,6067
2026-01-18,user077@example.com,3621
2026-01-18,user078@example.com,59005
2026-01-18,user079@example.com,22797
2026-01-18,user080@example.com,22550
2026-01-18,user081@example.com,5306
2026-01-18,user082@example.com,17276
2026-01-18,user083@example.com,16225
2026-01-18,user084@example.com,51315
2026-01-18,user085@example.com,9326
2026-01-18,user086@example.com,14839
2026-01-18,user087@example.com,7259
2026-01-18,user088@example.com,7952
2026-01-18,user089@example.com,7395
2026-01-18,user090@example.com,5463
2026-01-18,user091@example.com,46776
2026-01-18,user092@example.com,8157
2026-01-18,user093@example.com,2919
2026-01-18,user094@example.com,13910
2026-01-18,user095@example.com,1935
2026-01-18,user096@example.com,10363
2026-01-18,user097@example.com,16928
2026-01-18,user098@example.com,19266
2026-01-18,user099@example.com,74106
2026-01-18,user100@example.com,46476
2026-01-19,user001@example.com,7533
2026-01-19,user002@example.com,4195
2026-01-19,user003@example.com,1947
2026-01-19,user004@example.com,9944
2026-01-19,user005@example.com,11250
2026-01-19,user006@example.com,16146
2026-01-19,user007@example.com,29308
2026-01-19,user008@example.com,2853
2026-01-19,user009@example.com,13064
2026-01-19,user010@example.com,2581
2026-01-19,user011@example.com,20150
2026-01-19,user012@example.com,5236
2026-01-19,user013@example.com,2974
2026-01-19,user014@example.com,13117
2026-01-19,user015@example.com,9716
2026-01-19,user016@example.com,9192
2026-01-19,user017@example.com,13286
2026-01-19,user018@example.com,11584
2026-01-19,user019@example.com,12783
2026-01-19,user020@example.com,7050
2026-01-19,user021@example.com,8377
2026-01-19,user022@example.com,78997
2026-01-19,user023@example.com,14650
2026-01-19,user024@example.com,11890
2026-01-19,user025@example.com,10242
2026-01-19,user026@example.com,2380
2026-01-19,user027@example.com,23337
2026-01-19,user028@example.com,13700
2026-01-19,user029@example.com,12698
2026-01-19,user030@example.com,27380
2026-01-19,user031@example.com,5292
2026-01-19,user032@example.com,10433
2026-01-19,user033@example.com,23120
2026-01-19,user034@example.com,4043
2026-01-19,user035@example.com,4292
2026-01-19,user036@example.com,5841
2026-01-19,user037@example.com,19351
2026-01-19,user038@example.com,41840
2026-01-19,user039@example.com,2048
2026-01-19,user040@example.com,6636
2026-01-19,user041@example.com,20305
2026-01-19,user042@example.com,12455
2026-01-19,user043@example.com,33105
2026-01-19,user044@example.com,3259
2026-01-19,user045@example.com,4015
2026-01-19,user046@example.com,3475
2026-01-19,user047@example.com,10633
2026-01-19,user048@example.com,13089
2026-01-19,user049@example.com,27249
2026-01-19,user050@example.com,5817
2026-01-19,user051@example.com,1103
2026-01-19,user052@example.com,4084
2026-01-19,user053@example.com,5161
2026-01-19,user054@example.com,7632
2026-01-19,user055@example.com,5219
2026-01-19,user056@example.com,3183
2026-01-19,user057@example.com,38360
2026-01-19,user058@example.com,11600
2026-01-19,user059@example.com,97033
2026-01-19,user060@example.com,4741
2026-01-19,user061@example.com,10023
2026-01-19,user062@example.com,18230
2026-01-19,user063@example.com,5134
2026-01-19,user064@example.com,13645
2026-01-19,user065@example.com,8939
2026-01-19,user066@example.com,7997
2026-01-19,user067@example.com,49604
2026-01-19,user068@example.com,3113
2026-01-19,user069@example.com,47802
2026-01-19,user070@example.com,2056
2026-01-19,user071@example.com,3052
2026-01-19,user072@example.com,15320
2026-01-19,user073@example.com,52075
2026-01-19,user074@example.com,3777
2026-01-19,user075@example.com,1258
2026-01-19,user076@example.com,4160
2026-01-19,user077@example.com,3287
2026-01-19,user078@example.com,27931
2026-01-19,user079@example.com,10704
2026-01-19,user080@example.com,37870
2026-01-19,user081@example.com,1266
2026-01-19,user082@example.com,46416
2026-01-19,user083@example.com,17421
2026-01-19,user084@example.com,41581
2026-01-19,user085@example.com,7872
2026-01-19,user086@example.com,10136
2026-01-19,user087@example.com,5417
2026-01-19,user088@example.com,15089
2026-01-19,user089@example.com,4670
2026-01-19,user090@example.com,8281
2026-01-19,user091@example.com,24967
2026-01-19,user092@example.com,4282
2026-01-19,user093@example.com,3279
2026-01-19,user094@example.com,19607
2026-01-19,user095@example.com,2881
2026-01-19,user096@example.com,3277
2026-01-19,user097@example.com,19472
2026-01-19,user098@example.com,12887
2026-01-19,user099@example.com,38206
2026-01-19,user100@example.com,20432
2026-01-20,user001@example.com,30914
2026-01-20,user002@example.com,14303
2026-01-20,user003@example.com,6092
2026-01-20,user004@example.com,34577
2026-01-20,user005@example.com,12989
2026-01-20,user006@example.com,12869
2026-01-20,user007@example.com,82445
2026-01-20,user008@example.com,10798
2026-01-20,user009@example.com,41858
2026-01-20,user010@example.com,6371
2026-01-20,user011@example.com,78416
2026-01-20,user012@example.com,12300
2026-01-20,user013@example.com,6379
2026-01-20,user014@example.com,34878
2026-01-20,user015@example.com,24152
2026-01-20,user016@example.com,27161
2026-01-20,user017@example.com,53365
2026-01-20,user018@example.com,35081
2026-01-20,user019@example.com,33910
2026-01-20,user020@example.com,26544
2026-01-20,user021@example.com,20666
2026-01-20,user022@example.com,75401
2026-01-20,user023@example.com,25859
2026-01-20,user024@example.com,23103
2026-01-20,user025@example.com,14410
2026-01-20,user026@example.com,5783
2026-01-20,user027@example.com,26674
2026-01-20,user028@example.com,24579
2026-01-20,user029@example.com,15454
2026-01-20,user030@example.com,57361
2026-01-20,user031@example.com,20867
2026-01-20,user032@example.com,26444
2026-01-20,user033@example.com,100575
2026-01-20,user034@example.com,12142
2026-01-20,user035@example.com,3033
2026-01-20,user036@example.com,4658
2026-01-20,user037@example.com,26891
2026-01-20,user038@example.com,57466
2026-01-20,user039@example.com,11691
2026-01-20,user040@example.com,17054
2026-01-20,user041@example.com,55460
2026-01-20,user042@example.com,17455
2026-01-20,user043@example.com,99740
2026-01-20,user044@example.com,5667
2026-01-20,user045@example.com,18639
2026-01-20,user046@example.com,6703
2026-01-20,user047@example.com,56672
2026-01-20,user048@example.com,17316
2026-01-20,user049@example.com,10421
2026-01-20,user050@example.com,19465
2026-01-20,user051@example.com,11425
2026-01-20,user052@example.com,15839
2026-01-20,user053@example.com,8593
2026-01-20,user054@example.com,7363
2026-01-20,user055@example.com,24208
2026-01-20,user056@example.com,4327
2026-01-20,user057@example.com,121293
2026-01-20,user058@example.com,32676
2026-01-20,user059@example.com,126750
2026-01-20,user060@example.com,47950
2026-01-20,user061@example.com,23929
2026-01-20,user062@example.com,29455
2026-01-20,user063@example.com,7914
2026-01-20,user064@example.com,16143
2026-01-20,user065@example.com,14311
2026-01-20,user066@example.com,18075
2026-01-20,user067@example.com,85461
2026-01-20,user068@example.com,8421
2026-01-20,user069@example.com,65582
2026-01-20,user070@example.com,7880
2026-01-20,user071@example.com,6084
2026-01-20,user072@example.com,35085
2026-01-20,user073@example.com,71195
2026-01-20,user074@example.com,9234
2026-01-20,user075@example.com,7104
2026-01-20,user076@example.com,4491
2026-01-20,user077@example.com,8154
2026-01-20,user078@example.com,71799
2026-01-20,user079@example.com,18720
2026-01-20,user080@example.com,39963
2026-01-20,user081@example.com,5149
2026-01-20,user082@example.com,47802
2026-01-20,user083@example.com,30012
2026-01-20,user084@example.com,93588
2026-01-20,user085@example.com,24583
2026-01-20,user086@example.com,19880
2026-01-20,user087@example.com,11769
2026-01-20,user088@example.com,26406
2026-01-20,user089@example.com,9597
2026-01-20,user090@example.com,14885
2026-01-20,user091@example.com,25910
2026-01-20,user092@example.com,9795
2026-01-20,user093@example.com,13138
2026-01-20,user094@example.com,41466
2026-01-20,user095@example.com,7463
2026-01-20,user096@example.com,32150
2026-01-20,user097@example.com,36310
2026-01-20,user098@example.com,29334
2026-01-20,user099@example.com,70455
2026-01-20,user100@example.com,47659
2026-01-21,user001@example.com,26470
2026-01-21,user002@example.com,16006
2026-01-21,user003@example.com,7779
2026-01-21,user004@example.com,26202
2026-01-21,user005@example.com,18675
2026-01-21,user006@example.com,26336
2026-01-21,user007@example.com,63360
2026-01-21,user008@example.com,3657
2026-01-21,user009@example.com,25298
2026-01-21,user010@example.com,3551
2026-01-21,user011@example.com,52096
2026-01-21,user012@example.com,9972
2026-01-21,user013@example.com,6969
2026-01-21,user014@example.com,50997
2026-01-21,user015@example.com,20933
2026-01-21,user016@example.com,23703
2026-01-21,user017@example.com,44769
2026-01-21,user018@example.com,18799
2026-01-21,user019@example.com,44128
2026-01-21,user020@example.com,18183
2026-01-21,user021@example.com,26982
2026-01-21,user022@example.com,72170
2026-01-21,user023@example.com,16257
2026-01-21,user024@example.com,40841
2026-01-21,user025@example.com,21300
2026-01-21,user026@example.com,4539
2026-01-21,user027@example.com,26559
2026-01-21,user028@example.com,41526
2026-01-21,user029@example.com,20228
2026-01-21,user030@example.com,96771
2026-01-21,user031@example.com,15568
2026-01-21,user032@example.com,45023
2026-01-21,user033@example.com,72811
2026-01-21,user034@example.com,11049
2026-01-21,user035@example.com,4501
2026-01-21,user036@example.com,5879
2026-01-21,user037@example.com,36527
2026-01-21,user038@example.com,57519
2026-01-21,user039@example.com,11595
2026-01-21,user040@example.com,15602
2026-01-21,user041@example.com,57450
2026-01-21,user042@example.com,25425
2026-01-21,user043@example.com,33317
2026-01-21,user044@example.com,8367
2026-01-21,user045@example.com,43440
2026-01-21,user046@example.com,8190
2026-01-21,user047@example.com,35766
2026-01-21,user048@example.com,25544
2026-01-21,user049@example.com,30916
2026-01-21,user050@example.com,22611
2026-01-21,user051@example.com,4116
2026-01-21,user052@example.com,15512
2026-01-21,user053@example.com,10492
2026-01-21,user054@example.com,11502
2026-01-21,user055@example.com,21767
2026-01-21,user056@example.com,6266
2026-01-21,user057@example.com,132913
2026-01-21,user058@example.com,34453
2026-01-21,user059@example.com,79038
2026-01-21,user060@example.com,15275
2026-01-21,user061@example.com,22112
2026-01-21,user062@example.com,61924
2026-01-21,user063@example.com,5293
2026-01-21,user064@example.com,18352
2026-01-21,user065@example.com,19779
2026-01-21,user066@example.com,21722
2026-01-21,user067@example.com,111594
2026-01-21,user068@example.com,8897
2026-01-21,user069@example.com,82743
2026-01-21,user070@example.com,9173
2026-01-21,user071@example.com,3554
2026-01-21,user072@example.com,26944
2026-01-21,user073@example.com,78786
2026-01-21,user074@example.com,5034
2026-01-21,user075@example.com,5121
2026-01-21,user076@example.com,11132
2026-01-21,user077@example.com,10579
2026-01-21,user078@example.com,88555
2026-01-21,user079@example.com,19733
2026-01-21,user080@example.com,43890
2026-01-21,user081@example.com,5457
2026-01-21,user082@example.com,32218
2026-01-21,user083@example.com,43860
2026-01-21,user084@example.com,108748
2026-01-21,user085@example.com,12653
2026-01-21,user086@example.com,23261
2026-01-21,user087@example.com,12502
2026-01-21,user088@example.com,41741
2026-01-21,user089@example.com,15555
2026-01-21,user090@example.com,13089
2026-01-21,user091@example.com,46859
2026-01-21,user092@example.com,6762
2026-01-21,user093@example.com,7525
2026-01-21,user094@example.com,36112
2026-01-21,user095@example.com,7693
2026-01-21,user096@example.com,20778
2026-01-21,user097@example.com,32195
2026-01-21,user098@example.com,29534
2026-01-21,user099@example.com,66790
2026-01-21,user100@example.com,113154
2026-01-22,user001@example.com,12079
2026-01-22,user002@example.com,11132
2026-01-22,user003@example.com,16480
2026-01-22,user004@example.com,30550
2026-01-22,user005@example.com,17358
2026-01-22,user006@example.com,18708
2026-01-22,user007@example.com,97971
2026-01-22,user008@example.com,13124
2026-01-22,user009@example.com,14054
2026-01-22,user010@example.com,9254
2026-01-22,user011@example.com,37569
2026-01-22,user012@example.com,9506
2026-01-22,user013@example.com,6984
2026-01-22,user014@example.com,37450
2026-01-22,user015@example.com,10604
2026-01-22,user016@example.com,24925
2026-01-22,user017@example.com,72665
2026-01-22,user018@example.com,17270
2026-01-22,user019@example.com,32571
2026-01-22,user020@example.com,14715
2026-01-22,user021@example.com,24610
2026-01-22,user022@example.com,105057
2026-01-22,user023@example.com,22233
2026-01-22,user024@example.com,36153
2026-01-22,user025@example.com,34886
2026-01-22,user026@example.com,5783
2026-01-22,user027@example.com,46030
2026-01-22,user028@example.com,17697
2026-01-22,user029@example.com,21808
2026-01-22,user030@example.com,63840
2026-01-22,user031@example.com,35642
2026-01-22,user032@example.com,40522
2026-01-22,user033@example.com,72742
2026-01-22,user034@example.com,8886
2026-01-22,user035@example.com,3492
2026-01-22,user036@example.com,7641
2026-01-22,user037@example.com,48724
2026-01-22,user038@example.com,69288
2026-01-22,user039@example.com,7541
2026-01-22,user040@example.com,20361
2026-01-22,user041@example.com,53076
2026-01-22,user042@example.com,34960
2026-01-22,user043@example.com,169254
2026-01-22,user044@example.com,8153
2026-01-22,user045@example.com,16366
2026-01-22,user046@example.com,4929
2026-01-22,user047@example.com,46424
2026-01-22,user048@example.com,26117
2026-01-22,user049@example.com,24282
2026-01-22,user050@example.com,29460
2026-01-22,user051@example.com,10164
2026-01-22,user052@example.com,8457
2026-01-22,user053@example.com,4223
2026-01-22,user054@example.com,12648
2026-01-22,user055@example.com,14599
2026-01-22,user056@example.com,8155
2026-01-22,user057@example.com,52366
2026-01-22,user058@example.com,38032
2026-01-22,user059@example.com,58181
2026-01-22,user060@example.com,23959
2026-01-22,user061@example.com,21308
2026-01-22,user062@example.com,25622
2026-01-22,user063@example.com,7038
2026-01-22,user064@example.com,38754
2026-01-22,user065@example.com,19252
2026-01-22,user066@example.com,26014
2026-01-22,user067@example.com,208423
2026-01-22,user068@example.com,4694
2026-01-22,user069@example.com,156568
2026-01-22,user070@example.com,5612
2026-01-22,user071@example.com,4514
2026-01-22,user072@example.com,22461
2026-01-22,user073@example.com,75967
2026-01-22,user074@example.com,12273
2026-01-22,user075@example.com,5174
2026-01-22,user076@example.com,10494
2026-01-22,user077@example.com,6280
2026-01-22,user078@example.com,80823
2026-01-22,user079@example.com,19661
2026-01-22,user080@example.com,61455
2026-01-22,user081@example.com,8434
2026-01-22,user082@example.com,30879
2026-01-22,user083@example.com,11185
2026-01-22,user084@example.com,95307
2026-01-22,user085@example.com,21616
2026-01-22,user086@example.com,24425
2026-01-22,user087@example.com,16083
2026-01-22,user088@example.com,19128
2026-01-22,user089@example.com,11278
2026-01-22,user090@example.com,28162
2026-01-22,user091@example.com,33183
2026-01-22,user092@example.com,11670
2026-01-22,user093@example.com,6804
2026-01-22,user094@example.com,29621
2026-01-22,user095@example.com,6110
2026-01-22,user096@example.com,17877
2026-01-22,user097@example.com,28242
2026-01-22,user098@example.com,28163
2026-01-22,user099@example.com,60759
2026-01-22,user100@example.com,37002
2026-01-23,user001@example.com,26458
2026-01-23,user002@example.com,6868
2026-01-23,user003@example.com,10082
2026-01-23,user004@example.com,35255
2026-01-23,user005@example.com,9976
2026-01-23,user006@example.com,16454
2026-01-23,user007@example.com,155929
2026-01-23,user008@example.com,5663
2026-01-23,user009@example.com,25486
2026-01-23,user010@example.com,6257
2026-01-23,user011@example.com,80030
2026-01-23,user012@example.com,9400
2026-01-23,user013@example.com,6478
2026-01-23,user014@example.com,49328
2026-01-23,user015@example.com,33544
2026-01-23,user016@example.com,29381
2026-01-23,user017@example.com,36267
2026-01-23,user018@example.com,20630
2026-01-23,user019@example.com,22422
2026-01-23,user020@example.com,21914
2026-01-23,user021@example.com,24148
2026-01-23,user022@example.com,167675
2026-01-23,user023@example.com,34376
2026-01-23,user024@example.com,17718
2026-01-23,user025@example.com,26374
2026-01-23,user026@example.com,4290
2026-01-23,user027@example.com,30772
2026-01-23,user028@example.com,29882
2026-01-23,user029@example.com,60290
2026-01-23,user030@example.com,158090
2026-01-23,user031@example.com,25794
2026-01-23,user032@example.com,33012
2026-01-23,user033@example.com,96277
2026-01-23,user034@example.com,11932
2026-01-23,user035@example.com,4757
2026-01-23,user036@example.com,11404
2026-01-23,user037@example.com,38151
2026-01-23,user038@example.com,95046
2026-01-23,user039@example.com,11040
2026-01-23,user040@example.com,21153
2026-01-23,user041@example.com,81601
2026-01-23,user042@example.com,28360
2026-01-23,user043@example.com,65676
2026-01-23,user044@example.com,5950
2026-01-23,user045@example.com,21285
2026-01-23,user046@example.com,7991
2026-01-23,user047@example.com,41315
2026-01-23,user048@example.com,49194
2026-01-23,user049@example.com,29925
2026-01-23,user050@example.com,23064
2026-01-23,user051@example.com,4152
2026-01-23,user052@example.com,8965
2026-01-23,user053@example.com,10185
2026-01-23,user054@example.com,11771
2026-01-23,user055@example.com,16466
2026-01-23,user056@example.com,5933
2026-01-23,user057@example.com,60353
2026-01-23,user058@example.com,24161
2026-01-23,user059@example.com,119433
2026-01-23,user060@example.com,22321
2026-01-23,user061@example.com,24854
2026-01-23,user062@example.com,35817
2026-01-23,user063@example.com,8005
2026-01-23,user064@example.com,23797
2026-01-23,user065@example.com,23308
2026-01-23,user066@example.com,24171
2026-01-23,user067@example.com,121958
2026-01-23,user068@example.com,6642
2026-01-23,user069@example.com,41158
2026-01-23,user070@example.com,7814
2026-01-23,user071@example.com,5144
2026-01-23,user072@example.com,26024
2026-01-23,user073@example.com,101786
2026-01-23,user074@example.com,7624
2026-01-23,user075@example.com,7714
2026-01-23,user076@example.com,7550
2026-01-23,user077@example.com,13041
2026-01-23,user078@example.com,49504
2026-01-23,user079@example.com,45827
2026-01-23,user080@example.com,58330
2026-01-23,user081@example.com,5345
2026-01-23,user082@example.com,37011
2026-01-23,user083@example.com,14702
2026-01-23,user084@example.com,100902
2026-01-23,user085@example.com,12730
2026-01-23,user086@example.com,12991
2026-01-23,user087@example.com,6025
2026-01-23,user088@example.com,40412
2026-01-23,user089@example.com,7016
2026-01-23,user090@example.com,31220
2026-01-23,user091@example.com,50435
2026-01-23,user092@example.com,5647
2026-01-23,user093@example.com,5402
2026-01-23,user094@example.com,46210
2026-01-23,user095@example.com,5040
2026-01-23,user096@example.com,17216
2026-01-23,user097@example.com,37227
2026-01-23,user098@example.com,32633
2026-01-23,user099@example.com,129310
2026-01-23,user100@example.com,88381
2026-01-24,user001@example.com,17355
2026-01-24,user002@example.com,6091
2026-01-24,user003@example.com,6520
2026-01-24,user004@example.com,30993
2026-01-24,user005@example.com,12292
2026-01-24,user006@example.com,14080
2026-01-24,user007@example.com,109268
2026-01-24,user008@example.com,7408
2026-01-24,user009@example.com,28621
2026-01-24,user010@example.com,3852
2026-01-24,user011@example.com,52962
2026-01-24,user012@example.com,7011
2026-01-24,user013@example.com,10289
2026-01-24,user014@example.com,40651
2026-01-24,user015@example.com,9026
2026-01-24,user016@example.com,14216
2026-01-24,user017@example.com,19672
2026-01-24,user018@example.com,20578
2026-01-24,user019@example.com,27481
2026-01-24,user020@example.com,10369
2026-01-24,user021@example.com,14255
2026-01-24,user022@example.com,68175
2026-01-24,user023@example.com,27778
2026-01-24,user024@example.com,28990
2026-01-24,user025@example.com,13377
2026-01-24,user026@example.com,6108
2026-01-24,user027@example.com,27431
2026-01-24,user028@example.com,23491
2026-01-24,user029@example.com,50825
2026-01-24,user030@example.com,80308
2026-01-24,user031@example.com,12490
2026-01-24,user032@example.com,44408
2026-01-24,user033@example.com,100099
2026-01-24,user034@example.com,5520
2026-01-24,user035@example.com,6690
2026-01-24,user036@example.com,9834
2026-01-24,user037@example.com,22424
2026-01-24,user038@example.com,54654
2026-01-24,user039@example.com,11783
2026-01-24,user040@example.com,18939
2026-01-24,user041@example.com,69633
2026-01-24,user042@example.com,37421
2026-01-24,user043@example.com,86393
2026-01-24,user044@example.com,5187
2026-01-24,user045@example.com,24849
2026-01-24,user046@example.com,8644
2026-01-24,user047@example.com,30654
2026-01-24,user048@example.com,25444
2026-01-24,user049@example.com,16556
2026-01-24,user050@example.com,20619
2026-01-24,user051@example.com,7013
2026-01-24,user052@example.com,9479
2026-01-24,user053@example.com,11167
2026-01-24,user054@example.com,7341
2026-01-24,user055@example.com,20985
2026-01-24,user056@example.com,4017
2026-01-24,user057@example.com,96085
2026-01-24,user058@example.com,24306
2026-01-24,user059@example.com,89300
2026-01-24,user060@example.com,15133
2026-01-24,user061@example.com,18798
2026-01-24,user062@example.com,44352
2026-01-24,user063@example.com,6466
2026-01-24,user064@example.com,16125
2026-01-24,user065@example.com,31772
2026-01-24,user066@example.com,31922
2026-01-24,user067@example.com,61632
2026-01-24,user068@example.com,9593
2026-01-24,user069@example.com,69207
2026-01-24,user070@example.com,5508
2026-01-24,user071@example.com,6364
2026-01-24,user072@example.com,30599
2026-01-24,user073@example.com,57273
2026-01-24,user074@example.com,6480
2026-01-24,user075@example.com,3645
2026-01-24,user076@example.com,4291
2026-01-24,user077@example.com,9462
2026-01-24,user078@example.com,58654
2026-01-24,user079@example.com,35923
2026-01-24,user080@example.com,84541
2026-01-24,user081@example.com,4685
2026-01-24,user082@example.com,36119
2026-01-24,user083@example.com,30772
2026-01-24,user084@example.com,97353
2026-01-24,user085@example.com,17687
2026-01-24,user086@example.com,25526
2026-01-24,user087@example.com,11470
2026-01-24,user088@example.com,16752
2026-01-24,user089@example.com,11186
2026-01-24,user090@example.com,23495
2026-01-24,user091@example.com,43951
2026-01-24,user092@example.com,9817
2026-01-24,user093@example.com,9571
2026-01-24,user094@example.com,26295
2026-01-24,user095@example.com,7312
2026-01-24,user096@example.com,45021
2026-01-24,user097@example.com,25228
2026-01-24,user098@example.com,15932
2026-01-24,user099@example.com,91786
2026-01-24,user100@example.com,64667
2026-01-25,user001@example.com,10545
2026-01-25,user002@example.com,9358
2026-01-25,user003@example.com,2739
2026-01-25,user004@example.com,20945
2026-01-25,user005@example.com,8092
2026-01-25,user006@example.com,20869
2026-01-25,user007@example.com,113019
2026-01-25,user008@example.com,3346
2026-01-25,user009@example.com,13558
2026-01-25,user010@example.com,3942
2026-01-25,user011@example.com,29121
2026-01-25,user012@example.com,5539
2026-01-25,user013@example.com,4416
2026-01-25,user014@example.com,8394
2026-01-25,user015@example.com,9955
2026-01-25,user016@example.com,8979
2026-01-25,user017@example.com,16234
2026-01-25,user018@example.com,24870
2026-01-25,user019@example.com,10586
2026-01-25,user020@example.com,13297
2026-01-25,user021@example.com,10369
2026-01-25,user022@example.com,51022
2026-01-25,user023@example.com,19787
2026-01-25,user024@example.com,18511
2026-01-25,user025@example.com,12215
2026-01-25,user026@example.com,4680
2026-01-25,user027@example.com,17179
2026-01-25,user028@example.com,12111
2026-01-25,user029@example.com,11241
2026-01-25,user030@example.com,21856
2026-01-25,user031@example.com,32094
2026-01-25,user032@example.com,29825
2026-01-25,user033@example.com,27275
2026-01-25,user034@example.com,3017
2026-01-25,user035@example.com,3454
2026-01-25,user036@example.com,4038
2026-01-25,user037@example.com,23379
2026-01-25,user038@example.com,40030
2026-01-25,user039@example.com,4587
2026-01-25,user040@example.com,11220
2026-01-25,user041@example.com,34364
2026-01-25,user042@example.com,8872
2026-01-25,user043@example.com,40384
2026-01-25,user044@example.com,3558
2026-01-25,user045@example.com,10637
2026-01-25,user046@example.com,9479
2026-01-25,user047@example.com,21941
2026-01-25,user048@example.com,13444
2026-01-25,user049@example.com,22692
2026-01-25,user050@example.com,11844
2026-01-25,user051@example.com,3862
2026-01-25,user052@example.com,6958
2026-01-25,user053@example.com,8988
2026-01-25,user054@example.com,3227
2026-01-25,user055@example.com,11807
2026-01-25,user056@example.com,2410
2026-01-25,user057@example.com,68348
2026-01-25,user058@example.com,10879
2026-01-25,user059@example.com,41420
2026-01-25,user060@example.com,9022
2026-01-25,user061@example.com,16087
2026-01-25,user062@example.com,26607
2026-01-25,user063@example.com,2829
2026-01-25,user064@example.com,16753
2026-01-25,user065@example.com,7804
2026-01-25,user066@example.com,7359
2026-01-25,user067@example.com,52154
2026-01-25,user068@example.com,3929
2026-01-25,user069@example.com,112077
2026-01-25,user070@example.com,3395
2026-01-25,user071@example.com,2058
2026-01-25,user072@example.com,15831
2026-01-25,user073@example.com,62574
2026-01-25,user074@example.com,9956
2026-01-25,user075@example.com,1674
2026-01-25,user076@example.com,1726
2026-01-25,user077@example.com,10831
2026-01-25,user078@example.com,50160
2026-01-25,user079@example.com,12127
2026-01-25,user080@example.com,35181
2026-01-25,user081@example.com,1324
2026-01-25,user082@example.com,19315
2026-01-25,user083@example.com,16829
2026-01-25,user084@example.com,66243
2026-01-25,user085@example.com,7015
2026-01-25,user086@example.com,11780
2026-01-25,user087@example.com,4070
2026-01-25,user088@example.com,16409
2026-01-25,user089@example.com,3504
2026-01-25,user090@example.com,8672
2026-01-25,user091@example.com,23533
2026-01-25,user092@example.com,7068
2026-01-25,user093@example.com,5910
2026-01-25,user094@example.com,15138
2026-01-25,user095@example.com,2957
2026-01-25,user096@example.com,6884
2026-01-25,user097@example.com,17371
2026-01-25,user098@example.com,14743
2026-01-25,user099@example.com,119955
2026-01-25,user100@example.com,19770
2026-01-26,user001@example.com,17233
2026-01-26,user002@example.com,7202
2026-01-26,user003@example.com,4359
2026-01-26,user004@example.com,27461
2026-01-26,user005@example.com,10289
2026-01-26,user006@example.com,11829
2026-01-26,user007@example.com,49872
2026-01-26,user008@example.com,6064
2026-01-26,user009@example.com,21780
2026-01-26,user010@example.com,2116
2026-01-26,user011@example.com,18974
2026-01-26,user012@example.com,4732
2026-01-26,user013@example.com,2986
2026-01-26,user014@example.com,14512
2026-01-26,user015@example.com,13927
2026-01-26,user016@example.com,8795
2026-01-26,user017@example.com,17161
2026-01-26,user018@example.com,13826
2026-01-26,user019@example.com,19969
2026-01-26,user020@example.com,4114
2026-01-26,user021@example.com,8347
2026-01-26,user022@example.com,54707
2026-01-26,user023@example.com,20622
2026-01-26,user024@example.com,12492
2026-01-26,user025@example.com,4683
2026-01-26,user026@example.com,3739
2026-01-26,user027@example.com,13945
2026-01-26,user028@example.com,8935
2026-01-26,user029@example.com,11925
2026-01-26,user030@example.com,24697
2026-01-26,user031@example.com,8353
2026-01-26,user032@example.com,8049
2026-01-26,user033@example.com,54092
2026-01-26,user034@example.com,6762
2026-01-26,user035@example.com,3309
2026-01-26,user036@example.com,2021
2026-01-26,user037@example.com,16233
2026-01-26,user038@example.com,39427
2026-01-26,user039@example.com,5336
2026-01-26,user040@example.com,11413
2026-01-26,user041@example.com,23285
2026-01-26,user042@example.com,17926
2026-01-26,user043@example.com,46375
2026-01-26,user044@example.com,7203
2026-01-26,user045@example.com,11558
2026-01-26,user046@example.com,3968
2026-01-26,user047@example.com,17938
2026-01-26,user048@example.com,22197
2026-01-26,user049@example.com,17128
2026-01-26,user050@example.com,6682
2026-01-26,user051@example.com,4921
2026-01-26,user052@example.com,6486
2026-01-26,user053@example.com,3384
2026-01-26,user054@example.com,3660
2026-01-26,user055@example.com,10020
2026-01-26,user056@example.com,3540
2026-01-26,user057@example.com,54439
2026-01-26,user058@example.com,15109
2026-01-26,user059@example.com,78468
2026-01-26,user060@example.com,13143
2026-01-26,user061@example.com,11035
2026-01-26,user062@example.com,24216
2026-01-26,user063@example.com,2753
2026-01-26,user064@example.com,17057
2026-01-26,user065@example.com,17014
2026-01-26,user066@example.com,9565
2026-01-26,user067@example.com,37765
2026-01-26,user068@example.com,3145
2026-01-26,user069@example.com,29558
2026-01-26,user070@example.com,2001
2026-01-26,user071@example.com,2644
2026-01-26,user072@example.com,10650
2026-01-26,user073@example.com,39734
2026-01-26,user074@example.com,5934
2026-01-26,user075@example.com,1918
2026-01-26,user076@example.com,5123
2026-01-26,user077@example.com,6075
2026-01-26,user078@example.com,56681
2026-01-26,user079@example.com,11787
2026-01-26,user080@example.com,35528
2026-01-26,user081@example.com,2054
2026-01-26,user082@example.com,23789
2026-01-26,user083@example.com,14388
2026-01-26,user084@example.com,52529
2026-01-26,user085@example.com,5985
2026-01-26,user086@example.com,7546
2026-01-26,user087@example.com,6261
2026-01-26,user088@example.com,9721
2026-01-26,user089@example.com,5089
2026-01-26,user090@example.com,5598
2026-01-26,user091@example.com,40515
2026-01-26,user092@example.com,3299
2026-01-26,user093@example.com,4794
2026-01-26,user094@example.com,18471
2026-01-26,user095@example.com,2063
2026-01-26,user096@example.com,12656
2026-01-26,user097@example.com,19082
2026-01-26,user098@example.com,11220
2026-01-26,user099@example.com,30408
2026-01-26,user100@example.com,13254
2026-01-27,user001@example.com,28459
2026-01-27,user002@example.com,7167
2026-01-27,user003@example.com,9965
2026-01-27,user004@example.com,33009
2026-01-27,user005@example.com,27946
2026-01-27,user006@example.com,22654
2026-01-27,user007@example.com,110441
2026-01-27,user008@example.com,12454
2026-01-27,user009@example.com,40701
2026-01-27,user010@example.com,7178
2026-01-27,user011@example.com,86555
2026-01-27,user012@example.com,7240
2026-01-27,user013@example.com,12562
2026-01-27,user014@example.com,44853
2026-01-27,user015@example.com,15436
2026-01-27,user016@example.com,23120
2026-01-27,user017@example.com,41913
2026-01-27,user018@example.com,31530
2026-01-27,user019@example.com,40684
2026-01-27,user020@example.com,36363
2026-01-27,user021@example.com,36771
2026-01-27,user022@example.com,78296
2026-01-27,user023@example.com,41089
2026-01-27,user024@example.com,57634
2026-01-27,user025@example.com,25228
2026-01-27,user026@example.com,10760
2026-01-27,user027@example.com,85939
2026-01-27,user028@example.com,47292
2026-01-27,user029@example.com,39498
2026-01-27,user030@example.com,92646
2026-01-27,user031@example.com,26492
2026-01-27,user032@example.com,42850
2026-01-27,user033@example.com,85241
2026-01-27,user034@example.com,18248
2026-01-27,user035@example.com,4825
2026-01-27,user036@example.com,12556
2026-01-27,user037@example.com,50618
2026-01-27,user038@example.com,59069
2026-01-27,user039@example.com,12008
2026-01-27,user040@example.com,10566
2026-01-27,user041@example.com,91420
2026-01-27,user042@example.com,57926
2026-01-27,user043@example.com,78347
2026-01-27,user044@example.com,11023
2026-01-27,user045@example.com,43664
2026-01-27,user046@example.com,6153
2026-01-27,user047@example.com,29334
2026-01-27,user048@example.com,55513
2026-01-27,user049@example.com,71945
2026-01-27,user050@example.com,22063
2026-01-27,user051@example.com,10464
2026-01-27,user052@example.com,19820
2026-01-27,user053@example.com,7434
2026-01-27,user054@example.com,8907
2026-01-27,user055@example.com,33899
2026-01-27,user056@example.com,13245
2026-01-27,user057@example.com,150927
2026-01-27,user058@example.com,24290
2026-01-27,user059@example.com,211647
2026-01-27,user060@example.com,18297
2026-01-27,user061@example.com,22394
2026-01-27,user062@example.com,47902
2026-01-27,user063@example.com,16607
2026-01-27,user064@example.com,48809
2026-01-27,user065@example.com,25477
2026-01-27,user066@example.com,29614
2026-01-27,user067@example.com,125840
2026-01-27,user068@example.com,11719
2026-01-27,user069@example.com,43558
2026-01-27,user070@example.com,5792
2026-01-27,user071@example.com,7991
2026-01-27,user072@example.com,28403
2026-01-27,user073@example.com,110352
2026-01-27,user074@example.com,9829
2026-01-27,user075@example.com,11880
2026-01-27,user076@example.com,12737
2026-01-27,user077@example.com,10528
2026-01-27,user078@example.com,91439
2026-01-27,user079@example.com,35274
2026-01-27,user080@example.com,54868
2026-01-27,user081@example.com,7863
2026-01-27,user082@example.com,32587
2026-01-27,user083@example.com,22248
2026-01-27,user084@example.com,131288
2026-01-27,user085@example.com,27465
2026-01-27,user086@example.com,19003
2026-01-27,user087@example.com,16954
2026-01-27,user088@example.com,26495
2026-01-27,user089@example.com,11536
2026-01-27,user090@example.com,29361
2026-01-27,user091@example.com,72586
2026-01-27,user092@example.com,14531
2026-01-27,user093@example.com,8046
2026-01-27,user094@example.com,33792
2026-01-27,user095@example.com,5978
2026-01-27,user096@example.com,19390
2026-01-27,user097@example.com,39944
2026-01-27,user098@example.com,19221
2026-01-27,user099@example.com,88903
2026-01-27,user100@example.com,58167
2026-01-28,user001@example.com,24946
2026-01-28,user002@example.com,12340
2026-01-28,user003@example.com,10221
2026-01-28,user004@example.com,46389
2026-01-28,user005@example.com,32425
2026-01-28,user006@example.com,21735
2026-01-28,user007@example.com,88140
2026-01-28,user008@example.com,7253
2026-01-28,user009@example.com,33073
2026-01-28,user010@example.com,6156
2026-01-28,user011@example.com,60782
2026-01-28,user012@example.com,8531
2026-01-28,user013@example.com,8903
2026-01-28,user014@example.com,41794
2026-01-28,user015@example.com,29402
2026-01-28,user016@example.com,22449
2026-01-28,user017@example.com,39848
2026-01-28,user018@example.com,25892
2026-01-28,user019@example.com,38793
2026-01-28,user020@example.com,17741
2026-01-28,user021@example.com,33346
2026-01-28,user022@example.com,71880
2026-01-28,user023@example.com,31577
2026-01-28,user024@example.com,43582
2026-01-28,user025@example.com,25461
2026-01-28,user026@example.com,20424
2026-01-28,user027@example.com,52041
2026-01-28,user028@example.com,25201
2026-01-28,user029@example.com,37934
2026-01-28,user030@example.com,37397
2026-01-28,user031@example.com,26527
2026-01-28,user032@example.com,34399
2026-01-28,user033@example.com,143901
2026-01-28,user034@example.com,9438
2026-01-28,user035@example.com,6685
2026-01-28,user036@example.com,6371
2026-01-28,user037@example.com,84623
2026-01-28,user038@example.com,93344
2026-01-28,user039@example.com,21726
2026-01-28,user040@example.com,31746
2026-01-28,user041@example.com,94210
2026-01-28,user042@example.com,52387
2026-01-28,user043@example.com,119889
2026-01-28,user044@example.com,5826
2026-01-28,user045@example.com,21654
2026-01-28,user046@example.com,10697
2026-01-28,user047@example.com,45263
2026-01-28,user048@example.com,21899
2026-01-28,user049@example.com,38509
2026-01-28,user050@example.com,43348
2026-01-28,user051@example.com,12313
2026-01-28,user052@example.com,13141
2026-01-28,user053@example.com,14573
2026-01-28,user054@example.com,10063
2026-01-28,user055@example.com,13151
2026-01-28,user056@example.com,5758
2026-01-28,user057@example.com,232075
2026-01-28,user058@example.com,32537
2026-01-28,user059@example.com,105059
2026-01-28,user060@example.com,21496
2026-01-28,user061@example.com,53133
2026-01-28,user062@example.com,81345
2026-01-28,user063@example.com,22708
2026-01-28,user064@example.com,37100
2026-01-28,user065@example.com,26477
2026-01-28,user066@example.com,16047
2026-01-28,user067@example.com,225198
2026-01-28,user068@example.com,6941
2026-01-28,user069@example.com,123419
2026-01-28,user070@example.com,4743
2026-01-28,user071@example.com,6476
2026-01-28,user072@example.com,34348
2026-01-28,user073@example.com,84435
2026-01-28,user074@example.com,9472
2026-01-28,user075@example.com,5747
2026-01-28,user076@example.com,10653
2026-01-28,user077@example.com,9121
2026-01-28,user078@example.com,112835
2026-01-28,user079@example.com,60073
2026-01-28,user080@example.com,58187
2026-01-28,user081@example.com,6189
2026-01-28,user082@example.com,42475
2026-01-28,user083@example.com,54120
2026-01-28,user084@example.com,122443
2026-01-28,user085@example.com,19823
2026-01-28,user086@example.com,32321
2026-01-28,user087@example.com,9130
2026-01-28,user088@example.com,45457
2026-01-28,user089@example.com,13199
2026-01-28,user090@example.com,21437
2026-01-28,user091@example.com,59340
2026-01-28,user092@example.com,9846
2026-01-28,user093@example.com,12596
2026-01-28,user094@example.com,60304
2026-01-28,user095@example.com,5570
2026-01-28,user096@example.com,32033
2026-01-28,user097@example.com,22178
2026-01-28,user098@example.com,29185
2026-01-28,user099@example.com,113164
2026-01-28,user100@example.com,50648
2026-01-29,user001@example.com,15626
2026-01-29,user002@example.com,8450
2026-01-29,user003@example.com,9196
2026-01-29,user004@example.com,29199
2026-01-29,user005@example.com,8669
2026-01-29,user006@example.com,10324
2026-01-29,user007@example.com,86318
2026-01-29,user008@example.com,9744
2026-01-29,user009@example.com,11917
2026-01-29,user010@example.com,4646
2026-01-29,user011@example.com,52615
2026-01-29,user012@example.com,17352
2026-01-29,user013@example.com,7256
2026-01-29,user014@example.com,35648
2026-01-29,user015@example.com,19939
2026-01-29,user016@example.com,10289
2026-01-29,user017@example.com,47888
2026-01-29,user018@example.com,30693
2026-01-29,user019@example.com,37245
2026-01-29,user020@example.com,74994
2026-01-29,user021@example.com,10457
2026-01-29,user022@example.com,195214
2026-01-29,user023@example.com,25741
2026-01-29,user024@example.com,34474
2026-01-29,user025@example.com,18676
2026-01-29,user026@example.com,5452
2026-01-29,user027@example.com,29980
2026-01-29,user028@example.com,31945
2026-01-29,user029@example.com,18331
2026-01-29,user030@example.com,71979
2026-01-29,user031@example.com,18747
2026-01-29,user032@example.com,24643
2026-01-29,user033@example.com,70925
2026-01-29,user034@example.com,14118
2026-01-29,user035@example.com,4589
2026-01-29,user036@example.com,7170
2026-01-29,user037@example.com,28337
2026-01-29,user038@example.com,108246
2026-01-29,user039@example.com,11558
2026-01-29,user040@example.com,36243
2026-01-29,user041@example.com,59487
2026-01-29,user042@example.com,46249
2026-01-29,user043@example.com,85923
2026-01-29,user044@example.com,14311
2026-01-29,user045@example.com,14756
2026-01-29,user046@example.com,8210
2026-01-29,user047@example.com,34187
2026-01-29,user048@example.com,27832
2026-01-29,user049@example.com,32194
2026-01-29,user050@example.com,20728
2026-01-29,user051@example.com,6073
2026-01-29,user052@example.com,11507
2026-01-29,user053@example.com,14424
2026-01-29,user054@example.com,12837
2026-01-29,user055@example.com,25724
2026-01-29,user056@example.com,5393
2026-01-29,user057@example.com,78195
2026-01-29,user058@example.com,39766
2026-01-29,user059@example.com,123559
2026-01-29,user060@example.com,31775
2026-01-29,user061@example.com,17555
2026-01-29,user062@example.com,33772
2026-01-29,user063@example.com,4676
2026-01-29,user064@example.com,27175
2026-01-29,user065@example.com,26898
2026-01-29,user066@example.com,18420
2026-01-29,user067@example.com,133569
2026-01-29,user068@example.com,7766
2026-01-29,user069@example.com,101853
2026-01-29,user070@example.com,3703
2026-01-29,user071@example.com,6517
2026-01-29,user072@example.com,12846
2026-01-29,user073@example.com,77767
2026-01-29,user074@example.com,5138
2026-01-29,user075@example.com,8442
2026-01-29,user076@example.com,8303
2026-01-29,user077@example.com,12568
2026-01-29,user078@example.com,141386
2026-01-29,user079@example.com,22365
2026-01-29,user080@example.com,102028
2026-01-29,user081@example.com,8765
2026-01-29,user082@example.com,33690
2026-01-29,user083@example.com,42358
2026-01-29,user084@example.com,61738
2026-01-29,user085@example.com,14219
2026-01-29,user086@example.com,17526
2026-01-29,user087@example.com,8870
2026-01-29,user088@example.com,19665
2026-01-29,user089@example.com,13951
2026-01-29,user090@example.com,17333
2026-01-29,user091@example.com,71563
2026-01-29,user092@example.com,8743
2026-01-29,user093@example.com,4390
2026-01-29,user094@example.com,34267
2026-01-29,user095@example.com,2833
2026-01-29,user096@example.com,21173
2026-01-29,user097@example.com,22671
2026-01-29,user098@example.com,57067
2026-01-29,user099@example.com,125096
2026-01-29,user100@example.com,57436
2026-01-30,user001@example.com,33203
2026-01-30,user002@example.com,7808
2026-01-30,user003@example.com,9879
2026-01-30,user004@example.com,32891
2026-01-30,user005@example.com,20475
2026-01-30,user006@example.com,33303
2026-01-30,user007@example.com,135694
2026-01-30,user008@example.com,9035
2026-01-30,user009@example.com,17184
2026-01-30,user010@example.com,3891
2026-01-30,user011@example.com,59611
2026-01-30,user012@example.com,10850
2026-01-30,user013@example.com,5499
2026-01-30,user014@example.com,71330
2026-01-30,user015@example.com,31738
2026-01-30,user016@example.com,26339
2026-01-30,user017@example.com,36922
2026-01-30,user018@example.com,25997
2026-01-30,user019@example.com,21978
2026-01-30,user020@example.com,19181
2026-01-30,user021@example.com,23349
2026-01-30,user022@example.com,67993
2026-01-30,user023@example.com,31476
2026-01-30,user024@example.com,29046
2026-01-30,user025@example.com,9574
2026-01-30,user026@example.com,4604
2026-01-30,user027@example.com,31150
2026-01-30,user028@example.com,54215
2026-01-30,user029@example.com,37264
2026-01-30,user030@example.com,34118
2026-01-30,user031@example.com,25291
2026-01-30,user032@example.com,20948
2026-01-30,user033@example.com,119302
2026-01-30,user034@example.com,7585
2026-01-30,user035@example.com,5269
2026-01-30,user036@example.com,9896
2026-01-30,user037@example.com,22944
2026-01-30,user038@example.com,50086
2026-01-30,user039@example.com,7293
2026-01-30,user040@example.com,26849
2026-01-30,user041@example.com,36561
2026-01-30,user042@example.com,13361
2026-01-30,user043@example.com,69742
2026-01-30,user044@example.com,10851
2026-01-30,user045@example.com,28414
2026-01-30,user046@example.com,5291
2026-01-30,user047@example.com,31173
2026-01-30,user048@example.com,41936
2026-01-30,user049@example.com,15939
2026-01-30,user050@example.com,16295
2026-01-30,user051@example.com,6651
2026-01-30,user052@example.com,12288
2026-01-30,user053@example.com,6832
2026-01-30,user054@example.com,9053
2026-01-30,user055@example.com,7814
2026-01-30,user056@example.com,4941
2026-01-30,user057@example.com,123070
2026-01-30,user058@example.com,19855
2026-01-30,user059@example.com,91317
2026-01-30,user060@example.com,21828
2026-01-30,user061@example.com,18924
2026-01-30,user062@example.com,38216
2026-01-30,user063@example.com,5830
2026-01-30,user064@example.com,28529
2026-01-30,user065@example.com,23113
2026-01-30,user066@example.com,22539
2026-01-30,user067@example.com,85519
2026-01-30,user068@example.com,8833
2026-01-30,user069@example.com,114871
2026-01-30,user070@example.com,2656
2026-01-30,user071@example.com,9336
2026-01-30,user072@example.com,32005
2026-01-30,user073@example.com,94788
2026-01-30,user074@example.com,13600
2026-01-30,user075@example.com,3369
2026-01-30,user076@example.com,4853
2026-01-30,user077@example.com,9491
2026-01-30,user078@example.com,62079
2026-01-30,user079@example.com,56287
2026-01-30,user080@example.com,40341
2026-01-30,user081@example.com,5123
2026-01-30,user082@example.com,38672
2026-01-30,user083@example.com,18385
2026-01-30,user084@example.com,77882
2026-01-30,user085@example.com,20862
2026-01-30,user086@example.com,18988
2026-01-30,user087@example.com,10162
2026-01-30,user088@example.com,23266
2026-01-30,user089@example.com,5265
2026-01-30,user090@example.com,20892
2026-01-30,user091@example.com,115009
2026-01-30,user092@example.com,10568
2026-01-30,user093@example.com,8836
2026-01-30,user094@example.com,39083
2026-01-30,user095@example.com,3491
2026-01-30,user096@example.com,38714
2026-01-30,user097@example.com,38643
2026-01-30,user098@example.com,49572
2026-01-30,user099@example.com,69209
2026-01-30,user100@example.com,102881
2026-01-31,user001@example.com,26406
2026-01-31,user002@example.com,12024
2026-01-31,user003@example.com,8364
2026-01-31,user004@example.com,26528
2026-01-31,user005@example.com,26814
2026-01-31,user006@example.com,21145
2026-01-31,user007@example.com,49774
2026-01-31,user008@example.com,5212
2026-01-31,user009@example.com,27116
2026-01-31,user010@example.com,5726
2026-01-31,user011@example.com,57564
2026-01-31,user012@example.com,15181
2026-01-31,user013@example.com,3893
2026-01-31,user014@example.com,30429
2026-01-31,user015@example.com,9322
2026-01-31,user016@example.com,26264
2026-01-31,user017@example.com,32867
2026-01-31,user018@example.com,30602
2026-01-31,user019@example.com,21388
2026-01-31,user020@example.com,27565
2026-01-31,user021@example.com,28987
2026-01-31,user022@example.com,121536
2026-01-31,user023@example.com,25251
2026-01-31,user024@example.com,35449
2026-01-31,user025@example.com,13754
2026-01-31,user026@example.com,7921
2026-01-31,user027@example.com,60511
2026-01-31,user028@example.com,38433
2026-01-31,user029@example.com,22418
2026-01-31,user030@example.com,58305
2026-01-31,user031@example.com,12803
2026-01-31,user032@example.com,41507
2026-01-31,user033@example.com,90230
2026-01-31,user034@example.com,4386
2026-01-31,user035@example.com,3420
2026-01-31,user036@example.com,5318
2026-01-31,user037@example.com,30576
2026-01-31,user038@example.com,50468
2026-01-31,user039@example.com,9671
2026-01-31,user040@example.com,19235
2026-01-31,user041@example.com,54857
2026-01-31,user042@example.com,26075
2026-01-31,user043@example.com,111242
2026-01-31,user044@example.com,15065
2026-01-31,user045@example.com,14872
2026-01-31,user046@example.com,4739
2026-01-31,user047@example.com,40345
2026-01-31,user048@example.com,23310
2026-01-31,user049@example.com,27560
2026-01-31,user050@example.com,22820
2026-01-31,user051@example.com,3009
2026-01-31,user052@example.com,15717
2026-01-31,user053@example.com,7905
2026-01-31,user054@example.com,7308
2026-01-31,user055@example.com,17072
2026-01-31,user056@example.com,5795
2026-01-31,user057@example.com,54057
2026-01-31,user058@example.com,44587
2026-01-31,user059@example.com,85635
2026-01-31,user060@example.com,20569
2026-01-31,user061@example.com,28088
2026-01-31,user062@example.com,23763
2026-01-31,user063@example.com,9095
2026-01-31,user064@example.com,26352
2026-01-31,user065@example.com,23691
2026-01-31,user066@example.com,9561
2026-01-31,user067@example.com,95706
2026-01-31,user068@example.com,6241
2026-01-31,user069@example.com,98191
2026-01-31,user070@example.com,6056
2026-01-31,user071@example.com,4583
2026-01-31,user072@example.com,26477
2026-01-31,user073@example.com,74138
2026-01-31,user074@example.com,6166
2026-01-31,user075@example.com,6898
2026-01-31,user076@example.com,5158
2026-01-31,user077@example.com,3582
2026-01-31,user078@example.com,67590
2026-01-31,user079@example.com,20119
2026-01-31,user080@example.com,29027
2026-01-31,user081@example.com,3807
2026-01-31,user082@example.com,35298
2026-01-31,user083@example.com,42064
2026-01-31,user084@example.com,94183
2026-01-31,user085@example.com,14246
2026-01-31,user086@example.com,23614
2026-01-31,user087@example.com,8437
2026-01-31,user088@example.com,20720
2026-01-31,user089@example.com,5634
2026-01-31,user090@example.com,9541
2026-01-31,user091@example.com,51225
2026-01-31,user092@example.com,10472
2026-01-31,user093@example.com,7450
2026-01-31,user094@example.com,25018
2026-01-31,user095@example.com,3688
2026-01-31,user096@example.com,24907
2026-01-31,user097@example.com,21424
2026-01-31,user098@example.com,34667
2026-01-31,user099@example.com,59434
2026-01-31,user100@example.com,39481
2026-02-01,user001@example.com,6997
2026-02-01,user002@example.com,4828
2026-02-01,user003@example.com,6296
2026-02-01,user004@example.com,20131
2026-02-01,user005@example.com,14409
2026-02-01,user006@example.com,14037
2026-02-01,user007@example.com,39108
2026-02-01,user008@example.com,3987
2026-02-01,user009@example.com,12791
2026-02-01,user010@example.com,4753
2026-02-01,user011@example.com,22432
2026-02-01,user012@example.com,7867
2026-02-01,user013@example.com,6117
2026-02-01,user014@example.com,31886
2026-02-01,user015@example.com,8864
2026-02-01,user016@example.com,15002
2026-02-01,user017@example.com,43848
2026-02-01,user018@example.com,12363
2026-02-01,user019@example.com,9821
2026-02-01,user020@example.com,5298
2026-02-01,user021@example.com,15004
2026-02-01,user022@example.com,29770
2026-02-01,user023@example.com,13471
2026-02-01,user024@example.com,19586
2026-02-01,user025@example.com,10915
2026-02-01,user026@example.com,3957
2026-02-01,user027@example.com,21327
2026-02-01,user028@example.com,24009
2026-02-01,user029@example.com,12043
2026-02-01,user030@example.com,23543
2026-02-01,user031@example.com,8921
2026-02-01,user032@example.com,26382
2026-02-01,user033@example.com,61339
2026-02-01,user034@example.com,5740
2026-02-01,user035@example.com,4514
2026-02-01,user036@example.com,2258
2026-02-01,user037@example.com,35362
2026-02-01,user038@example.com,76279
2026-02-01,user039@example.com,6342
2026-02-01,user040@example.com,19087
2026-02-01,user041@example.com,19096
2026-02-01,user042@example.com,16421
2026-02-01,user043@example.com,34602
2026-02-01,user044@example.com,6309
2026-02-01,user045@example.com,7084
2026-02-01,user046@example.com,4445
2026-02-01,user047@example.com,31875
2026-02-01,user048@example.com,19573
2026-02-01,user049@example.com,18562
2026-02-01,user050@example.com,7238
2026-02-01,user051@example.com,2535
2026-02-01,user052@example.com,8911
2026-02-01,user053@example.com,5879
2026-02-01,user054@example.com,4835
2026-02-01,user055@example.com,8837
2026-02-01,user056@example.com,1678
2026-02-01,user057@example.com,39558
2026-02-01,user058@example.com,29959
2026-02-01,user059@example.com,31315
2026-02-01,user060@example.com,10930
2026-02-01,user061@example.com,16635
2026-02-01,user062@example.com,12716
2026-02-01,user063@example.com,4775
2026-02-01,user064@example.com,23338
2026-02-01,user065@example.com,10275
2026-02-01,user066@example.com,31907
2026-02-01,user067@example.com,32091
2026-02-01,user068@example.com,6482
2026-02-01,user069@example.com,46145
2026-02-01,user070@example.com,3909
2026-02-01,user071@example.com,3980
2026-02-01,user072@example.com,15264
2026-02-01,user073@example.com,48493
2026-02-01,user074@example.com,2558
2026-02-01,user075@example.com,3684
2026-02-01,user076@example.com,3784
2026-02-01,user077@example.com,7196
2026-02-01,user078@example.com,64821
2026-02-01,user079@example.com,19114
2026-02-01,user080@example.com,31426
2026-02-01,user081@example.com,2505
2026-02-01,user082@example.com,15377
2026-02-01,user083@example.com,23247
2026-02-01,user084@example.com,81043
2026-02-01,user085@example.com,9412
2026-02-01,user086@example.com,11881
2026-02-01,user087@example.com,4193
2026-02-01,user088@example.com,23135
2026-02-01,user089@example.com,6187
2026-02-01,user090@example.com,20182
2026-02-01,user091@example.com,25077
2026-02-01,user092@example.com,5042
2026-02-01,user093@example.com,4853
2026-02-01,user094@example.com,21075
2026-02-01,user095@example.com,2766
2026-02-01,user096@example.com,8614
2026-02-01,user097@example.com,26860
2026-02-01,user098@example.com,19751
2026-02-01,user099@example.com,35571
2026-02-01,user100@example.com,47953
2026-02-02,user001@example.com,14453
2026-02-02,user002@example.com,4950
2026-02-02,user003@example.com,3777
2026-02-02,user004@example.com,16746
2026-02-02,user005@example.com,6210
2026-02-02,user006@example.com,9697
2026-02-02,user007@example.com,22236
2026-02-02,user008@example.com,4992
2026-02-02,user009@example.com,7986
2026-02-02,user010@example.com,4145
2026-02-02,user011@example.com,24936
2026-02-02,user012@example.com,4385
2026-02-02,user013@example.com,2949
2026-02-02,user014@example.com,12471
2026-02-02,user015@example.com,13794
2026-02-02,user016@example.com,4017
2026-02-02,user017@example.com,25319
2026-02-02,user018@example.com,14176
2026-02-02,user019@example.com,9041
2026-02-02,user020@example.com,5762
2026-02-02,user021@example.com,17255
2026-02-02,user022@example.com,33925
2026-02-02,user023@example.com,8412
2026-02-02,user024@example.com,20539
2026-02-02,user025@example.com,9453
2026-02-02,user026@example.com,2014
2026-02-02,user027@example.com,17470
2026-02-02,user028@example.com,8795
2026-02-02,user029@example.com,20279
2026-02-02,user030@example.com,35508
2026-02-02,user031@example.com,11560
2026-02-02,user032@example.com,18379
2026-02-02,user033@example.com,68046
2026-02-02,user034@example.com,4022
2026-02-02,user035@example.com,1619
2026-02-02,user036@example.com,3275
2026-02-02,user037@example.com,33608
2026-02-02,user038@example.com,25755
2026-02-02,user039@example.com,3545
2026-02-02,user040@example.com,9715
2026-02-02,user041@example.com,27466
2026-02-02,user042@example.com,11483
2026-02-02,user043@example.com,54404
2026-02-02,user044@example.com,9062
2026-02-02,user045@example.com,8993
2026-02-02,user046@example.com,2040
2026-02-02,user047@example.com,9417
2026-02-02,user048@example.com,13785
2026-02-02,user049@example.com,20300
2026-02-02,user050@example.com,9916
2026-02-02,user051@example.com,2796
2026-02-02,user052@example.com,3842
2026-02-02,user053@example.com,2506
2026-02-02,user054@example.com,5389
2026-02-02,user055@example.com,11561
2026-02-02,user056@example.com,1629
2026-02-02,user057@example.com,82396
2026-02-02,user058@example.com,15397
2026-02-02,user059@example.com,65667
2026-02-02,user060@example.com,5249
2026-02-02,user061@example.com,5949
2026-02-02,user062@example.com,15371
2026-02-02,user063@example.com,4380
2026-02-02,user064@example.com,25869
2026-02-02,user065@example.com,10751
2026-02-02,user066@example.com,8815
2026-02-02,user067@example.com,32978
2026-02-02,user068@example.com,5649
2026-02-02,user069@example.com,28706
2026-02-02,user070@example.com,4330
2026-02-02,user071@example.com,2533
2026-02-02,user072@example.com,28257
2026-02-02,user073@example.com,46591
2026-02-02,user074@example.com,3834
2026-02-02,user075@example.com,2041
2026-02-02,user076@example.com,2483
2026-02-02,user077@example.com,5485
2026-02-02,user078@example.com,37741
2026-02-02,user079@example.com,11205
2026-02-02,user080@example.com,23112
2026-02-02,user081@example.com,2877
2026-02-02,user082@example.com,7687
2026-02-02,user083@example.com,14786
2026-02-02,user084@example.com,28554
2026-02-02,user085@example.com,5607
2026-02-02,user086@example.com,5316
2026-02-02,user087@example.com,2521
2026-02-02,user088@example.com,7837
2026-02-02,user089@example.com,3139
2026-02-02,user090@example.com,16635
2026-02-02,user091@example.com,23284
2026-02-02,user092@example.com,5026
2026-02-02,user093@example.com,4226
2026-02-02,user094@example.com,14443
2026-02-02,user095@example.com,2383
2026-02-02,user096@example.com,6315
2026-02-02,user097@example.com,26910
2026-02-02,user098@example.com,23708
2026-02-02,user099@example.com,22327
2026-02-02,user100@example.com,17115
2026-02-03,user001@example.com,19784
2026-02-03,user002@example.com,7663
2026-02-03,user003@example.com,9972
2026-02-03,user004@example.com,24309
2026-02-03,user005@example.com,40736
2026-02-03,user006@example.com,33100
2026-02-03,user007@example.com,115695
2026-02-03,user008@example.com,11967
2026-02-03,user009@example.com,46193
2026-02-03,user010@example.com,4571
2026-02-03,user011@example.com,47829
2026-02-03,user012@example.com,11037
2026-02-03,user013@example.com,11293
2026-02-03,user014@example.com,32931
2026-02-03,user015@example.com,10994
2026-02-03,user016@example.com,16475
2026-02-03,user017@example.com,35881
2026-02-03,user018@example.com,27891
2026-02-03,user019@example.com,62562
2026-02-03,user020@example.com,11754
2026-02-03,user021@example.com,26044
2026-02-03,user022@example.com,180864
2026-02-03,user023@example.com,63422
2026-02-03,user024@example.com,27228
2026-02-03,user025@example.com,22675
2026-02-03,user026@example.com,7769
2026-02-03,user027@example.com,39430
2026-02-03,user028@example.com,27666
2026-02-03,user029@example.com,36539
2026-02-03,user030@example.com,22953
2026-02-03,user031@example.com,27703
2026-02-03,user032@example.com,38486
2026-02-03,user033@example.com,77275
2026-02-03,user034@example.com,18727
2026-02-03,user035@example.com,4397
2026-02-03,user036@example.com,5527
2026-02-03,user037@example.com,73933
2026-02-03,user038@example.com,62428
2026-02-03,user039@example.com,7546
2026-02-03,user040@example.com,18135
2026-02-03,user041@example.com,85418
2026-02-03,user042@example.com,39600
2026-02-03,user043@example.com,53134
2026-02-03,user044@example.com,7593
2026-02-03,user045@example.com,15437
2026-02-03,user046@example.com,6194
2026-02-03,user047@example.com,42741
2026-02-03,user048@example.com,33154
2026-02-03,user049@example.com,16847
2026-02-03,user050@example.com,27707
2026-02-03,user051@example.com,6951
2026-02-03,user052@example.com,17435
2026-02-03,user053@example.com,9758
2026-02-03,user054@example.com,13451
2026-02-03,user055@example.com,22479
2026-02-03,user056@example.com,10194
2026-02-03,user057@example.com,128940
2026-02-03,user058@example.com,27675
2026-02-03,user059@example.com,202668
2026-02-03,user060@example.com,26062
2026-02-03,user061@example.com,26673
2026-02-03,user062@example.com,23557
2026-02-03,user063@example.com,5321
2026-02-03,user064@example.com,34751
2026-02-03,user065@example.com,20090
2026-02-03,user066@example.com,17600
2026-02-03,user067@example.com,112831
2026-02-03,user068@example.com,14566
2026-02-03,user069@example.com,116699
2026-02-03,user070@example.com,3735
2026-02-03,user071@example.com,6120
2026-02-03,user072@example.com,27781
2026-02-03,user073@example.com,72933
2026-02-03,user074@example.com,7916
2026-02-03,user075@example.com,4711
2026-02-03,user076@example.com,4101
2026-02-03,user077@example.com,10270
2026-02-03,user078@example.com,68651
2026-02-03,user079@example.com,11251
2026-02-03,user080@example.com,114242
2026-02-03,user081@example.com,9316
2026-02-03,user082@example.com,32278
2026-02-03,user083@example.com,28829
2026-02-03,user084@example.com,60711
2026-02-03,user085@example.com,34565
2026-02-03,user086@example.com,42391
2026-02-03,user087@example.com,11344
2026-02-03,user088@example.com,40978
2026-02-03,user089@example.com,9728
2026-02-03,user090@example.com,11959
2026-02-03,user091@example.com,55101
2026-02-03,user092@example.com,11248
2026-02-03,user093@example.com,7124
2026-02-03,user094@example.com,29057
2026-02-03,user095@example.com,5393
2026-02-03,user096@example.com,21211
2026-02-03,user097@example.com,37502
2026-02-03,user098@example.com,19758
2026-02-03,user099@example.com,71183
2026-02-03,user100@example.com,35522
2026-02-04,user001@example.com,31427
2026-02-04,user002@example.com,5257
2026-02-04,user003@example.com,12794
2026-02-04,user004@example.com,52119
2026-02-04,user005@example.com,17569
2026-02-04,user006@example.com,8972
2026-02-04,user007@example.com,96801
2026-02-04,user008@example.com,8353
2026-02-04,user009@example.com,22525
2026-02-04,user010@example.com,4755
2026-02-04,user011@example.com,111211
2026-02-04,user012@example.com,13863
2026-02-04,user013@example.com,6181
2026-02-04,user014@example.com,18341
2026-02-04,user015@example.com,17416
2026-02-04,user016@example.com,20712
2026-02-04,user017@example.com,44805
2026-02-04,user018@example.com,24287
2026-02-04,user019@example.com,38372
2026-02-04,user020@example.com,38443
2026-02-04,user021@example.com,29691
2026-02-04,user022@example.com,108016
2026-02-04,user023@example.com,27473
2026-02-04,user024@example.com,28317
2026-02-04,user025@example.com,29521
2026-02-04,user026@example.com,5225
2026-02-04,user027@example.com,38263
2026-02-04,user028@example.com,29823
2026-02-04,user029@example.com,26914
2026-02-04,user030@example.com,35232
2026-02-04,user031@example.com,24988
2026-02-04,user032@example.com,36867
2026-02-04,user033@example.com,101787
2026-02-04,user034@example.com,7763
2026-02-04,user035@example.com,8732
2026-02-04,user036@example.com,4789
2026-02-04,user037@example.com,68572
2026-02-04,user038@example.com,46345
2026-02-04,user039@example.com,10895
2026-02-04,user040@example.com,23064
2026-02-04,user041@example.com,49275
2026-02-04,user042@example.com,43694
2026-02-04,user043@example.com,133704
2026-02-04,user044@example.com,4306
2026-02-04,user045@example.com,23285
2026-02-04,user046@example.com,2719
2026-02-04,user047@example.com,26860
2026-02-04,user048@example.com,51810
2026-02-04,user049@example.com,26172
2026-02-04,user050@example.com,12950
2026-02-04,user051@example.com,6073
2026-02-04,user052@example.com,22653
2026-02-04,user053@example.com,4500
2026-02-04,user054@example.com,6476
2026-02-04,user055@example.com,32983
2026-02-04,user056@example.com,12471
2026-02-04,user057@example.com,105943
2026-02-04,user058@example.com,18986
2026-02-04,user059@example.com,194868
2026-02-04,user060@example.com,34121
2026-02-04,user061@example.com,28305
2026-02-04,user062@example.com,28341
2026-02-04,user063@example.com,8399
2026-02-04,user064@example.com,30332
2026-02-04,user065@example.com,21926
2026-02-04,user066@example.com,37087
2026-02-04,user067@example.com,149443
2026-02-04,user068@example.com,5859
2026-02-04,user069@example.com,151494
2026-02-04,user070@example.com,6355
2026-02-04,user071@example.com,8278
2026-02-04,user072@example.com,62926
2026-02-04,user073@example.com,57902
2026-02-04,user074@example.com,9241
2026-02-04,user075@example.com,4728
2026-02-04,user076@example.com,3759
2026-02-04,user077@example.com,12401
2026-02-04,user078@example.com,205789
2026-02-04,user079@example.com,16849
2026-02-04,user080@example.com,56319
2026-02-04,user081@example.com,8145
2026-02-04,user082@example.com,39321
2026-02-04,user083@example.com,28155
2026-02-04,user084@example.com,59384
2026-02-04,user085@example.com,21186
2026-02-04,user086@example.com,17126
2026-02-04,user087@example.com,5103
2026-02-04,user088@example.com,44499
2026-02-04,user089@example.com,13088
2026-02-04,user090@example.com,19884
2026-02-04,user091@example.com,70530
2026-02-04,user092@example.com,16000
2026-02-04,user093@example.com,9242
2026-02-04,user094@example.com,44023
2026-02-04,user095@example.com,5132
2026-02-04,user096@example.com,35326
2026-02-04,user097@example.com,42137
2026-02-04,user098@example.com,31351
2026-02-04,user099@example.com,59994
2026-02-04,user100@example.com,62977
2026-02-05,user001@example.com,16572
2026-02-05,user002@example.com,8728
2026-02-05,user003@example.com,6380
2026-02-05,user004@example.com,21947
2026-02-05,user005@example.com,40814
2026-02-05,user006@example.com,35334
2026-02-05,user007@example.com,213731
2026-02-05,user008@example.com,5532
2026-02-05,user009@example.com,32679
2026-02-05,user010@example.com,3597
2026-02-05,user011@example.com,50696
2026-02-05,user012@example.com,7914
2026-02-05,user013@example.com,13099
2026-02-05,user014@example.com,27747
2026-02-05,user015@example.com,28198
2026-02-05,user016@example.com,27395
2026-02-05,user017@example.com,83799
2026-02-05,user018@example.com,17340
2026-02-05,user019@example.com,49527
2026-02-05,user020@example.com,28979
2026-02-05,user021@example.com,15772
2026-02-05,user022@example.com,155257
2026-02-05,user023@example.com,32736
2026-02-05,user024@example.com,29434
2026-02-05,user025@example.com,14540
2026-02-05,user026@example.com,5028
2026-02-05,user027@example.com,76676
2026-02-05,user028@example.com,29109
2026-02-05,user029@example.com,41911
2026-02-05,user030@example.com,42905
2026-02-05,user031@example.com,16876
2026-02-05,user032@example.com,54644
2026-02-05,user033@example.com,52927
2026-02-05,user034@example.com,8039
2026-02-05,user035@example.com,5726
2026-02-05,user036@example.com,6725
2026-02-05,user037@example.com,35144
2026-02-05,user038@example.com,97495
2026-02-05,user039@example.com,11847
2026-02-05,user040@example.com,25090
2026-02-05,user041@example.com,45801
2026-02-05,user042@example.com,33876
2026-02-05,user043@example.com,128952
2026-02-05,user044@example.com,12714
2026-02-05,user045@example.com,11998
2026-02-05,user046@example.com,7313
2026-02-05,user047@example.com,18723
2026-02-05,user048@example.com,29584
2026-02-05,user049@example.com,61930
2026-02-05,user050@example.com,13924
2026-02-05,user051@example.com,4830
2026-02-05,user052@example.com,14259
2026-02-05,user053@example.com,4945
2026-02-05,user054@example.com,7450
2026-02-05,user055@example.com,23905
2026-02-05,user056@example.com,5179
2026-02-05,user057@example.com,100483
2026-02-05,user058@example.com,37761
2026-02-05,user059@example.com,107747
2026-02-05,user060@example.com,21300
2026-02-05,user061@example.com,19692
2026-02-05,user062@example.com,42591
2026-02-05,user063@example.com,8128
2026-02-05,user064@example.com,37413
2026-02-05,user065@example.com,16304
2026-02-05,user066@example.com,20800
2026-02-05,user067@example.com,77177
2026-02-05,user068@example.com,8384
2026-02-05,user069@example.com,69993
2026-02-05,user070@example.com,3830
2026-02-05,user071@example.com,7080
2026-02-05,user072@example.com,40310
2026-02-05,user073@example.com,111640
2026-02-05,user074@example.com,7994
2026-02-05,user075@example.com,6528
2026-02-05,user076@example.com,7842
2026-02-05,user077@example.com,12752
2026-02-05,user078@example.com,63579
2026-02-05,user079@example.com,33585
2026-02-05,user080@example.com,64280
2026-02-05,user081@example.com,6484
2026-02-05,user082@example.com,18027
2026-02-05,user083@example.com,30783
2026-02-05,user084@example.com,201669
2026-02-05,user085@example.com,17104
2026-02-05,user086@example.com,17186
2026-02-05,user087@example.com,12437
2026-02-05,user088@example.com,32465
2026-02-05,user089@example.com,14113
2026-02-05,user090@example.com,12492
2026-02-05,user091@example.com,83539
2026-02-05,user092@example.com,13419
2026-02-05,user093@example.com,8076
2026-02-05,user094@example.com,35886
2026-02-05,user095@example.com,8113
2026-02-05,user096@example.com,30090
2026-02-05,user097@example.com,25080
2026-02-05,user098@example.com,38779
2026-02-05,user099@example.com,90885
2026-02-05,user100@example.com,58049
2026-02-06,user001@example.com,22376
2026-02-06,user002@example.com,10185
2026-02-06,user003@example.com,12671
2026-02-06,user004@example.com,30448
2026-02-06,user005@example.com,12897
2026-02-06,user006@example.com,19005
2026-02-06,user007@example.com,114279
2026-02-06,user008@example.com,12837
2026-02-06,user009@example.com,38721
2026-02-06,user010@example.com,4133
2026-02-06,user011@example.com,151816
2026-02-06,user012@example.com,11776
2026-02-06,user013@example.com,13046
2026-02-06,user014@example.com,29731
2026-02-06,user015@example.com,23001
2026-02-06,user016@example.com,29260
2026-02-06,user017@example.com,56374
2026-02-06,user018@example.com,41447
2026-02-06,user019@example.com,42546
2026-02-06,user020@example.com,17091
2026-02-06,user021@example.com,17855
2026-02-06,user022@example.com,120604
2026-02-06,user023@example.com,39684
2026-02-06,user024@example.com,29002
2026-02-06,user025@example.com,27707
2026-02-06,user026@example.com,10576
2026-02-06,user027@example.com,26707
2026-02-06,user028@example.com,21358
2026-02-06,user029@example.com,29849
2026-02-06,user030@example.com,61991
2026-02-06,user031@example.com,18152
2026-02-06,user032@example.com,59082
2026-02-06,user033@example.com,96855
2026-02-06,user034@example.com,9271
2026-02-06,user035@example.com,3368
2026-02-06,user036@example.com,4013
2026-02-06,user037@example.com,40609
2026-02-06,user038@example.com,39582
2026-02-06,user039@example.com,13033
2026-02-06,user040@example.com,18056
2026-02-06,user041@example.com,197935
2026-02-06,user042@example.com,82552
2026-02-06,user043@example.com,78358
2026-02-06,user044@example.com,8810
2026-02-06,user045@example.com,27040
2026-02-06,user046@example.com,11546
2026-02-06,user047@example.com,20745
2026-02-06,user048@example.com,15319
2026-02-06,user049@example.com,25219
2026-02-06,user050@example.com,23403
2026-02-06,user051@example.com,7570
2026-02-06,user052@example.com,15609
2026-02-06,user053@example.com,5485
2026-02-06,user054@example.com,4065
2026-02-06,user055@example.com,25769
2026-02-06,user056@example.com,4761
2026-02-06,user057@example.com,52964
2026-02-06,user058@example.com,30118
2026-02-06,user059@example.com,120707
2026-02-06,user060@example.com,18286
2026-02-06,user061@example.com,18581
2026-02-06,user062@example.com,34808
2026-02-06,user063@example.com,7333
2026-02-06,user064@example.com,19559
2026-02-06,user065@example.com,14861
2026-02-06,user066@example.com,26176
2026-02-06,user067@example.com,120143
2026-02-06,user068@example.com,8854
2026-02-06,user069@example.com,64551
2026-02-06,user070@example.com,5223
2026-02-06,user071@example.com,2969
2026-02-06,user072@example.com,39179
2026-02-06,user073@example.com,137674
2026-02-06,user074@example.com,5458
2026-02-06,user075@example.com,4534
2026-02-06,user076@example.com,7139
2026-02-06,user077@example.com,16643
2026-02-06,user078@example.com,71373
2026-02-06,user079@example.com,24606
2026-02-06,user080@example.com,27943
2026-02-06,user081@example.com,6596
2026-02-06,user082@example.com,75218
2026-02-06,user083@example.com,31544
2026-02-06,user084@example.com,90735
2026-02-06,user085@example.com,21361
2026-02-06,user086@example.com,21726
2026-02-06,user087@example.com,8076
2026-02-06,user088@example.com,38187
2026-02-06,user089@example.com,9896
2026-02-06,user090@example.com,19202
2026-02-06,user091@example.com,45216
2026-02-06,user092@example.com,16941
2026-02-06,user093@example.com,10536
2026-02-06,user094@example.com,25836
2026-02-06,user095@example.com,7904
2026-02-06,user096@example.com,18325
2026-02-06,user097@example.com,27993
2026-02-06,user098@example.com,21943
2026-02-06,user099@example.com,49199
2026-02-06,user100@example.com,65652
2026-02-07,user001@example.com,10842
2026-02-07,user002@example.com,6589
2026-02-07,user003@example.com,3809
2026-02-07,user004@example.com,28704
2026-02-07,user005@example.com,17083
2026-02-07,user006@example.com,18356
2026-02-07,user007@example.com,70321
2026-02-07,user008@example.com,5227
2026-02-07,user009@example.com,34802
2026-02-07,user010@example.com,4331
2026-02-07,user011@example.com,67051
2026-02-07,user012@example.com,7430
2026-02-07,user013@example.com,8393
2026-02-07,user014@example.com,46680
2026-02-07,user015@example.com,22106
2026-02-07,user016@example.com,17813
2026-02-07,user017@example.com,37998
2026-02-07,user018@example.com,24828
2026-02-07,user019@example.com,29664
2026-02-07,user020@example.com,16067
2026-02-07,user021@example.com,19429
2026-02-07,user022@example.com,109094
2026-02-07,user023@example.com,19078
2026-02-07,user024@example.com,20731
2026-02-07,user025@example.com,11075
2026-02-07,user026@example.com,3428
2026-02-07,user027@example.com,22679
2026-02-07,user028@example.com,28560
2026-02-07,user029@example.com,21643
2026-02-07,user030@example.com,62863
2026-02-07,user031@example.com,20831
2026-02-07,user032@example.com,17435
2026-02-07,user033@example.com,99077
2026-02-07,user034@example.com,11459
2026-02-07,user035@example.com,3709
2026-02-07,user036@example.com,6953
2026-02-07,user037@example.com,25732
2026-02-07,user038@example.com,81519
2026-02-07,user039@example.com,5542
2026-02-07,user040@example.com,9613
2026-02-07,user041@example.com,52496
2026-02-07,user042@example.com,33255
2026-02-07,user043@example.com,68543
2026-02-07,user044@example.com,5700
2026-02-07,user045@example.com,15654
2026-02-07,user046@example.com,6595
2026-02-07,user047@example.com,34186
2026-02-07,user048@example.com,28791
2026-02-07,user049@example.com,23398
2026-02-07,user050@example.com,27135
2026-02-07,user051@example.com,3976
2026-02-07,user052@example.com,12013
2026-02-07,user053@example.com,11914
2026-02-07,user054@example.com,10209
2026-02-07,user055@example.com,16775
2026-02-07,user056@example.com,4988
2026-02-07,user057@example.com,145562
2026-02-07,user058@example.com,16414
2026-02-07,user059@example.com,61441
2026-02-07,user060@example.com,15668
2026-02-07,user061@example.com,31735
2026-02-07,user062@example.com,39664
2026-02-07,user063@example.com,5614
2026-02-07,user064@example.com,26537
2026-02-07,user065@example.com,14523
2026-02-07,user066@example.com,16052
2026-02-07,user067@example.com,142678
2026-02-07,user068@example.com,4874
2026-02-07,user069@example.com,151518
2026-02-07,user070@example.com,7017
2026-02-07,user071@example.com,8793
2026-02-07,user072@example.com,29532
2026-02-07,user073@example.com,74752
2026-02-07,user074@example.com,5224
2026-02-07,user075@example.com,4370
2026-02-07,user076@example.com,7134
2026-02-07,user077@example.com,15943
2026-02-07,user078@example.com,53471
2026-02-07,user079@example.com,26029
2026-02-07,user080@example.com,49810
2026-02-07,user081@example.com,3682
2026-02-07,user082@example.com,42712
2026-02-07,user083@example.com,20964
2026-02-07,user084@example.com,80580
2026-02-07,user085@example.com,15373
2026-02-07,user086@example.com,15610
2026-02-07,user087@example.com,10103
2026-02-07,user088@example.com,25046
2026-02-07,user089@example.com,7575
2026-02-07,user090@example.com,13953
2026-02-07,user091@example.com,67125
2026-02-07,user092@example.com,18068
2026-02-07,user093@example.com,8273
2026-02-07,user094@example.com,41922
2026-02-07,user095@example.com,3228
2026-02-07,user096@example.com,21747
2026-02-07,user097@example.com,23652
2026-02-07,user098@example.com,16106
2026-02-07,user099@example.com,66609
2026-02-07,user100@example.com,79707
2026-02-08,user001@example.com,16665
2026-02-08,user002@example.com,6403
2026-02-08,user003@example.com,2675
2026-02-08,user004@example.com,16039
2026-02-08,user005@example.com,11622
2026-02-08,user006@example.com,12709
2026-02-08,user007@example.com,30851
2026-02-08,user008@example.com,3349
2026-02-08,user009@example.com,16799
2026-02-08,user010@example.com,3679
2026-02-08,user011@example.com,16162
2026-02-08,user012@example.com,5556
2026-02-08,user013@example.com,4810
2026-02-08,user014@example.com,23129
2026-02-08,user015@example.com,13326
2026-02-08,user016@example.com,14653
2026-02-08,user017@example.com,15243
2026-02-08,user018@example.com,8043
2026-02-08,user019@example.com,14972
2026-02-08,user020@example.com,14847
2026-02-08,user021@example.com,19463
2026-02-08,user022@example.com,75432
2026-02-08,user023@example.com,18229
2026-02-08,user024@example.com,19621
2026-02-08,user025@example.com,8608
2026-02-08,user026@example.com,3330
2026-02-08,user027@example.com,36171
2026-02-08,user028@example.com,11277
2026-02-08,user029@example.com,30232
2026-02-08,user030@example.com,27249
2026-02-08,user031@example.com,19006
2026-02-08,user032@example.com,12325
2026-02-08,user033@example.com,56165
2026-02-08,user034@example.com,3871
2026-02-08,user035@example.com,1858
2026-02-08,user036@example.com,3762
2026-02-08,user037@example.com,28715
2026-02-08,user038@example.com,34037
2026-02-08,user039@example.com,2964
2026-02-08,user040@example.com,10126
2026-02-08,user041@example.com,33807
2026-02-08,user042@example.com,24435
2026-02-08,user043@example.com,63788
2026-02-08,user044@example.com,4907
2026-02-08,user045@example.com,20019
2026-02-08,user046@example.com,3770
2026-02-08,user047@example.com,17864
2026-02-08,user048@example.com,8923
2026-02-08,user049@example.com,15671
2026-02-08,user050@example.com,9296
2026-02-08,user051@example.com,4878
2026-02-08,user052@example.com,6915
2026-02-08,user053@example.com,3028
2026-02-08,user054@example.com,5322
2026-02-08,user055@example.com,13228
2026-02-08,user056@example.com,5950
2026-02-08,user057@example.com,80250
2026-02-08,user058@example.com,20473
2026-02-08,user059@example.com,51173
2026-02-08,user060@example.com,11980
2026-02-08,user061@example.com,18506
2026-02-08,user062@example.com,12649
2026-02-08,user063@example.com,4048
2026-02-08,user064@example.com,13109
2026-02-08,user065@example.com,11941
2026-02-08,user066@example.com,18383
2026-02-08,user067@example.com,47731
2026-02-08,user068@example.com,1982
2026-02-08,user069@example.com,43376
2026-02-08,user070@example.com,4199
2026-02-08,user071@example.com,4207
2026-02-08,user072@example.com,23427
2026-02-08,user073@example.com,41480
2026-02-08,user074@example.com,3202
2026-02-08,user075@example.com,3653
2026-02-08,user076@example.com,2603
2026-02-08,user077@example.com,12633
2026-02-08,user078@example.com,55862
2026-02-08,user079@example.com,14019
2026-02-08,user080@example.com,24625
2026-02-08,user081@example.com,3374
2026-02-08,user082@example.com,18545
2026-02-08,user083@example.com,23188
2026-02-08,user084@example.com,53487
2026-02-08,user085@example.com,8094
2026-02-08,user086@example.com,23162
2026-02-08,user087@example.com,5984
2026-02-08,user088@example.com,20529
2026-02-08,user089@example.com,4050
2026-02-08,user090@example.com,11875
2026-02-08,user091@example.com,38868
2026-02-08,user092@example.com,3035
2026-02-08,user093@example.com,9262
2026-02-08,user094@example.com,26990
2026-02-08,user095@example.com,2654
2026-02-08,user096@example.com,8126
2026-02-08,user097@example.com,22777
2026-02-08,user098@example.com,16169
2026-02-08,user099@example.com,56751
2026-02-08,user100@example.com,32615
2026-02-09,user001@example.com,12881
2026-02-09,user002@example.com,8813
2026-02-09,user003@example.com,5038
2026-02-09,user004@example.com,10740
2026-02-09,user005@example.com,15209
2026-02-09,user006@example.com,19159
2026-02-09,user007@example.com,160050
2026-02-09,user008@example.com,2787
2026-02-09,user009@example.com,16886
2026-02-09,user010@example.com,1328
2026-02-09,user011@example.com,38191
2026-02-09,user012@example.com,4382
2026-02-09,user013@example.com,8097
2026-02-09,user014@example.com,11827
2026-02-09,user015@example.com,5227
2026-02-09,user016@example.com,9148
2026-02-09,user017@example.com,9118
2026-02-09,user018@example.com,18419
2026-02-09,user019@example.com,7528
2026-02-09,user020@example.com,9534
2026-02-09,user021@example.com,5213
2026-02-09,user022@example.com,47473
2026-02-09,user023@example.com,25171
2026-02-09,user024@example.com,17596
2026-02-09,user025@example.com,6978
2026-02-09,user026@example.com,3112
2026-02-09,user027@example.com,18322
2026-02-09,user028@example.com,16709
2026-02-09,user029@example.com,9612
2026-02-09,user030@example.com,33883
2026-02-09,user031@example.com,4187
2026-02-09,user032@example.com,14605
2026-02-09,user033@example.com,34815
2026-02-09,user034@example.com,5646
2026-02-09,user035@example.com,2774
2026-02-09,user036@example.com,1923
2026-02-09,user037@example.com,12897
2026-02-09,user038@example.com,44278
2026-02-09,user039@example.com,4400
2026-02-09,user040@example.com,7708
2026-02-09,user041@example.com,26594
2026-02-09,user042@example.com,23230
2026-02-09,user043@example.com,34458
2026-02-09,user044@example.com,4385
2026-02-09,user045@example.com,20176
2026-02-09,user046@example.com,1912
2026-02-09,user047@example.com,9523
2026-02-09,user048@example.com,18629
2026-02-09,user049@example.com,12230
2026-02-09,user050@example.com,8445
2026-02-09,user051@example.com,2395
2026-02-09,user052@example.com,4849
2026-02-09,user053@example.com,7226
2026-02-09,user054@example.com,5989
2026-02-09,user055@example.com,12766
2026-02-09,user056@example.com,1916
2026-02-09,user057@example.com,35493
2026-02-09,user058@example.com,5242
2026-02-09,user059@example.com,34077
2026-02-09,user060@example.com,13195
2026-02-09,user061@example.com,12930
2026-02-09,user062@example.com,16849
2026-02-09,user063@example.com,4098
2026-02-09,user064@example.com,12186
2026-02-09,user065@example.com,10142
2026-02-09,user066@example.com,14106
2026-02-09,user067@example.com,30165
2026-02-09,user068@example.com,4586
2026-02-09,user069@example.com,62694
2026-02-09,user070@example.com,2381
2026-02-09,user071@example.com,4020
2026-02-09,user072@example.com,48762
2026-02-09,user073@example.com,39822
2026-02-09,user074@example.com,5192
2026-02-09,user075@example.com,2126
2026-02-09,user076@example.com,3353
2026-02-09,user077@example.com,6238
2026-02-09,user078@example.com,44219
2026-02-09,user079@example.com,10854
2026-02-09,user080@example.com,29597
2026-02-09,user081@example.com,5250
2026-02-09,user082@example.com,21303
2026-02-09,user083@example.com,19830
2026-02-09,user084@example.com,41636
2026-02-09,user085@example.com,12273
2026-02-09,user086@example.com,11896
2026-02-09,user087@example.com,3806
2026-02-09,user088@example.com,15830
2026-02-09,user089@example.com,3196
2026-02-09,user090@example.com,7565
2026-02-09,user091@example.com,33624
2026-02-09,user092@example.com,5892
2026-02-09,user093@example.com,2723
2026-02-09,user094@example.com,22430
2026-02-09,user095@example.com,3364
2026-02-09,user096@example.com,8431
2026-02-09,user097@example.com,10630
2026-02-09,user098@example.com,13460
2026-02-09,user099@example.com,38699
2026-02-09,user100@example.com,28648
2026-02-10,user001@example.com,23175
2026-02-10,user002@example.com,6415
2026-02-10,user003@example.com,8793
2026-02-10,user004@example.com,33991
2026-02-10,user005@example.com,28743
2026-02-10,user006@example.com,20610
2026-02-10,user007@example.com,233085
2026-02-10,user008@example.com,5158
2026-02-10,user009@example.com,59858
2026-02-10,user010@example.com,6209
2026-02-10,user011@example.com,103697
2026-02-10,user012@example.com,13318
2026-02-10,user013@example.com,15011
2026-02-10,user014@example.com,33033
2026-02-10,user015@example.com,15674
2026-02-10,user016@example.com,43264
2026-02-10,user017@example.com,42679
2026-02-10,user018@example.com,37324
2026-02-10,user019@example.com,58279
2026-02-10,user020@example.com,16046
2026-02-10,user021@example.com,32415
2026-02-10,user022@example.com,105362
2026-02-10,user023@example.com,32978
2026-02-10,user024@example.com,38798
2026-02-10,user025@example.com,13620
2026-02-10,user026@example.com,5843
2026-02-10,user027@example.com,71256
2026-02-10,user028@example.com,47099
2026-02-10,user029@example.com,37009
2026-02-10,user030@example.com,73126
2026-02-10,user031@example.com,23741
2026-02-10,user032@example.com,71394
2026-02-10,user033@example.com,93918
2026-02-10,user034@example.com,11966
2026-02-10,user035@example.com,10029
2026-02-10,user036@example.com,5847
2026-02-10,user037@example.com,76630
2026-02-10,user038@example.com,58962
2026-02-10,user039@example.com,19517
2026-02-10,user040@example.com,20210
2026-02-10,user041@example.com,70503
2026-02-10,user042@example.com,22918
2026-02-10,user043@example.com,85915
2026-02-10,user044@example.com,7667
2026-02-10,user045@example.com,18613
2026-02-10,user046@example.com,7314
2026-02-10,user047@example.com,62094
2026-02-10,user048@example.com,37143
2026-02-10,user049@example.com,42130
2026-02-10,user050@example.com,15693
2026-02-10,user051@example.com,5639
2026-02-10,user052@example.com,24307
2026-02-10,user053@example.com,7788
2026-02-10,user054@example.com,19699
2026-02-10,user055@example.com,21148
2026-02-10,user056@example.com,7680
2026-02-10,user057@example.com,188387
2026-02-10,user058@example.com,53907
2026-02-10,user059@example.com,106137
2026-02-10,user060@example.com,20101
2026-02-10,user061@example.com,25805
2026-02-10,user062@example.com,49984
2026-02-10,user063@example.com,13762
2026-02-10,user064@example.com,37884
2026-02-10,user065@example.com,28595
2026-02-10,user066@example.com,46693
2026-02-10,user067@example.com,148017
2026-02-10,user068@example.com,11234
2026-02-10,user069@example.com,64838
2026-02-10,user070@example.com,2674
2026-02-10,user071@example.com,8793
2026-02-10,user072@example.com,42959
2026-02-10,user073@example.com,84131
2026-02-10,user074@example.com,12016
2026-02-10,user075@example.com,6575
2026-02-10,user076@example.com,11390
2026-02-10,user077@example.com,13349
2026-02-10,user078@example.com,77566
2026-02-10,user079@example.com,53497
2026-02-10,user080@example.com,62245
2026-02-10,user081@example.com,9228
2026-02-10,user082@example.com,37575
2026-02-10,user083@example.com,27513
2026-02-10,user084@example.com,113633
2026-02-10,user085@example.com,23129
2026-02-10,user086@example.com,31127
2026-02-10,user087@example.com,11790
2026-02-10,user088@example.com,18163
2026-02-10,user089@example.com,9482
2026-02-10,user090@example.com,30401
2026-02-10,user091@example.com,69167
2026-02-10,user092@example.com,11882
2026-02-10,user093@example.com,14227
2026-02-10,user094@example.com,29484
2026-02-10,user095@example.com,3913
2026-02-10,user096@example.com,24877
2026-02-10,user097@example.com,37485
2026-02-10,user098@example.com,24628
2026-02-10,user099@example.com,103767
2026-02-10,user100@example.com,79766
2026-02-11,user001@example.com,28418
2026-02-11,user002@example.com,15624
2026-02-11,user003@example.com,20589
2026-02-11,user004@example.com,36349
2026-02-11,user005@example.com,27500
2026-02-11,user006@example.com,23856
2026-02-11,user007@example.com,104351
2026-02-11,user008@example.com,8893
2026-02-11,user009@example.com,34661
2026-02-11,user010@example.com,8251
2026-02-11,user011@example.com,189222
2026-02-11,user012@example.com,10922
2026-02-11,user013@example.com,9433
2026-02-11,user014@example.com,40090
2026-02-11,user015@example.com,28653
2026-02-11,user016@example.com,31266
2026-02-11,user017@example.com,75413
2026-02-11,user018@example.com,16006
2026-02-11,user019@example.com,17774
2026-02-11,user020@example.com,20972
2026-02-11,user021@example.com,41859
2026-02-11,user022@example.com,81126
2026-02-11,user023@example.com,13060
2026-02-11,user024@example.com,50054
2026-02-11,user025@example.com,27168
2026-02-11,user026@example.com,5677
2026-02-11,user027@example.com,34076
2026-02-11,user028@example.com,26650
2026-02-11,user029@example.com,42601
2026-02-11,user030@example.com,58439
2026-02-11,user031@example.com,33893
2026-02-11,user032@example.com,17714
2026-02-11,user033@example.com,80865
2026-02-11,user034@example.com,8061
2026-02-11,user035@example.com,6651
2026-02-11,user036@example.com,6887
2026-02-11,user037@example.com,63611
2026-02-11,user038@example.com,56933
2026-02-11,user039@example.com,12145
2026-02-11,user040@example.com,30331
2026-02-11,user041@example.com,159265
2026-02-11,user042@example.com,40646
2026-02-11,user043@example.com,122271
2026-02-11,user044@example.com,6357
2026-02-11,user045@example.com,10800
2026-02-11,user046@example.com,11177
2026-02-11,user047@example.com,48018
2026-02-11,user048@example.com,56527
2026-02-11,user049@example.com,25343
2026-02-11,user050@example.com,29925
2026-02-11,user051@example.com,15993
2026-02-11,user052@example.com,16253
2026-02-11,user053@example.com,12024
2026-02-11,user054@example.com,11989
2026-02-11,user055@example.com,14396
2026-02-11,user056@example.com,13365
2026-02-11,user057@example.com,113317
2026-02-11,user058@example.com,44647
2026-02-11,user059@example.com,69171
2026-02-11,user060@example.com,16510
2026-02-11,user061@example.com,47114
2026-02-11,user062@example.com,42606
2026-02-11,user063@example.com,18151
2026-02-11,user064@example.com,39877
2026-02-11,user065@example.com,13092
2026-02-11,user066@example.com,38959
2026-02-11,user067@example.com,114150
2026-02-11,user068@example.com,13938
2026-02-11,user069@example.com,120599
2026-02-11,user070@example.com,4239
2026-02-11,user071@example.com,8808
2026-02-11,user072@example.com,103775
2026-02-11,user073@example.com,129699
2026-02-11,user074@example.com,11716
2026-02-11,user075@example.com,10601
2026-02-11,user076@example.com,8952
2026-02-11,user077@example.com,15101
2026-02-11,user078@example.com,74485
2026-02-11,user079@example.com,44480
2026-02-11,user080@example.com,104544
2026-02-11,user081@example.com,6205
2026-02-11,user082@example.com,79211
2026-02-11,user083@example.com,36239
2026-02-11,user084@example.com,87612
2026-02-11,user085@example.com,35372
2026-02-11,user086@example.com,25788
2026-02-11,user087@example.com,18306
2026-02-11,user088@example.com,33788
2026-02-11,user089@example.com,11705
2026-02-11,user090@example.com,29651
2026-02-11,user091@example.com,92069
2026-02-11,user092@example.com,6979
2026-02-11,user093@example.com,7371
2026-02-11,user094@example.com,56740
2026-02-11,user095@example.com,6947
2026-02-11,user096@example.com,23735
2026-02-11,user097@example.com,29905
2026-02-11,user098@example.com,25643
2026-02-11,user099@example.com,58910
2026-02-11,user100@example.com,70228
2026-02-12,user001@example.com,18377
2026-02-12,user002@example.com,7951
2026-02-12,user003@example.com,8470
2026-02-12,user004@example.com,36997
2026-02-12,user005@example.com,41250
2026-02-12,user006@example.com,13348
2026-02-12,user007@example.com,167340
2026-02-12,user008@example.com,12194
2026-02-12,user009@example.com,24798
2026-02-12,user010@example.com,6209
2026-02-12,user011@example.com,56307
2026-02-12,user012@example.com,11902
2026-02-12,user013@example.com,14709
2026-02-12,user014@example.com,40262
2026-02-12,user015@example.com,23690
2026-02-12,user016@example.com,19491
2026-02-12,user017@example.com,22745
2026-02-12,user018@example.com,27647
2026-02-12,user019@example.com,49688
2026-02-12,user020@example.com,11617
2026-02-12,user021@example.com,15662
2026-02-12,user022@example.com,116564
2026-02-12,user023@example.com,21069
2026-02-12,user024@example.com,24681
2026-02-12,user025@example.com,17094
2026-02-12,user026@example.com,4097
2026-02-12,user027@example.com,27190
2026-02-12,user028@example.com,38041
2026-02-12,user029@example.com,20613
2026-02-12,user030@example.com,33056
2026-02-12,user031@example.com,18175
2026-02-12,user032@example.com,49402
2026-02-12,user033@example.com,80964
2026-02-12,user034@example.com,8074
2026-02-12,user035@example.com,5872
2026-02-12,user036@example.com,3587
2026-02-12,user037@example.com,45465
2026-02-12,user038@example.com,99200
2026-02-12,user039@example.com,8232
2026-02-12,user040@example.com,28193
2026-02-12,user041@example.com,44539
2026-02-12,user042@example.com,56745
2026-02-12,user043@example.com,91560
2026-02-12,user044@example.com,8444
2026-02-12,user045@example.com,19689
2026-02-12,user046@example.com,6365
2026-02-12,user047@example.com,58608
2026-02-12,user048@example.com,20402
2026-02-12,user049@example.com,24943
2026-02-12,user050@example.com,28495
2026-02-12,user051@example.com,5365
2026-02-12,user052@example.com,15284
2026-02-12,user053@example.com,15723
2026-02-12,user054@example.com,8254
2026-02-12,user055@example.com,25166
2026-02-12,user056@example.com,4413
2026-02-12,user057@example.com,145243
2026-02-12,user058@example.com,31890
2026-02-12,user059@example.com,112108
2026-02-12,user060@example.com,15815
2026-02-12,user061@example.com,12669
2026-02-12,user062@example.com,45601
2026-02-12,user063@example.com,4213
2026-02-12,user064@example.com,29148
2026-02-12,user065@example.com,27561
2026-02-12,user066@example.com,24232
2026-02-12,user067@example.com,220560
2026-02-12,user068@example.com,12418
2026-02-12,user069@example.com,75569
2026-02-12,user070@example.com,5838
2026-02-12,user071@example.com,6500
2026-02-12,user072@example.com,21978
2026-02-12,user073@example.com,62413
2026-02-12,user074@example.com,7806
2026-02-12,user075@example.com,2834
2026-02-12,user076@example.com,6719
2026-02-12,user077@example.com,10221
2026-02-12,user078@example.com,48299
2026-02-12,user079@example.com,37522
2026-02-12,user080@example.com,74293
2026-02-12,user081@example.com,7155
2026-02-12,user082@example.com,34136
2026-02-12,user083@example.com,36579
2026-02-12,user084@example.com,120540
2026-02-12,user085@example.com,22079
2026-02-12,user086@example.com,16978
2026-02-12,user087@example.com,12286
2026-02-12,user088@example.com,45192
2026-02-12,user089@example.com,7710
2026-02-12,user090@example.com,41318
2026-02-12,user091@example.com,54982
2026-02-12,user092@example.com,11279
2026-02-12,user093@example.com,6855
2026-02-12,user094@example.com,35220
2026-02-12,user095@example.com,3142
2026-02-12,user096@example.com,18718
2026-02-12,user097@example.com,26089
2026-02-12,user098@example.com,31181
2026-02-12,user099@example.com,134554
2026-02-12,user100@example.com,72499
2026-02-13,user001@example.com,9716
2026-02-13,user002@example.com,22418
2026-02-13,user003@example.com,9460
2026-02-13,user004@example.com,24413
2026-02-13,user005@example.com,20603
2026-02-13,user006@example.com,23703
2026-02-13,user007@example.com,86860
2026-02-13,user008@example.com,9143
2026-02-13,user009@example.com,25901
2026-02-13,user010@example.com,4937
2026-02-13,user011@example.com,51124
2026-02-13,user012@example.com,6643
2026-02-13,user013@example.com,8978
2026-02-13,user014@example.com,39321
2026-02-13,user015@example.com,23352
2026-02-13,user016@example.com,29696
2026-02-13,user017@example.com,42130
2026-02-13,user018@example.com,24275
2026-02-13,user019@example.com,42981
2026-02-13,user020@example.com,12124
2026-02-13,user021@example.com,16261
2026-02-13,user022@example.com,78275
2026-02-13,user023@example.com,42690
2026-02-13,user024@example.com,44562
2026-02-13,user025@example.com,23128
2026-02-13,user026@example.com,9460
2026-02-13,user027@example.com,27646
2026-02-13,user028@example.com,33047
2026-02-13,user029@example.com,30664
2026-02-13,user030@example.com,76502
2026-02-13,user031@example.com,21405
2026-02-13,user032@example.com,32868
2026-02-13,user033@example.com,103099
2026-02-13,user034@example.com,12698
2026-02-13,user035@example.com,4501
2026-02-13,user036@example.com,6363
2026-02-13,user037@example.com,25966
2026-02-13,user038@example.com,35589
2026-02-13,user039@example.com,10022
2026-02-13,user040@example.com,24132
2026-02-13,user041@example.com,71247
2026-02-13,user042@example.com,19008
2026-02-13,user043@example.com,75458
2026-02-13,user044@example.com,4298
2026-02-13,user045@example.com,31496
2026-02-13,user046@example.com,4444
2026-02-13,user047@example.com,58360
2026-02-13,user048@example.com,40731
2026-02-13,user049@example.com,23376
2026-02-13,user050@example.com,13117
2026-02-13,user051@example.com,7348
2026-02-13,user052@example.com,8162
2026-02-13,user053@example.com,8843
2026-02-13,user054@example.com,7892
2026-02-13,user055@example.com,10454
2026-02-13,user056@example.com,2978
2026-02-13,user057@example.com,118751
2026-02-13,user058@example.com,24031
2026-02-13,user059@example.com,76996
2026-02-13,user060@example.com,24879
2026-02-13,user061@example.com,33606
2026-02-13,user062@example.com,34187
2026-02-13,user063@example.com,7573
2026-02-13,user064@example.com,38166
2026-02-13,user065@example.com,12128
2026-02-13,user066@example.com,24097
2026-02-13,user067@example.com,133068
2026-02-13,user068@example.com,10824
2026-02-13,user069@example.com,47440
2026-02-13,user070@example.com,4357
2026-02-13,user071@example.com,4780
2026-02-13,user072@example.com,38947
2026-02-13,user073@example.com,100951
2026-02-13,user074@example.com,15777
2026-02-13,user075@example.com,4782
2026-02-13,user076@example.com,5461
2026-02-13,user077@example.com,16403
2026-02-13,user078@example.com,94649
2026-02-13,user079@example.com,49928
2026-02-13,user080@example.com,62926
2026-02-13,user081@example.com,4335
2026-02-13,user082@example.com,23585
2026-02-13,user083@example.com,16994
2026-02-13,user084@example.com,117809
2026-02-13,user085@example.com,29561
2026-02-13,user086@example.com,42575
2026-02-13,user087@example.com,14735
2026-02-13,user088@example.com,43945
2026-02-13,user089@example.com,7628
2026-02-13,user090@example.com,13010
2026-02-13,user091@example.com,87528
2026-02-13,user092@example.com,12695
2026-02-13,user093@example.com,8857
2026-02-13,user094@example.com,36689
2026-02-13,user095@example.com,6368
2026-02-13,user096@example.com,34929
2026-02-13,user097@example.com,59175
2026-02-13,user098@example.com,35389
2026-02-13,user099@example.com,125635
2026-02-13,user100@example.com,68091
2026-02-14,user001@example.com,17892
2026-02-14,user002@example.com,13486
2026-02-14,user003@example.com,4940
2026-02-14,user004@example.com,43710
2026-02-14,user005@example.com,12112
2026-02-14,user006@example.com,23238
2026-02-14,user007@example.com,76991
2026-02-14,user008@example.com,9770
2026-02-14,user009@example.com,29869
2026-02-14,user010@example.com,3070
2026-02-14,user011@example.com,71058
2026-02-14,user012@example.com,8454
2026-02-14,user013@example.com,10957
2026-02-14,user014@example.com,30240
2026-02-14,user015@example.com,21129
2026-02-14,user016@example.com,15039
2026-02-14,user017@example.com,28869
2026-02-14,user018@example.com,23505
2026-02-14,user019@example.com,40795
2026-02-14,user020@example.com,33093
2026-02-14,user021@example.com,15863
2026-02-14,user022@example.com,150866
2026-02-14,user023@example.com,12914
2026-02-14,user024@example.com,19900
2026-02-14,user025@example.com,13153
2026-02-14,user026@example.com,3819
2026-02-14,user027@example.com,20385
2026-02-14,user028@example.com,31890
2026-02-14,user029@example.com,28044
2026-02-14,user030@example.com,61283
2026-02-14,user031@example.com,26775
2026-02-14,user032@example.com,38940
2026-02-14,user033@example.com,101332
2026-02-14,user034@example.com,8604
2026-02-14,user035@example.com,3541
2026-02-14,user036@example.com,8880
2026-02-14,user037@example.com,28872
2026-02-14,user038@example.com,58016
2026-02-14,user039@example.com,8282
2026-02-14,user040@example.com,13367
2026-02-14,user041@example.com,52992
2026-02-14,user042@example.com,40024
2026-02-14,user043@example.com,90931
2026-02-14,user044@example.com,6438
2026-02-14,user045@example.com,15511
2026-02-14,user046@example.com,8932
2026-02-14,user047@example.com,42214
2026-02-14,user048@example.com,57055
2026-02-14,user049@example.com,45685
2026-02-14,user050@example.com,27461
2026-02-14,user051@example.com,3772
2026-02-14,user052@example.com,13521
2026-02-14,user053@example.com,7900
2026-02-14,user054@example.com,7269
2026-02-14,user055@example.com,19513
2026-02-14,user056@example.com,8538
2026-02-14,user057@example.com,123322
2026-02-14,user058@example.com,20292
2026-02-14,user059@example.com,114321
2026-02-14,user060@example.com,14717
2026-02-14,user061@example.com,22683
2026-02-14,user062@example.com,31909
2026-02-14,user063@example.com,7455
2026-02-14,user064@example.com,39523
2026-02-14,user065@example.com,12784
2026-02-14,user066@example.com,41539
2026-02-14,user067@example.com,54714
2026-02-14,user068@example.com,6528
2026-02-14,user069@example.com,100355
2026-02-14,user070@example.com,6584
2026-02-14,user071@example.com,5920
2026-02-14,user072@example.com,34778
2026-02-14,user073@example.com,92933
2026-02-14,user074@example.com,8132
2026-02-14,user075@example.com,8738
2026-02-14,user076@example.com,8226
2026-02-14,user077@example.com,14047
2026-02-14,user078@example.com,57399
2026-02-14,user079@example.com,29398
2026-02-14,user080@example.com,48305
2026-02-14,user081@example.com,4313
2026-02-14,user082@example.com,40250
2026-02-14,user083@example.com,22864
2026-02-14,user084@example.com,110891
2026-02-14,user085@example.com,12650
2026-02-14,user086@example.com,38377
2026-02-14,user087@example.com,7562
2026-02-14,user088@example.com,29799
2026-02-14,user089@example.com,11631
2026-02-14,user090@example.com,15067
2026-02-14,user091@example.com,82649
2026-02-14,user092@example.com,6730
2026-02-14,user093@example.com,13380
2026-02-14,user094@example.com,30377
2026-02-14,user095@example.com,4355
2026-02-14,user096@example.com,18936
2026-02-14,user097@example.com,47095
2026-02-14,user098@example.com,22492
2026-02-14,user099@example.com,67821
2026-02-14,user100@example.com,49659
2026-02-15,user001@example.com,8088
2026-02-15,user002@example.com,11365
2026-02-15,user003@example.com,3833
2026-02-15,user004@example.com,23483
2026-02-15,user005@example.com,11496
2026-02-15,user006@example.com,8651
2026-02-15,user007@example.com,59974
2026-02-15,user008@example.com,6150
2026-02-15,user009@example.com,16433
2026-02-15,user010@example.com,4731
2026-02-15,user011@example.com,50921
2026-02-15,user012@example.com,8289
2026-02-15,user013@example.com,3980
2026-02-15,user014@example.com,12028
2026-02-15,user015@example.com,8620
2026-02-15,user016@example.com,13078
2026-02-15,user017@example.com,24943
2026-02-15,user018@example.com,7494
2026-02-15,user019@example.com,17502
2026-02-15,user020@example.com,11292
2026-02-15,user021@example.com,11080
2026-02-15,user022@example.com,94437
2026-02-15,user023@example.com,18576
2026-02-15,user024@example.com,27765
2026-02-15,user025@example.com,9906
2026-02-15,user026@example.com,4944
2026-02-15,user027@example.com,36519
2026-02-15,user028@example.com,25365
2026-02-15,user029@example.com,11976
2026-02-15,user030@example.com,28515
2026-02-15,user031@example.com,10820
2026-02-15,user032@example.com,24453
2026-02-15,user033@example.com,59436
2026-02-15,user034@example.com,3816
2026-02-15,user035@example.com,3191
2026-02-15,user036@example.com,1757
2026-02-15,user037@example.com,34132
2026-02-15,user038@example.com,39069
2026-02-15,user039@example.com,5220
2026-02-15,user040@example.com,9587
2026-02-15,user041@example.com,53189
2026-02-15,user042@example.com,7632
2026-02-15,user043@example.com,46472
2026-02-15,user044@example.com,4932
2026-02-15,user045@example.com,9114
2026-02-15,user046@example.com,6516
2026-02-15,user047@example.com,15104
2026-02-15,user048@example.com,20996
2026-02-15,user049@example.com,19884
2026-02-15,user050@example.com,16615
2026-02-15,user051@example.com,2819
2026-02-15,user052@example.com,4649
2026-02-15,user053@example.com,6860
2026-02-15,user054@example.com,5941
2026-02-15,user055@example.com,6222
2026-02-15,user056@example.com,2948
2026-02-15,user057@example.com,68801
2026-02-15,user058@example.com,21486
2026-02-15,user059@example.com,40362
2026-02-15,user060@example.com,3852
2026-02-15,user061@example.com,14665
2026-02-15,user062@example.com,13442
2026-02-15,user063@example.com,2306
2026-02-15,user064@example.com,6514
2026-02-15,user065@example.com,14205
2026-02-15,user066@example.com,12772
2026-02-15,user067@example.com,55535
2026-02-15,user068@example.com,7601
2026-02-15,user069@example.com,63989
2026-02-15,user070@example.com,5485
2026-02-15,user071@example.com,2187
2026-02-15,user072@example.com,20357
2026-02-15,user073@example.com,26544
2026-02-15,user074@example.com,4724
2026-02-15,user075@example.com,2856
2026-02-15,user076@example.com,4434
2026-02-15,user077@example.com,6107
2026-02-15,user078@example.com,58141
2026-02-15,user079@example.com,22453
2026-02-15,user080@example.com,66250
2026-02-15,user081@example.com,3188
2026-02-15,user082@example.com,14823
2026-02-15,user083@example.com,17467
2026-02-15,user084@example.com,38662
2026-02-15,user085@example.com,17947
2026-02-15,user086@example.com,11058
2026-02-15,user087@example.com,4930
2026-02-15,user088@example.com,13588
2026-02-15,user089@example.com,6583
2026-02-15,user090@example.com,10110
2026-02-15,user091@example.com,28450
2026-02-15,user092@example.com,10764
2026-02-15,user093@example.com,3463
2026-02-15,user094@example.com,17772
2026-02-15,user095@example.com,3916
2026-02-15,user096@example.com,6898
2026-02-15,user097@example.com,24377
2026-02-15,user098@example.com,11078
2026-02-15,user099@example.com,68280
2026-02-15,user100@example.com,22248
2026-02-16,user001@example.com,12769
2026-02-16,user002@example.com,7262
2026-02-16,user003@example.com,5186
2026-02-16,user004@example.com,15729
2026-02-16,user005@example.com,8085
2026-02-16,user006@example.com,8190
2026-02-16,user007@example.com,82534
2026-02-16,user008@example.com,3002
2026-02-16,user009@example.com,10019
2026-02-16,user010@example.com,3227
2026-02-16,user011@example.com,22119
2026-02-16,user012@example.com,3537
2026-02-16,user013@example.com,2314
2026-02-16,user014@example.com,12164
2026-02-16,user015@example.com,8517
2026-02-16,user016@example.com,10910
2026-02-16,user017@example.com,23591
2026-02-16,user018@example.com,15815
2026-02-16,user019@example.com,13473
2026-02-16,user020@example.com,8180
2026-02-16,user021@example.com,11980
2026-02-16,user022@example.com,76996
2026-02-16,user023@example.com,13746
2026-02-16,user024@example.com,12223
2026-02-16,user025@example.com,6194
2026-02-16,user026@example.com,1762
2026-02-16,user027@example.com,21351
2026-02-16,user028@example.com,16099
2026-02-16,user029@example.com,17630
2026-02-16,user030@example.com,24448
2026-02-16,user031@example.com,16397
2026-02-16,user032@example.com,14275
2026-02-16,user033@example.com,53590
2026-02-16,user034@example.com,4145
2026-02-16,user035@example.com,2067
2026-02-16,user036@example.com,3596
2026-02-16,user037@example.com,19515
2026-02-16,user038@example.com,43465
2026-02-16,user039@example.com,4322
2026-02-16,user040@example.com,8652
2026-02-16,user041@example.com,67425
2026-02-16,user042@example.com,25594
2026-02-16,user043@example.com,49403
2026-02-16,user044@example.com,4369
2026-02-16,user045@example.com,12473
2026-02-16,user046@example.com,3504
2026-02-16,user047@example.com,17065
2026-02-16,user048@example.com,11827
2026-02-16,user049@example.com,14002
2026-02-16,user050@example.com,2891
2026-02-16,user051@example.com,3145
2026-02-16,user052@example.com,4156
2026-02-16,user053@example.com,6698
2026-02-16,user054@example.com,4228
2026-02-16,user055@example.com,5783
2026-02-16,user056@example.com,2872
2026-02-16,user057@example.com,34199
2026-02-16,user058@example.com,15523
2026-02-16,user059@example.com,46517
2026-02-16,user060@example.com,12260
2026-02-16,user061@example.com,7597
2026-02-16,user062@example.com,17112
2026-02-16,user063@example.com,2379
2026-02-16,user064@example.com,18413
2026-02-16,user065@example.com,10514
2026-02-16,user066@example.com,11918
2026-02-16,user067@example.com,49349
2026-02-16,user068@example.com,4434
2026-02-16,user069@example.com,73664
2026-02-16,user070@example.com,2314
2026-02-16,user071@example.com,3068
2026-02-16,user072@example.com,11561
2026-02-16,user073@example.com,28308
2026-02-16,user074@example.com,4347
2026-02-16,user075@example.com,3763
2026-02-16,user076@example.com,2672
2026-02-16,user077@example.com,4541
2026-02-16,user078@example.com,33268
2026-02-16,user079@example.com,11946
2026-02-16,user080@example.com,28355
2026-02-16,user081@example.com,1729
2026-02-16,user082@example.com,26476
2026-02-16,user083@example.com,10419
2026-02-16,user084@example.com,54091
2026-02-16,user085@example.com,5621
2026-02-16,user086@example.com,12663
2026-02-16,user087@example.com,6240
2026-02-16,user088@example.com,15045
2026-02-16,user089@example.com,2966
2026-02-16,user090@example.com,9567
2026-02-16,user091@example.com,19317
2026-02-16,user092@example.com,4514
2026-02-16,user093@example.com,5499
2026-02-16,user094@example.com,19037
2026-02-16,user095@example.com,2570
2026-02-16,user096@example.com,7124
2026-02-16,user097@example.com,21197
2026-02-16,user098@example.com,13241
2026-02-16,user099@example.com,18651
2026-02-16,user100@example.com,33632
2026-02-17,user001@example.com,22589
2026-02-17,user002@example.com,17079
2026-02-17,user003@example.com,5943
2026-02-17,user004@example.com,10773
2026-02-17,user005@example.com,21980
2026-02-17,user006@example.com,25230
2026-02-17,user007@example.com,62050
2026-02-17,user008@example.com,6192
2026-02-17,user009@example.com,85904
2026-02-17,user010@example.com,5224
2026-02-17,user011@example.com,85821
2026-02-17,user012@example.com,8928
2026-02-17,user013@example.com,4196
2026-02-17,user014@example.com,30854
2026-02-17,user015@example.com,18165
2026-02-17,user016@example.com,19806
2026-02-17,user017@example.com,36933
2026-02-17,user018@example.com,32799
2026-02-17,user019@example.com,31073
2026-02-17,user020@example.com,12808
2026-02-17,user021@example.com,27008
2026-02-17,user022@example.com,56678
2026-02-17,user023@example.com,14589
2026-02-17,user024@example.com,42419
2026-02-17,user025@example.com,23805
2026-02-17,user026@example.com,6513
2026-02-17,user027@example.com,23590
2026-02-17,user028@example.com,23340
2026-02-17,user029@example.com,29872
2026-02-17,user030@example.com,33259
2026-02-17,user031@example.com,17589
2026-02-17,user032@example.com,48305
2026-02-17,user033@example.com,143728
2026-02-17,user034@example.com,8247
2026-02-17,user035@example.com,7576
2026-02-17,user036@example.com,3400
2026-02-17,user037@example.com,48426
2026-02-17,user038@example.com,65824
2026-02-17,user039@example.com,10637
2026-02-17,user040@example.com,18278
2026-02-17,user041@example.com,105486
2026-02-17,user042@example.com,28309
2026-02-17,user043@example.com,108639
2026-02-17,user044@example.com,8661
2026-02-17,user045@example.com,18860
2026-02-17,user046@example.com,6230
2026-02-17,user047@example.com,28595
2026-02-17,user048@example.com,29754
2026-02-17,user049@example.com,32039
2026-02-17,user050@example.com,21690
2026-02-17,user051@example.com,6844
2026-02-17,user052@example.com,14826
2026-02-17,user053@example.com,12048
2026-02-17,user054@example.com,6612
2026-02-17,user055@example.com,27018
2026-02-17,user056@example.com,4386
2026-02-17,user057@example.com,137749
2026-02-17,user058@example.com,37145
2026-02-17,user059@example.com,48930
2026-02-17,user060@example.com,20594
2026-02-17,user061@example.com,19337
2026-02-17,user062@example.com,29479
2026-02-17,user063@example.com,13994
2026-02-17,user064@example.com,26052
2026-02-17,user065@example.com,15032
2026-02-17,user066@example.com,23393
2026-02-17,user067@example.com,142542
2026-02-17,user068@example.com,8298
2026-02-17,user069@example.com,143677
2026-02-17,user070@example.com,7002
2026-02-17,user071@example.com,3100
2026-02-17,user072@example.com,31941
2026-02-17,user073@example.com,71645
2026-02-17,user074@example.com,11296
2026-02-17,user075@example.com,2320
2026-02-17,user076@example.com,16216
2026-02-17,user077@example.com,13503
2026-02-17,user078@example.com,91878
2026-02-17,user079@example.com,49523
2026-02-17,user080@example.com,132049
2026-02-17,user081@example.com,9012
2026-02-17,user082@example.com,53587
2026-02-17,user083@example.com,31302
2026-02-17,user084@example.com,90904
2026-02-17,user085@example.com,16876
2026-02-17,user086@example.com,17062
2026-02-17,user087@example.com,8815
2026-02-17,user088@example.com,18639
2026-02-17,user089@example.com,9302
2026-02-17,user090@example.com,11055
2026-02-17,user091@example.com,71040
2026-02-17,user092@example.com,11071
2026-02-17,user093@example.com,9181
2026-02-17,user094@example.com,27280
2026-02-17,user095@example.com,17068
2026-02-17,user096@example.com,36673
2026-02-17,user097@example.com,24869
2026-02-17,user098@example.com,32441
2026-02-17,user099@example.com,77209
2026-02-17,user100@example.com,40765
2026-02-18,user001@example.com,14575
2026-02-18,user002@example.com,13340
2026-02-18,user003@example.com,7025
2026-02-18,user004@example.com,46996
2026-02-18,user005@example.com,28866
2026-02-18,user006@example.com,37685
2026-02-18,user007@example.com,85095
2026-02-18,user008@example.com,10533
2026-02-18,user009@example.com,41790
2026-02-18,user010@example.com,5037
2026-02-18,user011@example.com,51869
2026-02-18,user012@example.com,20142
2026-02-18,user013@example.com,9658
2026-02-18,user014@example.com,41843
2026-02-18,user015@example.com,15289
2026-02-18,user016@example.com,15205
2026-02-18,user017@example.com,32213
2026-02-18,user018@example.com,29282
2026-02-18,user019@example.com,23077
2026-02-18,user020@example.com,20316
2026-02-18,user021@example.com,12903
2026-02-18,user022@example.com,77485
2026-02-18,user023@example.com,38674
2026-02-18,user024@example.com,41373
2026-02-18,user025@example.com,17773
2026-02-18,user026@example.com,4759
2026-02-18,user027@example.com,27442
2026-02-18,user028@example.com,26835
2026-02-18,user029@example.com,41968
2026-02-18,user030@example.com,82286
2026-02-18,user031@example.com,19582
2026-02-18,user032@example.com,26257
2026-02-18,user033@example.com,97957
2026-02-18,user034@example.com,7322
2026-02-18,user035@example.com,4959
2026-02-18,user036@example.com,10806
2026-02-18,user037@example.com,52517
2026-02-18,user038@example.com,94262
2026-02-18,user039@example.com,6258
2026-02-18,user040@example.com,21953
2026-02-18,user041@example.com,98572
2026-02-18,user042@example.com,34474
2026-02-18,user043@example.com,143120
2026-02-18,user044@example.com,15358
2026-02-18,user045@example.com,36495
2026-02-18,user046@example.com,7561
2026-02-18,user047@example.com,48291
2026-02-18,user048@example.com,50164
2026-02-18,user049@example.com,39170
2026-02-18,user050@example.com,17107
2026-02-18,user051@example.com,5808
2026-02-18,user052@example.com,12465
2026-02-18,user053@example.com,5677
2026-02-18,user054@example.com,9290
2026-02-18,user055@example.com,29923
2026-02-18,user056@example.com,3156
2026-02-18,user057@example.com,196208
2026-02-18,user058@example.com,45294
2026-02-18,user059@example.com,83166
2026-02-18,user060@example.com,24657
2026-02-18,user061@example.com,23325
2026-02-18,user062@example.com,60471
2026-02-18,user063@example.com,12580
2026-02-18,user064@example.com,20518
2026-02-18,user065@example.com,25038
2026-02-18,user066@example.com,21680
2026-02-18,user067@example.com,118049
2026-02-18,user068@example.com,6912
2026-02-18,user069@example.com,180118
2026-02-18,user070@example.com,8557
2026-02-18,user071@example.com,5245
2026-02-18,user072@example.com,24644
2026-02-18,user073@example.com,77930
2026-02-18,user074@example.com,11372
2026-02-18,user075@example.com,6466
2026-02-18,user076@example.com,10536
2026-02-18,user077@example.com,15119
2026-02-18,user078@example.com,125228
2026-02-18,user079@example.com,37551
2026-02-18,user080@example.com,36563
2026-02-18,user081@example.com,6344
2026-02-18,user082@example.com,56980
2026-02-18,user083@example.com,30034
2026-02-18,user084@example.com,116494
2026-02-18,user085@example.com,18235
2026-02-18,user086@example.com,16248
2026-02-18,user087@example.com,10982
2026-02-18,user088@example.com,34073
2026-02-18,user089@example.com,7765
2026-02-18,user090@example.com,18771
2026-02-18,user091@example.com,48912
2026-02-18,user092@example.com,16966
2026-02-18,user093@example.com,8046
2026-02-18,user094@example.com,55689
2026-02-18,user095@example.com,10153
2026-02-18,user096@example.com,22647
2026-02-18,user097@example.com,27623
2026-02-18,user098@example.com,14736
2026-02-18,user099@example.com,58355
2026-02-18,user100@example.com,36762
2026-02-19,user001@example.com,37496
2026-02-19,user002@example.com,11862
2026-02-19,user003@example.com,10154
2026-02-19,user004@example.com,15295
2026-02-19,user005@example.com,13316
2026-02-19,user006@example.com,31570
2026-02-19,user007@example.com,125942
2026-02-19,user008@example.com,8415
2026-02-19,user009@example.com,40542
2026-02-19,user010@example.com,10471
2026-02-19,user011@example.com,62479
2026-02-19,user012@example.com,11671
2026-02-19,user013@example.com,9476
2026-02-19,user014@example.com,76854
2026-02-19,user015@example.com,9712
2026-02-19,user016@example.com,29397
2026-02-19,user017@example.com,37518
2026-02-19,user018@example.com,37041
2026-02-19,user019@example.com,26432
2026-02-19,user020@example.com,19906
2026-02-19,user021@example.com,29688
2026-02-19,user022@example.com,338650
2026-02-19,user023@example.com,40306
2026-02-19,user024@example.com,24725
2026-02-19,user025@example.com,17459
2026-02-19,user026@example.com,5760
2026-02-19,user027@example.com,20832
2026-02-19,user028@example.com,27062
2026-02-19,user029@example.com,42997
2026-02-19,user030@example.com,37813
2026-02-19,user031@example.com,33405
2026-02-19,user032@example.com,46326
2026-02-19,user033@example.com,68521
2026-02-19,user034@example.com,9234
2026-02-19,user035@example.com,10334
2026-02-19,user036@example.com,8726
2026-02-19,user037@example.com,39176
2026-02-19,user038@example.com,81527
2026-02-19,user039@example.com,9967
2026-02-19,user040@example.com,16930
2026-02-19,user041@example.com,32315
2026-02-19,user042@example.com,79820
2026-02-19,user043@example.com,93550
2026-02-19,user044@example.com,11154
2026-02-19,user045@example.com,19845
2026-02-19,user046@example.com,5219
2026-02-19,user047@example.com,36596
2026-02-19,user048@example.com,17355
2026-02-19,user049@example.com,73821
2026-02-19,user050@example.com,13146
2026-02-19,user051@example.com,4704
2026-02-19,user052@example.com,9764
2026-02-19,user053@example.com,13907
2026-02-19,user054@example.com,9752
2026-02-19,user055@example.com,13138
2026-02-19,user056@example.com,10471
2026-02-19,user057@example.com,147128
2026-02-19,user058@example.com,36677
2026-02-19,user059@example.com,124662
2026-02-19,user060@example.com,46816
2026-02-19,user061@example.com,49726
2026-02-19,user062@example.com,30711
2026-02-19,user063@example.com,15641
2026-02-19,user064@example.com,38045
2026-02-19,user065@example.com,24117
2026-02-19,user066@example.com,12800
2026-02-19,user067@example.com,107320
2026-02-19,user068@example.com,6666
2026-02-19,user069@example.com,129662
2026-02-19,user070@example.com,8593
2026-02-19,user071@example.com,3265
2026-02-19,user072@example.com,38756
2026-02-19,user073@example.com,131209
2026-02-19,user074@example.com,9090
2026-02-19,user075@example.com,7623
2026-02-19,user076@example.com,7633
2026-02-19,user077@example.com,12838
2026-02-19,user078@example.com,80574
2026-02-19,user079@example.com,21733
2026-02-19,user080@example.com,39890
2026-02-19,user081@example.com,8652
2026-02-19,user082@example.com,39323
2026-02-19,user083@example.com,28939
2026-02-19,user084@example.com,83658
2026-02-19,user085@example.com,18199
2026-02-19,user086@example.com,33388
2026-02-19,user087@example.com,10130
2026-02-19,user088@example.com,18997
2026-02-19,user089@example.com,12588
2026-02-19,user090@example.com,18849
2026-02-19,user091@example.com,68249
2026-02-19,user092@example.com,19996
2026-02-19,user093@example.com,8795
2026-02-19,user094@example.com,36813
2026-02-19,user095@example.com,3909
2026-02-19,user096@example.com,21431
2026-02-19,user097@example.com,48344
2026-02-19,user098@example.com,17625
2026-02-19,user099@example.com,104105
2026-02-19,user100@example.com,61188
2026-02-20,user001@example.com,23093
2026-02-20,user002@example.com,16106
2026-02-20,user003@example.com,9795
2026-02-20,user004@example.com,54892
2026-02-20,user005@example.com,14067
2026-02-20,user006@example.com,23872
2026-02-20,user007@example.com,115399
2026-02-20,user008@example.com,5993
2026-02-20,user009@example.com,45730
2026-02-20,user010@example.com,13105
2026-02-20,user011@example.com,65998
2026-02-20,user012@example.com,13369
2026-02-20,user013@example.com,8975
2026-02-20,user014@example.com,25489
2026-02-20,user015@example.com,10531
2026-02-20,user016@example.com,17781
2026-02-20,user017@example.com,23599
2026-02-20,user018@example.com,54245
2026-02-20,user019@example.com,31429
2026-02-20,user020@example.com,17646
2026-02-20,user021@example.com,31073
2026-02-20,user022@example.com,75657
2026-02-20,user023@example.com,22844
2026-02-20,user024@example.com,33510
2026-02-20,user025@example.com,28550
2026-02-20,user026@example.com,7914
2026-02-20,user027@example.com,41901
2026-02-20,user028@example.com,30704
2026-02-20,user029@example.com,37642
2026-02-20,user030@example.com,62342
2026-02-20,user031@example.com,15873
2026-02-20,user032@example.com,39037
2026-02-20,user033@example.com,59843
2026-02-20,user034@example.com,9818
2026-02-20,user035@example.com,4910
2026-02-20,user036@example.com,16148
2026-02-20,user037@example.com,37879
2026-02-20,user038@example.com,53304
2026-02-20,user039@example.com,9106
2026-02-20,user040@example.com,23888
2026-02-20,user041@example.com,119255
2026-02-20,user042@example.com,31251
2026-02-20,user043@example.com,50082
2026-02-20,user044@example.com,12702
2026-02-20,user045@example.com,12285
2026-02-20,user046@example.com,5698
2026-02-20,user047@example.com,35100
2026-02-20,user048@example.com,29156
2026-02-20,user049@example.com,41648
2026-02-20,user050@example.com,15678
2026-02-20,user051@example.com,6032
2026-02-20,user052@example.com,11147
2026-02-20,user053@example.com,9181
2026-02-20,user054@example.com,9877
2026-02-20,user055@example.com,23200
2026-02-20,user056@example.com,8920
2026-02-20,user057@example.com,128542
2026-02-20,user058@example.com,35015
2026-02-20,user059@example.com,54856
2026-02-20,user060@example.com,20271
2026-02-20,user061@example.com,26922
2026-02-20,user062@example.com,49576
2026-02-20,user063@example.com,6839
2026-02-20,user064@example.com,25981
2026-02-20,user065@example.com,16292
2026-02-20,user066@example.com,27465
2026-02-20,user067@example.com,160884
2026-02-20,user068@example.com,7556
2026-02-20,user069@example.com,131142
2026-02-20,user070@example.com,6065
2026-02-20,user071@example.com,6356
2026-02-20,user072@example.com,35673
2026-02-20,user073@example.com,113163
2026-02-20,user074@example.com,10695
2026-02-20,user075@example.com,12883
2026-02-20,user076@example.com,4925
2026-02-20,user077@example.com,13431
2026-02-20,user078@example.com,72406
2026-02-20,user079@example.com,24137
2026-02-20,user080@example.com,57872
2026-02-20,user081@example.com,6966
2026-02-20,user082@example.com,106671
2026-02-20,user083@example.com,28011
2026-02-20,user084@example.com,64259
2026-02-20,user085@example.com,21914
2026-02-20,user086@example.com,11012
2026-02-20,user087@example.com,10848
2026-02-20,user088@example.com,30045
2026-02-20,user089@example.com,12603
2026-02-20,user090@example.com,28005
2026-02-20,user091@example.com,55664
2026-02-20,user092@example.com,10629
2026-02-20,user093@example.com,6664
2026-02-20,user094@example.com,22048
2026-02-20,user095@example.com,6474
2026-02-20,user096@example.com,14575
2026-02-20,user097@example.com,33223
2026-02-20,user098@example.com,21090
2026-02-20,user099@example.com,115686
2026-02-20,user100@example.com,109131
2026-02-21,user001@example.com,13616
2026-02-21,user002@example.com,5525
2026-02-21,user003@example.com,7869
2026-02-21,user004@example.com,31039
2026-02-21,user005@example.com,20284
2026-02-21,user006@example.com,18369
2026-02-21,user007@example.com,98529
2026-02-21,user008@example.com,9349
2026-02-21,user009@example.com,44431
2026-02-21,user010@example.com,2765
2026-02-21,user011@example.com,55047
2026-02-21,user012@example.com,11391
2026-02-21,user013@example.com,5961
2026-02-21,user014@example.com,56583
2026-02-21,user015@example.com,15043
2026-02-21,user016@example.com,21166
2026-02-21,user017@example.com,44023
2026-02-21,user018@example.com,22916
2026-02-21,user019@example.com,16174
2026-02-21,user020@example.com,16172
2026-02-21,user021@example.com,30789
2026-02-21,user022@example.com,93940
2026-02-21,user023@example.com,20958
2026-02-21,user024@example.com,42682
2026-02-21,user025@example.com,16736
2026-02-21,user026@example.com,5239
2026-02-21,user027@example.com,38184
2026-02-21,user028@example.com,36913
2026-02-21,user029@example.com,71050
2026-02-21,user030@example.com,73209
2026-02-21,user031@example.com,32226
2026-02-21,user032@example.com,30357
2026-02-21,user033@example.com,57409
2026-02-21,user034@example.com,9201
2026-02-21,user035@example.com,5690
2026-02-21,user036@example.com,4293
2026-02-21,user037@example.com,34082
2026-02-21,user038@example.com,94540
2026-02-21,user039@example.com,10213
2026-02-21,user040@example.com,22418
2026-02-21,user041@example.com,69349
2026-02-21,user042@example.com,30346
2026-02-21,user043@example.com,68675
2026-02-21,user044@example.com,5918
2026-02-21,user045@example.com,35093
2026-02-21,user046@example.com,6293
2026-02-21,user047@example.com,33496
2026-02-21,user048@example.com,20362
2026-02-21,user049@example.com,86251
2026-02-21,user050@example.com,12904
2026-02-21,user051@example.com,5390
2026-02-21,user052@example.com,12225
2026-02-21,user053@example.com,10142
2026-02-21,user054@example.com,12590
2026-02-21,user055@example.com,35374
2026-02-21,user056@example.com,7477
2026-02-21,user057@example.com,73036
2026-02-21,user058@example.com,25761
2026-02-21,user059@example.com,100281
2026-02-21,user060@example.com,38754
2026-02-21,user061@example.com,13166
2026-02-21,user062@example.com,55203
2026-02-21,user063@example.com,8755
2026-02-21,user064@example.com,41389
2026-02-21,user065@example.com,18131
2026-02-21,user066@example.com,15990
2026-02-21,user067@example.com,137466
2026-02-21,user068@example.com,10336
2026-02-21,user069@example.com,126526
2026-02-21,user070@example.com,5456
2026-02-21,user071@example.com,5077
2026-02-21,user072@example.com,21000
2026-02-21,user073@example.com,109512
2026-02-21,user074@example.com,10443
2026-02-21,user075@example.com,3909
2026-02-21,user076@example.com,5187
2026-02-21,user077@example.com,8976
2026-02-21,user078@example.com,48920
2026-02-21,user079@example.com,23187
2026-02-21,user080@example.com,36853
2026-02-21,user081@example.com,5421
2026-02-21,user082@example.com,27982
2026-02-21,user083@example.com,15949
2026-02-21,user084@example.com,182752
2026-02-21,user085@example.com,29128
2026-02-21,user086@example.com,16350
2026-02-21,user087@example.com,11626
2026-02-21,user088@example.com,32620
2026-02-21,user089@example.com,13660
2026-02-21,user090@example.com,14109
2026-02-21,user091@example.com,91794
2026-02-21,user092@example.com,8724
2026-02-21,user093@example.com,5150
2026-02-21,user094@example.com,39774
2026-02-21,user095@example.com,8610
2026-02-21,user096@example.com,53126
2026-02-21,user097@example.com,23813
2026-02-21,user098@example.com,35996
2026-02-21,user099@example.com,78007
2026-02-21,user100@example.com,72093
2026-02-22,user001@example.com,7453
2026-02-22,user002@example.com,3944
2026-02-22,user003@example.com,3638
2026-02-22,user004@example.com,18428
2026-02-22,user005@example.com,8718
2026-02-22,user006@example.com,15704
2026-02-22,user007@example.com,87918
2026-02-22,user008@example.com,5888
2026-02-22,user009@example.com,31588
2026-02-22,user010@example.com,3680
2026-02-22,user011@example.com,23755
2026-02-22,user012@example.com,9890
2026-02-22,user013@example.com,3862
2026-02-22,user014@example.com,24652
2026-02-22,user015@example.com,18927
2026-02-22,user016@example.com,14630
2026-02-22,user017@example.com,12464
2026-02-22,user018@example.com,11868
2026-02-22,user019@example.com,28479
2026-02-22,user020@example.com,10284
2026-02-22,user021@example.com,12821
2026-02-22,user022@example.com,80044
2026-02-22,user023@example.com,20883
2026-02-22,user024@example.com,19763
2026-02-22,user025@example.com,10142
2026-02-22,user026@example.com,3259
2026-02-22,user027@example.com,28411
2026-02-22,user028@example.com,19865
2026-02-22,user029@example.com,16381
2026-02-22,user030@example.com,46476
2026-02-22,user031@example.com,11918
2026-02-22,user032@example.com,15618
2026-02-22,user033@example.com,36599
2026-02-22,user034@example.com,3711
2026-02-22,user035@example.com,2893
2026-02-22,user036@example.com,5600
2026-02-22,user037@example.com,15875
2026-02-22,user038@example.com,50991
2026-02-22,user039@example.com,4154
2026-02-22,user040@example.com,9960
2026-02-22,user041@example.com,21438
2026-02-22,user042@example.com,19479
2026-02-22,user043@example.com,44607
2026-02-22,user044@example.com,6316
2026-02-22,user045@example.com,11797
2026-02-22,user046@example.com,2391
2026-02-22,user047@example.com,30753
2026-02-22,user048@example.com,17617
2026-02-22,user049@example.com,19215
2026-02-22,user050@example.com,10875
2026-02-22,user051@example.com,3034
2026-02-22,user052@example.com,6623
2026-02-22,user053@example.com,5638
2026-02-22,user054@example.com,2836
2026-02-22,user055@example.com,9035
2026-02-22,user056@example.com,3326
2026-02-22,user057@example.com,67132
2026-02-22,user058@example.com,24850
2026-02-22,user059@example.com,39906
2026-02-22,user060@example.com,9165
2026-02-22,user061@example.com,10422
2026-02-22,user062@example.com,15894
2026-02-22,user063@example.com,4227
2026-02-22,user064@example.com,23476
2026-02-22,user065@example.com,7545
2026-02-22,user066@example.com,14484
2026-02-22,user067@example.com,33828
2026-02-22,user068@example.com,3922
2026-02-22,user069@example.com,46587
2026-02-22,user070@example.com,5719
2026-02-22,user071@example.com,3303
2026-02-22,user072@example.com,9739
2026-02-22,user073@example.com,23714
2026-02-22,user074@example.com,5291
2026-02-22,user075@example.com,3944
2026-02-22,user076@example.com,4148
2026-02-22,user077@example.com,6508
2026-02-22,user078@example.com,71699
2026-02-22,user079@example.com,14839
2026-02-22,user080@example.com,43528
2026-02-22,user081@example.com,2054
2026-02-22,user082@example.com,15330
2026-02-22,user083@example.com,8694
2026-02-22,user084@example.com,47488
2026-02-22,user085@example.com,10735
2026-02-22,user086@example.com,12977
2026-02-22,user087@example.com,6272
2026-02-22,user088@example.com,11829
2026-02-22,user089@example.com,4890
2026-02-22,user090@example.com,6460
2026-02-22,user091@example.com,58607
2026-02-22,user092@example.com,5519
2026-02-22,user093@example.com,4022
2026-02-22,user094@example.com,31259
2026-02-22,user095@example.com,2060
2026-02-22,user096@example.com,8409
2026-02-22,user097@example.com,14338
2026-02-22,user098@example.com,15981
2026-02-22,user099@example.com,60808
2026-02-22,user100@example.com,41227
2026-02-23,user001@example.com,27690
2026-02-23,user002@example.com,2521
2026-02-23,user003@example.com,5332
2026-02-23,user004@example.com,13313
2026-02-23,user005@example.com,8021
2026-02-23,user006@example.com,9061
2026-02-23,user007@example.com,40307
2026-02-23,user008@example.com,7770
2026-02-23,user009@example.com,21729
2026-02-23,user010@example.com,2896
2026-02-23,user011@example.com,52678
2026-02-23,user012@example.com,3262
2026-02-23,user013@example.com,2703
2026-02-23,user014@example.com,7550
2026-02-23,user015@example.com,7711
2026-02-23,user016@example.com,11910
2026-02-23,user017@example.com,19691
2026-02-23,user018@example.com,15567
2026-02-23,user019@example.com,9874
2026-02-23,user020@example.com,13046
2026-02-23,user021@example.com,12241
2026-02-23,user022@example.com,71605
2026-02-23,user023@example.com,7616
2026-02-23,user024@example.com,18045
2026-02-23,user025@example.com,6500
2026-02-23,user026@example.com,2857
2026-02-23,user027@example.com,22901
2026-02-23,user028@example.com,15252
2026-02-23,user029@example.com,12010
2026-02-23,user030@example.com,28790
2026-02-23,user031@example.com,6585
2026-02-23,user032@example.com,28411
2026-02-23,user033@example.com,40103
2026-02-23,user034@example.com,6981
2026-02-23,user035@example.com,2389
2026-02-23,user036@example.com,2733
2026-02-23,user037@example.com,14537
2026-02-23,user038@example.com,58553
2026-02-23,user039@example.com,3681
2026-02-23,user040@example.com,12341
2026-02-23,user041@example.com,28716
2026-02-23,user042@example.com,9511
2026-02-23,user043@example.com,35291
2026-02-23,user044@example.com,3123
2026-02-23,user045@example.com,9965
2026-02-23,user046@example.com,2163
2026-02-23,user047@example.com,26265
2026-02-23,user048@example.com,14310
2026-02-23,user049@example.com,15205
2026-02-23,user050@example.com,12391
2026-02-23,user051@example.com,4599
2026-02-23,user052@example.com,5500
2026-02-23,user053@example.com,3290
2026-02-23,user054@example.com,2537
2026-02-23,user055@example.com,7746
2026-02-23,user056@example.com,2645
2026-02-23,user057@example.com,57516
2026-02-23,user058@example.com,13092
2026-02-23,user059@example.com,60041
2026-02-23,user060@example.com,7947
2026-02-23,user061@example.com,11033
2026-02-23,user062@example.com,28747
2026-02-23,user063@example.com,4855
2026-02-23,user064@example.com,15844
2026-02-23,user065@example.com,7978
2026-02-23,user066@example.com,9019
2026-02-23,user067@example.com,41135
2026-02-23,user068@example.com,3565
2026-02-23,user069@example.com,61481
2026-02-23,user070@example.com,2657
2026-02-23,user071@example.com,2048
2026-02-23,user072@example.com,35269
2026-02-23,user073@example.com,48196
2026-02-23,user074@example.com,2884
2026-02-23,user075@example.com,2461
2026-02-23,user076@example.com,3412
2026-02-23,user077@example.com,10060
2026-02-23,user078@example.com,29237
2026-02-23,user079@example.com,22769
2026-02-23,user080@example.com,46882
2026-02-23,user081@example.com,2633
2026-02-23,user082@example.com,17236
2026-02-23,user083@example.com,10279
2026-02-23,user084@example.com,43949
2026-02-23,user085@example.com,9723
2026-02-23,user086@example.com,14179
2026-02-23,user087@example.com,8113
2026-02-23,user088@example.com,11370
2026-02-23,user089@example.com,2369
2026-02-23,user090@example.com,9775
2026-02-23,user091@example.com,36383
2026-02-23,user092@example.com,6045
2026-02-23,user093@example.com,3843
2026-02-23,user094@example.com,16902
2026-02-23,user095@example.com,4881
2026-02-23,user096@example.com,12865
2026-02-23,user097@example.com,16667
2026-02-23,user098@example.com,12400
2026-02-23,user099@example.com,44470
2026-02-23,user100@example.com,50941
2026-02-24,user001@example.com,25744
2026-02-24,user002@example.com,13417
2026-02-24,user003@example.com,8876
2026-02-24,user004@example.com,57970
2026-02-24,user005@example.com,47694
2026-02-24,user006@example.com,32139
2026-02-24,user007@example.com,139079
2026-02-24,user008@example.com,10644
2026-02-24,user009@example.com,17129
2026-02-24,user010@example.com,9093
2026-02-24,user011@example.com,83913
2026-02-24,user012@example.com,15695
2026-02-24,user013@example.com,8192
2026-02-24,user014@example.com,34492
2026-02-24,user015@example.com,20800
2026-02-24,user016@example.com,39250
2026-02-24,user017@example.com,40571
2026-02-24,user018@example.com,74682
2026-02-24,user019@example.com,45883
2026-02-24,user020@example.com,15369
2026-02-24,user021@example.com,26243
2026-02-24,user022@example.com,107554
2026-02-24,user023@example.com,16715
2026-02-24,user024@example.com,69069
2026-02-24,user025@example.com,30721
2026-02-24,user026@example.com,9649
2026-02-24,user027@example.com,49084
2026-02-24,user028@example.com,22211
2026-02-24,user029@example.com,33316
2026-02-24,user030@example.com,94059
2026-02-24,user031@example.com,19000
2026-02-24,user032@example.com,19096
2026-02-24,user033@example.com,97054
2026-02-24,user034@example.com,10951
2026-02-24,user035@example.com,7345
2026-02-24,user036@example.com,10331
2026-02-24,user037@example.com,57905
2026-02-24,user038@example.com,115045
2026-02-24,user039@example.com,17489
2026-02-24,user040@example.com,14114
2026-02-24,user041@example.com,95529
2026-02-24,user042@example.com,57681
2026-02-24,user043@example.com,68096
2026-02-24,user044@example.com,6801
2026-02-24,user045@example.com,18499
2026-02-24,user046@example.com,6351
2026-02-24,user047@example.com,60300
2026-02-24,user048@example.com,29057
2026-02-24,user049@example.com,29240
2026-02-24,user050@example.com,19389
2026-02-24,user051@example.com,11843
2026-02-24,user052@example.com,13572
2026-02-24,user053@example.com,9869
2026-02-24,user054@example.com,11074
2026-02-24,user055@example.com,37753
2026-02-24,user056@example.com,6159
2026-02-24,user057@example.com,214114
2026-02-24,user058@example.com,38784
2026-02-24,user059@example.com,108807
2026-02-24,user060@example.com,57637
2026-02-24,user061@example.com,18970
2026-02-24,user062@example.com,40929
2026-02-24,user063@example.com,6827
2026-02-24,user064@example.com,55072
2026-02-24,user065@example.com,43384
2026-02-24,user066@example.com,49248
2026-02-24,user067@example.com,207361
2026-02-24,user068@example.com,9806
2026-02-24,user069@example.com,101281
2026-02-24,user070@example.com,3903
2026-02-24,user071@example.com,16326
2026-02-24,user072@example.com,54585
2026-02-24,user073@example.com,88462
2026-02-24,user074@example.com,18319
2026-02-24,user075@example.com,4984
2026-02-24,user076@example.com,9231
2026-02-24,user077@example.com,12719
2026-02-24,user078@example.com,131407
2026-02-24,user079@example.com,38592
2026-02-24,user080@example.com,42159
2026-02-24,user081@example.com,8221
2026-02-24,user082@example.com,66869
2026-02-24,user083@example.com,35661
2026-02-24,user084@example.com,150962
2026-02-24,user085@example.com,16658
2026-02-24,user086@example.com,27198
2026-02-24,user087@example.com,10858
2026-02-24,user088@example.com,46794
2026-02-24,user089@example.com,11635
2026-02-24,user090@example.com,30581
2026-02-24,user091@example.com,117159
2026-02-24,user092@example.com,17210
2026-02-24,user093@example.com,11562
2026-02-24,user094@example.com,27824
2026-02-24,user095@example.com,6998
2026-02-24,user096@example.com,22778
2026-02-24,user097@example.com,41067
2026-02-24,user098@example.com,31602
2026-02-24,user099@example.com,81675
2026-02-24,user100@example.com,35312
2026-02-25,user001@example.com,23535
2026-02-25,user002@example.com,15661
2026-02-25,user003@example.com,7101
2026-02-25,user004@example.com,42981
2026-02-25,user005@example.com,50598
2026-02-25,user006@example.com,42540
2026-02-25,user007@example.com,260164
2026-02-25,user008@example.com,13053
2026-02-25,user009@example.com,64323
2026-02-25,user010@example.com,5890
2026-02-25,user011@example.com,69221
2026-02-25,user012@example.com,5611
2026-02-25,user013@example.com,17241
2026-02-25,user014@example.com,73288
2026-02-25,user015@example.com,21438
2026-02-25,user016@example.com,27208
2026-02-25,user017@example.com,38542
2026-02-25,user018@example.com,44623
2026-02-25,user019@example.com,63371
2026-02-25,user020@example.com,14137
2026-02-25,user021@example.com,34318
2026-02-25,user022@example.com,132852
2026-02-25,user023@example.com,40609
2026-02-25,user024@example.com,50195
2026-02-25,user025@example.com,24361
2026-02-25,user026@example.com,8364
2026-02-25,user027@example.com,46560
2026-02-25,user028@example.com,54813
2026-02-25,user029@example.com,49494
2026-02-25,user030@example.com,81982
2026-02-25,user031@example.com,19059
2026-02-25,user032@example.com,43952
2026-02-25,user033@example.com,155912
2026-02-25,user034@example.com,12633
2026-02-25,user035@example.com,9559
2026-02-25,user036@example.com,16094
2026-02-25,user037@example.com,72178
2026-02-25,user038@example.com,117608
2026-02-25,user039@example.com,10426
2026-02-25,user040@example.com,10646
2026-02-25,user041@example.com,81768
2026-02-25,user042@example.com,44769
2026-02-25,user043@example.com,130502
2026-02-25,user044@example.com,11813
2026-02-25,user045@example.com,23259
2026-02-25,user046@example.com,4652
2026-02-25,user047@example.com,36112
2026-02-25,user048@example.com,46114
2026-02-25,user049@example.com,77933
2026-02-25,user050@example.com,25146
2026-02-25,user051@example.com,9728
2026-02-25,user052@example.com,20426
2026-02-25,user053@example.com,8570
2026-02-25,user054@example.com,14175
2026-02-25,user055@example.com,20078
2026-02-25,user056@example.com,11739
2026-02-25,user057@example.com,154325
2026-02-25,user058@example.com,43327
2026-02-25,user059@example.com,94804
2026-02-25,user060@example.com,33325
2026-02-25,user061@example.com,61684
2026-02-25,user062@example.com,35263
2026-02-25,user063@example.com,10107
2026-02-25,user064@example.com,46355
2026-02-25,user065@example.com,34263
2026-02-25,user066@example.com,24448
2026-02-25,user067@example.com,54298
2026-02-25,user068@example.com,18318
2026-02-25,user069@example.com,162699
2026-02-25,user070@example.com,4122
2026-02-25,user071@example.com,7012
2026-02-25,user072@example.com,86877
2026-02-25,user073@example.com,188950
2026-02-25,user074@example.com,17316
2026-02-25,user075@example.com,7135
2026-02-25,user076@example.com,8928
2026-02-25,user077@example.com,13980
2026-02-25,user078@example.com,168956
2026-02-25,user079@example.com,31460
2026-02-25,user080@example.com,57240
2026-02-25,user081@example.com,12351
2026-02-25,user082@example.com,49407
2026-02-25,user083@example.com,63229
2026-02-25,user084@example.com,98563
2026-02-25,user085@example.com,25524
2026-02-25,user086@example.com,21532
2026-02-25,user087@example.com,14673
2026-02-25,user088@example.com,23262
2026-02-25,user089@example.com,10511
2026-02-25,user090@example.com,15739
2026-02-25,user091@example.com,110575
2026-02-25,user092@example.com,18809
2026-02-25,user093@example.com,6212
2026-02-25,user094@example.com,68178
2026-02-25,user095@example.com,18187
2026-02-25,user096@example.com,30219
2026-02-25,user097@example.com,40094
2026-02-25,user098@example.com,104882
2026-02-25,user099@example.com,78578
2026-02-25,user100@example.com,76427
2026-02-26,user001@example.com,25164
2026-02-26,user002@example.com,18623
2026-02-26,user003@example.com,10259
2026-02-26,user004@example.com,28528
2026-02-26,user005@example.com,14821
2026-02-26,user006@example.com,20965
2026-02-26,user007@example.com,81760
2026-02-26,user008@example.com,9198
2026-02-26,user009@example.com,27881
2026-02-26,user010@example.com,3575
2026-02-26,user011@example.com,106939
2026-02-26,user012@example.com,9771
2026-02-26,user013@example.com,5804
2026-02-26,user014@example.com,32025
2026-02-26,user015@example.com,21177
2026-02-26,user016@example.com,12823
2026-02-26,user017@example.com,44783
2026-02-26,user018@example.com,21497
2026-02-26,user019@example.com,61823
2026-02-26,user020@example.com,24838
2026-02-26,user021@example.com,20544
2026-02-26,user022@example.com,89604
2026-02-26,user023@example.com,29895
2026-02-26,user024@example.com,42093
2026-02-26,user025@example.com,20492
2026-02-26,user026@example.com,6387
2026-02-26,user027@example.com,40699
2026-02-26,user028@example.com,25105
2026-02-26,user029@example.com,30124
2026-02-26,user030@example.com,29061
2026-02-26,user031@example.com,33225
2026-02-26,user032@example.com,44271
2026-02-26,user033@example.com,69005
2026-02-26,user034@example.com,19255
2026-02-26,user035@example.com,6216
2026-02-26,user036@example.com,4795
2026-02-26,user037@example.com,53819
2026-02-26,user038@example.com,103981
2026-02-26,user039@example.com,11374
2026-02-26,user040@example.com,17813
2026-02-26,user041@example.com,80691
2026-02-26,user042@example.com,36384
2026-02-26,user043@example.com,109890
2026-02-26,user044@example.com,5086
2026-02-26,user045@example.com,17763
2026-02-26,user046@example.com,12592
2026-02-26,user047@example.com,30486
2026-02-26,user048@example.com,25105
2026-02-26,user049@example.com,29038
2026-02-26,user050@example.com,13514
2026-02-26,user051@example.com,3182
2026-02-26,user052@example.com,10728
2026-02-26,user053@example.com,9486
2026-02-26,user054@example.com,9727
2026-02-26,user055@example.com,19653
2026-02-26,user056@example.com,6997
2026-02-26,user057@example.com,166368
2026-02-26,user058@example.com,29014
2026-02-26,user059@example.com,81039
2026-02-26,user060@example.com,18739
2026-02-26,user061@example.com,28942
2026-02-26,user062@example.com,65364
2026-02-26,user063@example.com,7260
2026-02-26,user064@example.com,35164
2026-02-26,user065@example.com,23275
2026-02-26,user066@example.com,16695
2026-02-26,user067@example.com,117139
2026-02-26,user068@example.com,5414
2026-02-26,user069@example.com,53340
2026-02-26,user070@example.com,6856
2026-02-26,user071@example.com,6025
2026-02-26,user072@example.com,42801
2026-02-26,user073@example.com,89894
2026-02-26,user074@example.com,7040
2026-02-26,user075@example.com,5935
2026-02-26,user076@example.com,4476
2026-02-26,user077@example.com,18924
2026-02-26,user078@example.com,56278
2026-02-26,user079@example.com,31718
2026-02-26,user080@example.com,41872
2026-02-26,user081@example.com,8415
2026-02-26,user082@example.com,35507
2026-02-26,user083@example.com,25866
2026-02-26,user084@example.com,133551
2026-02-26,user085@example.com,20890
2026-02-26,user086@example.com,28312
2026-02-26,user087@example.com,8249
2026-02-26,user088@example.com,18968
2026-02-26,user089@example.com,10286
2026-02-26,user090@example.com,18492
2026-02-26,user091@example.com,85816
2026-02-26,user092@example.com,11309
2026-02-26,user093@example.com,9719
2026-02-26,user094@example.com,19244
2026-02-26,user095@example.com,11679
2026-02-26,user096@example.com,22309
2026-02-26,user097@example.com,50903
2026-02-26,user098@example.com,23144
2026-02-26,user099@example.com,110351
2026-02-26,user100@example.com,38223
2026-02-27,user001@example.com,27222
2026-02-27,user002@example.com,10098
2026-02-27,user003@example.com,8987
2026-02-27,user004@example.com,42650
2026-02-27,user005@example.com,13210
2026-02-27,user006@example.com,18288
2026-02-27,user007@example.com,134235
2026-02-27,user008@example.com,18541
2026-02-27,user009@example.com,31830
2026-02-27,user010@example.com,7294
2026-02-27,user011@example.com,65290
2026-02-27,user012@example.com,22572
2026-02-27,user013@example.com,4826
2026-02-27,user014@example.com,34531
2026-02-27,user015@example.com,11512
2026-02-27,user016@example.com,9665
2026-02-27,user017@example.com,43519
2026-02-27,user018@example.com,32027
2026-02-27,user019@example.com,30236
2026-02-27,user020@example.com,19591
2026-02-27,user021@example.com,68733
2026-02-27,user022@example.com,104497
2026-02-27,user023@example.com,36464
2026-02-27,user024@example.com,26614
2026-02-27,user025@example.com,22547
2026-02-27,user026@example.com,6235
2026-02-27,user027@example.com,33967
2026-02-27,user028@example.com,57649
2026-02-27,user029@example.com,50439
2026-02-27,user030@example.com,62216
2026-02-27,user031@example.com,10374
2026-02-27,user032@example.com,34561
2026-02-27,user033@example.com,229127
2026-02-27,user034@example.com,8987
2026-02-27,user035@example.com,8726
2026-02-27,user036@example.com,11228
2026-02-27,user037@example.com,42340
2026-02-27,user038@example.com,66259
2026-02-27,user039@example.com,4154
2026-02-27,user040@example.com,25835
2026-02-27,user041@example.com,50963
2026-02-27,user042@example.com,41709
2026-02-27,user043@example.com,57442
2026-02-27,user044@example.com,8879
2026-02-27,user045@example.com,20575
2026-02-27,user046@example.com,7445
2026-02-27,user047@example.com,26547
2026-02-27,user048@example.com,46371
2026-02-27,user049@example.com,27108
2026-02-27,user050@example.com,11316
2026-02-27,user051@example.com,6524
2026-02-27,user052@example.com,11576
2026-02-27,user053@example.com,9410
2026-02-27,user054@example.com,15694
2026-02-27,user055@example.com,18719
2026-02-27,user056@example.com,6500
2026-02-27,user057@example.com,77743
2026-02-27,user058@example.com,40649
2026-02-27,user059@example.com,103926
2026-02-27,user060@example.com,17554
2026-02-27,user061@example.com,11931
2026-02-27,user062@example.com,65017
2026-02-27,user063@example.com,5788
2026-02-27,user064@example.com,27161
2026-02-27,user065@example.com,23050
2026-02-27,user066@example.com,15287
2026-02-27,user067@example.com,67816
2026-02-27,user068@example.com,4228
2026-02-27,user069@example.com,125404
2026-02-27,user070@example.com,4901
2026-02-27,user071@example.com,18883
2026-02-27,user072@example.com,27689
2026-02-27,user073@example.com,64438
2026-02-27,user074@example.com,7993
2026-02-27,user075@example.com,6457
2026-02-27,user076@example.com,5749
2026-02-27,user077@example.com,14172
2026-02-27,user078@example.com,63162
2026-02-27,user079@example.com,20598
2026-02-27,user080@example.com,31606
2026-02-27,user081@example.com,3112
2026-02-27,user082@example.com,32713
2026-02-27,user083@example.com,27452
2026-02-27,user084@example.com,78115
2026-02-27,user085@example.com,31421
2026-02-27,user086@example.com,35717
2026-02-27,user087@example.com,10172
2026-02-27,user088@example.com,16279
2026-02-27,user089@example.com,7991
2026-02-27,user090@example.com,16483
2026-02-27,user091@example.com,53855
2026-02-27,user092@example.com,8959
2026-02-27,user093@example.com,7077
2026-02-27,user094@example.com,29179
2026-02-27,user095@example.com,4747
2026-02-27,user096@example.com,24996
2026-02-27,user097@example.com,44487
2026-02-27,user098@example.com,22177
2026-02-27,user099@example.com,152026
2026-02-27,user100@example.com,42086
2026-02-28,user001@example.com,12445
2026-02-28,user002@example.com,12328
2026-02-28,user003@example.com,6304
2026-02-28,user004@example.com,35264
2026-02-28,user005@example.com,8270
2026-02-28,user006@example.com,35689
2026-02-28,user007@example.com,136525
2026-02-28,user008@example.com,4964
2026-02-28,user009@example.com,18781
2026-02-28,user010@example.com,10044
2026-02-28,user011@example.com,49396
2026-02-28,user012@example.com,8058
2026-02-28,user013@example.com,3797
2026-02-28,user014@example.com,27872
2026-02-28,user015@example.com,17711
2026-02-28,user016@example.com,28161
2026-02-28,user017@example.com,22670
2026-02-28,user018@example.com,16900
2026-02-28,user019@example.com,36901
2026-02-28,user020@example.com,27284
2026-02-28,user021@example.com,12649
2026-02-28,user022@example.com,157549
2026-02-28,user023@example.com,29153
2026-02-28,user024@example.com,46181
2026-02-28,user025@example.com,18716
2026-02-28,user026@example.com,2644
2026-02-28,user027@example.com,35078
2026-02-28,user028@example.com,41700
2026-02-28,user029@example.com,23049
2026-02-28,user030@example.com,48844
2026-02-28,user031@example.com,20611
2026-02-28,user032@example.com,13408
2026-02-28,user033@example.com,150635
2026-02-28,user034@example.com,6705
2026-02-28,user035@example.com,6678
2026-02-28,user036@example.com,6202
2026-02-28,user037@example.com,57450
2026-02-28,user038@example.com,96738
2026-02-28,user039@example.com,8465
2026-02-28,user040@example.com,14030
2026-02-28,user041@example.com,84539
2026-02-28,user042@example.com,19202
2026-02-28,user043@example.com,105210
2026-02-28,user044@example.com,6256
2026-02-28,user045@example.com,29734
2026-02-28,user046@example.com,6765
2026-02-28,user047@example.com,46349
2026-02-28,user048@example.com,29611
2026-02-28,user049@example.com,17065
2026-02-28,user050@example.com,14192
2026-02-28,user051@example.com,8090
2026-02-28,user052@example.com,11437
2026-02-28,user053@example.com,12687
2026-02-28,user054@example.com,10583
2026-02-28,user055@example.com,13676
2026-02-28,user056@example.com,4839
2026-02-28,user057@example.com,111857
2026-02-28,user058@example.com,12801
2026-02-28,user059@example.com,165102
2026-02-28,user060@example.com,22390
2026-02-28,user061@example.com,33683
2026-02-28,user062@example.com,21275
2026-02-28,user063@example.com,12973
2026-02-28,user064@example.com,68817
2026-02-28,user065@example.com,12081
2026-02-28,user066@example.com,28716
2026-02-28,user067@example.com,107943
2026-02-28,user068@example.com,4887
2026-02-28,user069@example.com,109222
2026-02-28,user070@example.com,7490
2026-02-28,user071@example.com,5180
2026-02-28,user072@example.com,55636
2026-02-28,user073@example.com,46829
2026-02-28,user074@example.com,5446
2026-02-28,user075@example.com,5868
2026-02-28,user076@example.com,6450
2026-02-28,user077@example.com,8396
2026-02-28,user078@example.com,111414
2026-02-28,user079@example.com,37948
2026-02-28,user080@example.com,75548
2026-02-28,user081@example.com,6124
2026-02-28,user082@example.com,45680
2026-02-28,user083@example.com,24617
2026-02-28,user084@example.com,188613
2026-02-28,user085@example.com,14433
2026-02-28,user086@example.com,45804
2026-02-28,user087@example.com,10923
2026-02-28,user088@example.com,17778
2026-02-28,user089@example.com,14836
2026-02-28,user090@example.com,20047
2026-02-28,user091@example.com,86129
2026-02-28,user092@example.com,16560
2026-02-28,user093@example.com,9446
2026-02-28,user094@example.com,25613
2026-02-28,user095@example.com,7871
2026-02-28,user096@example.com,21928
2026-02-28,user097@example.com,47031
2026-02-28,user098@example.com,13539
2026-02-28,user099@example.com,107480
2026-02-28,user100@example.com,44742
2026-03-01,user001@example.com,22703
2026-03-01,user002@example.com,7792
2026-03-01,user003@example.com,5299
2026-03-01,user004@example.com,21693
2026-03-01,user005@example.com,7853
2026-03-01,user006@example.com,22466
2026-03-01,user007@example.com,125783
2026-03-01,user008@example.com,5591
2026-03-01,user009@example.com,31926
2026-03-01,user010@example.com,2662
2026-03-01,user011@example.com,28088
2026-03-01,user012@example.com,6355
2026-03-01,user013@example.com,5674
2026-03-01,user014@example.com,15941
2026-03-01,user015@example.com,13444
2026-03-01,user016@example.com,14169
2026-03-01,user017@example.com,15145
2026-03-01,user018@example.com,20033
2026-03-01,user019@example.com,24754
2026-03-01,user020@example.com,11827
2026-03-01,user021@example.com,19054
2026-03-01,user022@example.com,40914
2026-03-01,user023@example.com,19679
2026-03-01,user024@example.com,12148
2026-03-01,user025@example.com,7541
2026-03-01,user026@example.com,2976
2026-03-01,user027@example.com,15446
2026-03-01,user028@example.com,13790
2026-03-01,user029@example.com,16977
2026-03-01,user030@example.com,43545
2026-03-01,user031@example.com,11375
2026-03-01,user032@example.com,12331
2026-03-01,user033@example.com,72623
2026-03-01,user034@example.com,3980
2026-03-01,user035@example.com,3182
2026-03-01,user036@example.com,4341
2026-03-01,user037@example.com,23034
2026-03-01,user038@example.com,71466
2026-03-01,user039@example.com,6311
2026-03-01,user040@example.com,8239
2026-03-01,user041@example.com,79585
2026-03-01,user042@example.com,22993
2026-03-01,user043@example.com,46279
2026-03-01,user044@example.com,7478
2026-03-01,user045@example.com,12154
2026-03-01,user046@example.com,4270
2026-03-01,user047@example.com,51388
2026-03-01,user048@example.com,15173
2026-03-01,user049@example.com,16371
2026-03-01,user050@example.com,11602
2026-03-01,user051@example.com,5402
2026-03-01,user052@example.com,3696
2026-03-01,user053@example.com,2448
2026-03-01,user054@example.com,4345
2026-03-01,user055@example.com,6286
2026-03-01,user056@example.com,3199
2026-03-01,user057@example.com,74698
2026-03-01,user058@example.com,12231
2026-03-01,user059@example.com,32390
2026-03-01,user060@example.com,11411
2026-03-01,user061@example.com,17214
2026-03-01,user062@example.com,11868
2026-03-01,user063@example.com,6493
2026-03-01,user064@example.com,24357
2026-03-01,user065@example.com,15553
2026-03-01,user066@example.com,19499
2026-03-01,user067@example.com,135406
2026-03-01,user068@example.com,4301
2026-03-01,user069@example.com,55455
2026-03-01,user070@example.com,2807
2026-03-01,user071@example.com,3715
2026-03-01,user072@example.com,36732
2026-03-01,user073@example.com,30432
2026-03-01,user074@example.com,3947
2026-03-01,user075@example.com,5260
2026-03-01,user076@example.com,5306
2026-03-01,user077@example.com,5517
2026-03-01,user078@example.com,65713
2026-03-01,user079@example.com,20619
2026-03-01,user080@example.com,54920
2026-03-01,user081@example.com,3809
2026-03-01,user082@example.com,30755
2026-03-01,user083@example.com,42120
2026-03-01,user084@example.com,65797
2026-03-01,user085@example.com,11332
2026-03-01,user086@example.com,16390
2026-03-01,user087@example.com,5513
2026-03-01,user088@example.com,38536
2026-03-01,user089@example.com,5684
2026-03-01,user090@example.com,10122
2026-03-01,user091@example.com,27710
2026-03-01,user092@example.com,9198
2026-03-01,user093@example.com,6599
2026-03-01,user094@example.com,15375
2026-03-01,user095@example.com,3974
2026-03-01,user096@example.com,7506
2026-03-01,user097@example.com,22916
2026-03-01,user098@example.com,19575
2026-03-01,user099@example.com,97009
2026-03-01,user100@example.com,24804
2026-03-02,user001@example.com,6677
2026-03-02,user002@example.com,3758
2026-03-02,user003@example.com,2504
2026-03-02,user004@example.com,23971
2026-03-02,user005@example.com,15714
2026-03-02,user006@example.com,11683
2026-03-02,user007@example.com,78828
2026-03-02,user008@example.com,4191
2026-03-02,user009@example.com,14523
2026-03-02,user010@example.com,2372
2026-03-02,user011@example.com,27328
2026-03-02,user012@example.com,2990
2026-03-02,user013@example.com,4385
2026-03-02,user014@example.com,14803
2026-03-02,user015@example.com,11863
2026-03-02,user016@example.com,10792
2026-03-02,user017@example.com,16650
2026-03-02,user018@example.com,10106
2026-03-02,user019@example.com,15397
2026-03-02,user020@example.com,11833
2026-03-02,user021@example.com,7000
2026-03-02,user022@example.com,53006
2026-03-02,user023@example.com,14873
2026-03-02,user024@example.com,11678
2026-03-02,user025@example.com,7438
2026-03-02,user026@example.com,3302
2026-03-02,user027@example.com,11853
2026-03-02,user028@example.com,15495
2026-03-02,user029@example.com,10974
2026-03-02,user030@example.com,38668
2026-03-02,user031@example.com,23673
2026-03-02,user032@example.com,13040
2026-03-02,user033@example.com,48205
2026-03-02,user034@example.com,3395
2026-03-02,user035@example.com,3837
2026-03-02,user036@example.com,1956
2026-03-02,user037@example.com,20854
2026-03-02,user038@example.com,29458
2026-03-02,user039@example.com,4073
2026-03-02,user040@example.com,6371
2026-03-02,user041@example.com,40625
2026-03-02,user042@example.com,13151
2026-03-02,user043@example.com,48505
2026-03-02,user044@example.com,3881
2026-03-02,user045@example.com,8779
2026-03-02,user046@example.com,3207
2026-03-02,user047@example.com,13500
2026-03-02,user048@example.com,14756
2026-03-02,user049@example.com,25653
2026-03-02,user050@example.com,6959
2026-03-02,user051@example.com,4590
2026-03-02,user052@example.com,8685
2026-03-02,user053@example.com,3005
2026-03-02,user054@example.com,2631
2026-03-02,user055@example.com,10157
2026-03-02,user056@example.com,2515
2026-03-02,user057@example.com,98871
2026-03-02,user058@example.com,13877
2026-03-02,user059@example.com,33072
2026-03-02,user060@example.com,6116
2026-03-02,user061@example.com,15296
2026-03-02,user062@example.com,14431
2026-03-02,user063@example.com,4059
2026-03-02,user064@example.com,20979
2026-03-02,user065@example.com,7714
2026-03-02,user066@example.com,10278
2026-03-02,user067@example.com,51111
2026-03-02,user068@example.com,5078
2026-03-02,user069@example.com,53851
2026-03-02,user070@example.com,2467
2026-03-02,user071@example.com,3113
2026-03-02,user072@example.com,15474
2026-03-02,user073@example.com,23838
2026-03-02,user074@example.com,4791
2026-03-02,user075@example.com,5169
2026-03-02,user076@example.com,2235
2026-03-02,user077@example.com,3922
2026-03-02,user078@example.com,29481
2026-03-02,user079@example.com,19349
2026-03-02,user080@example.com,31186
2026-03-02,user081@example.com,2881
2026-03-02,user082@example.com,12782
2026-03-02,user083@example.com,14159
2026-03-02,user084@example.com,25326
2026-03-02,user085@example.com,9609
2026-03-02,user086@example.com,14169
2026-03-02,user087@example.com,3317
2026-03-02,user088@example.com,8018
2026-03-02,user089@example.com,7611
2026-03-02,user090@example.com,7378
2026-03-02,user091@example.com,45338
2026-03-02,user092@example.com,4870
2026-03-02,user093@example.com,3778
2026-03-02,user094@example.com,17505
2026-03-02,user095@example.com,1956
2026-03-02,user096@example.com,10940
2026-03-02,user097@example.com,15422
2026-03-02,user098@example.com,8635
2026-03-02,user099@example.com,49283
2026-03-02,user100@example.com,24309
2026-03-03,user001@example.com,22474
2026-03-03,user002@example.com,7650
2026-03-03,user003@example.com,15865
2026-03-03,user004@example.com,46390
2026-03-03,user005@example.com,29115
2026-03-03,user006@example.com,21336
2026-03-03,user007@example.com,63804
2026-03-03,user008@example.com,18004
2026-03-03,user009@example.com,33409
2026-03-03,user010@example.com,4661
2026-03-03,user011@example.com,80130
2026-03-03,user012@example.com,17583
2026-03-03,user013@example.com,9016
2026-03-03,user014@example.com,53396
2026-03-03,user015@example.com,30350
2026-03-03,user016@example.com,16290
2026-03-03,user017@example.com,31650
2026-03-03,user018@example.com,43571
2026-03-03,user019@example.com,13208
2026-03-03,user020@example.com,19717
2026-03-03,user021@example.com,14389
2026-03-03,user022@example.com,98911
2026-03-03,user023@example.com,28069
2026-03-03,user024@example.com,30109
2026-03-03,user025@example.com,17124
2026-03-03,user026@example.com,4716
2026-03-03,user027@example.com,89366
2026-03-03,user028@example.com,59912
2026-03-03,user029@example.com,22725
2026-03-03,user030@example.com,105423
2026-03-03,user031@example.com,20645
2026-03-03,user032@example.com,41922
2026-03-03,user033@example.com,88905
2026-03-03,user034@example.com,7903
2026-03-03,user035@example.com,8551
2026-03-03,user036@example.com,7237
2026-03-03,user037@example.com,33912
2026-03-03,user038@example.com,57575
2026-03-03,user039@example.com,7281
2026-03-03,user040@example.com,11697
2026-03-03,user041@example.com,69550
2026-03-03,user042@example.com,26357
2026-03-03,user043@example.com,82827
2026-03-03,user044@example.com,16080
2026-03-03,user045@example.com,31612
2026-03-03,user046@example.com,6848
2026-03-03,user047@example.com,38864
2026-03-03,user048@example.com,60172
2026-03-03,user049@example.com,40956
2026-03-03,user050@example.com,18523
2026-03-03,user051@example.com,4204
2026-03-03,user052@example.com,13413
2026-03-03,user053@example.com,12151
2026-03-03,user054@example.com,7980
2026-03-03,user055@example.com,23005
2026-03-03,user056@example.com,6098
2026-03-03,user057@example.com,109574
2026-03-03,user058@example.com,13046
2026-03-03,user059@example.com,92117
2026-03-03,user060@example.com,29168
2026-03-03,user061@example.com,19035
2026-03-03,user062@example.com,40810
2026-03-03,user063@example.com,6976
2026-03-03,user064@example.com,38721
2026-03-03,user065@example.com,19259
2026-03-03,user066@example.com,17091
2026-03-03,user067@example.com,186310
2026-03-03,user068@example.com,12581
2026-03-03,user069@example.com,80556
2026-03-03,user070@example.com,7213
2026-03-03,user071@example.com,8358
2026-03-03,user072@example.com,50167
2026-03-03,user073@example.com,50235
2026-03-03,user074@example.com,14160
2026-03-03,user075@example.com,4964
2026-03-03,user076@example.com,6110
2026-03-03,user077@example.com,29420
2026-03-03,user078@example.com,101024
2026-03-03,user079@example.com,29815
2026-03-03,user080@example.com,28005
2026-03-03,user081@example.com,11264
2026-03-03,user082@example.com,25022
2026-03-03,user083@example.com,21934
2026-03-03,user084@example.com,88650
2026-03-03,user085@example.com,34108
2026-03-03,user086@example.com,31123
2026-03-03,user087@example.com,11058
2026-03-03,user088@example.com,34715
2026-03-03,user089@example.com,8068
2026-03-03,user090@example.com,21816
2026-03-03,user091@example.com,71053
2026-03-03,user092@example.com,16403
2026-03-03,user093@example.com,12750
2026-03-03,user094@example.com,40573
2026-03-03,user095@example.com,5338
2026-03-03,user096@example.com,30782
2026-03-03,user097@example.com,38798
2026-03-03,user098@example.com,21339
2026-03-03,user099@example.com,86446
2026-03-03,user100@example.com,62416
2026-03-04,user001@example.com,33388
2026-03-04,user002@example.com,11206
2026-03-04,user003@example.com,6087
2026-03-04,user004@example.com,35602
2026-03-04,user005@example.com,22104
2026-03-04,user006@example.com,25911
2026-03-04,user007@example.com,164890
2026-03-04,user008@example.com,13277
2026-03-04,user009@example.com,28348
2026-03-04,user010@example.com,4993
2026-03-04,user011@example.com,49206
2026-03-04,user012@example.com,15261
2026-03-04,user013@example.com,15432
2026-03-04,user014@example.com,31257
2026-03-04,user015@example.com,19522
2026-03-04,user016@example.com,40569
2026-03-04,user017@example.com,48903
2026-03-04,user018@example.com,37122
2026-03-04,user019@example.com,23005
2026-03-04,user020@example.com,26941
2026-03-04,user021@example.com,17540
2026-03-04,user022@example.com,80352
2026-03-04,user023@example.com,28224
2026-03-04,user024@example.com,28432
2026-03-04,user025@example.com,19659
2026-03-04,user026@example.com,4276
2026-03-04,user027@example.com,57308
2026-03-04,user028@example.com,47288
2026-03-04,user029@example.com,17654
2026-03-04,user030@example.com,87270
2026-03-04,user031@example.com,18282
2026-03-04,user032@example.com,55303
2026-03-04,user033@example.com,90745
2026-03-04,user034@example.com,10283
2026-03-04,user035@example.com,5807
2026-03-04,user036@example.com,10824
2026-03-04,user037@example.com,26550
2026-03-04,user038@example.com,114980
2026-03-04,user039@example.com,14967
2026-03-04,user040@example.com,27297
2026-03-04,user041@example.com,159768
2026-03-04,user042@example.com,34047
2026-03-04,user043@example.com,129939
2026-03-04,user044@example.com,9809
2026-03-04,user045@example.com,32713
2026-03-04,user046@example.com,7061
2026-03-04,user047@example.com,35771
2026-03-04,user048@example.com,50334
2026-03-04,user049@example.com,29384
2026-03-04,user050@example.com,12957
2026-03-04,user051@example.com,5909
2026-03-04,user052@example.com,14841
2026-03-04,user053@example.com,15129
2026-03-04,user054@example.com,10583
2026-03-04,user055@example.com,33699
2026-03-04,user056@example.com,4402
2026-03-04,user057@example.com,102327
2026-03-04,user058@example.com,28805
2026-03-04,user059@example.com,97796
2026-03-04,user060@example.com,21879
2026-03-04,user061@example.com,30921
2026-03-04,user062@example.com,35065
2026-03-04,user063@example.com,9758
2026-03-04,user064@example.com,34354
2026-03-04,user065@example.com,15363
2026-03-04,user066@example.com,23333
2026-03-04,user067@example.com,113641
2026-03-04,user068@example.com,8772
2026-03-04,user069@example.com,102936
2026-03-04,user070@example.com,6363
2026-03-04,user071@example.com,6087
2026-03-04,user072@example.com,63965
2026-03-04,user073@example.com,61724
2026-03-04,user074@example.com,7909
2026-03-04,user075@example.com,16394
2026-03-04,user076@example.com,4924
2026-03-04,user077@example.com,7439
2026-03-04,user078@example.com,120190
2026-03-04,user079@example.com,16870
2026-03-04,user080@example.com,57065
2026-03-04,user081@example.com,15006
2026-03-04,user082@example.com,23858
2026-03-04,user083@example.com,15925
2026-03-04,user084@example.com,60235
2026-03-04,user085@example.com,29093
2026-03-04,user086@example.com,35992
2026-03-04,user087@example.com,9987
2026-03-04,user088@example.com,40475
2026-03-04,user089@example.com,16560
2026-03-04,user090@example.com,39712
2026-03-04,user091@example.com,64965
2026-03-04,user092@example.com,5340
2026-03-04,user093@example.com,6973
2026-03-04,user094@example.com,30058
2026-03-04,user095@example.com,5659
2026-03-04,user096@example.com,22734
2026-03-04,user097@example.com,60612
2026-03-04,user098@example.com,49781
2026-03-04,user099@example.com,95861
2026-03-04,user100@example.com,91014
2026-03-05,user001@example.com,27331
2026-03-05,user002@example.com,12139
2026-03-05,user003@example.com,12678
2026-03-05,user004@example.com,35553
2026-03-05,user005@example.com,43360
2026-03-05,user006@example.com,14575
2026-03-05,user007@example.com,99110
2026-03-05,user008@example.com,8831
2026-03-05,user009@example.com,40430
2026-03-05,user010@example.com,9593
2026-03-05,user011@example.com,69739
2026-03-05,user012@example.com,7215
2026-03-05,user013@example.com,12396
2026-03-05,user014@example.com,45149
2026-03-05,user015@example.com,10694
2026-03-05,user016@example.com,24082
2026-03-05,user017@example.com,23325
2026-03-05,user018@example.com,25082
2026-03-05,user019@example.com,25274
2026-03-05,user020@example.com,28010
2026-03-05,user021@example.com,25122
2026-03-05,user022@example.com,75686
2026-03-05,user023@example.com,43069
2026-03-05,user024@example.com,20987
2026-03-05,user025@example.com,23685
2026-03-05,user026@example.com,5290
2026-03-05,user027@example.com,35806
2026-03-05,user028@example.com,37761
2026-03-05,user029@example.com,41607
2026-03-05,user030@example.com,98268
2026-03-05,user031@example.com,23430
2026-03-05,user032@example.com,45302
2026-03-05,user033@example.com,79203
2026-03-05,user034@example.com,10776
2026-03-05,user035@example.com,7177
2026-03-05,user036@example.com,6796
2026-03-05,user037@example.com,21645
2026-03-05,user038@example.com,103673
2026-03-05,user039@example.com,11485
2026-03-05,user040@example.com,16631
2026-03-05,user041@example.com,44868
2026-03-05,user042@example.com,68214
2026-03-05,user043@example.com,109642
2026-03-05,user044@example.com,9331
2026-03-05,user045@example.com,14173
2026-03-05,user046@example.com,5275
2026-03-05,user047@example.com,64199
2026-03-05,user048@example.com,33213
2026-03-05,user049@example.com,28588
2026-03-05,user050@example.com,25222
2026-03-05,user051@example.com,5288
2026-03-05,user052@example.com,20070
2026-03-05,user053@example.com,14822
2026-03-05,user054@example.com,8587
2026-03-05,user055@example.com,16933
2026-03-05,user056@example.com,2813
2026-03-05,user057@example.com,70668
2026-03-05,user058@example.com,19805
2026-03-05,user059@example.com,106009
2026-03-05,user060@example.com,18824
2026-03-05,user061@example.com,15058
2026-03-05,user062@example.com,36881
2026-03-05,user063@example.com,11017
2026-03-05,user064@example.com,41700
2026-03-05,user065@example.com,10852
2026-03-05,user066@example.com,23057
2026-03-05,user067@example.com,73139
2026-03-05,user068@example.com,12658
2026-03-05,user069@example.com,133039
2026-03-05,user070@example.com,4495
2026-03-05,user071@example.com,5378
2026-03-05,user072@example.com,34628
2026-03-05,user073@example.com,41961
2026-03-05,user074@example.com,11371
2026-03-05,user075@example.com,5594
2026-03-05,user076@example.com,9878
2026-03-05,user077@example.com,8080
2026-03-05,user078@example.com,74331
2026-03-05,user079@example.com,20459
2026-03-05,user080@example.com,43305
2026-03-05,user081@example.com,4649
2026-03-05,user082@example.com,57667
2026-03-05,user083@example.com,24788
2026-03-05,user084@example.com,105600
2026-03-05,user085@example.com,18467
2026-03-05,user086@example.com,15464
2026-03-05,user087@example.com,11190
2026-03-05,user088@example.com,39035
2026-03-05,user089@example.com,6624
2026-03-05,user090@example.com,28008
2026-03-05,user091@example.com,52242
2026-03-05,user092@example.com,10022
2026-03-05,user093@example.com,11115
2026-03-05,user094@example.com,27481
2026-03-05,user095@example.com,6235
2026-03-05,user096@example.com,21600
2026-03-05,user097@example.com,42579
2026-03-05,user098@example.com,13756
2026-03-05,user099@example.com,53293
2026-03-05,user100@example.com,76350
2026-03-06,user001@example.com,34094
2026-03-06,user002@example.com,8487
2026-03-06,user003@example.com,8336
2026-03-06,user004@example.com,37796
2026-03-06,user005@example.com,26449
2026-03-06,user006@example.com,11662
2026-03-06,user007@example.com,85601
2026-03-06,user008@example.com,8080
2026-03-06,user009@example.com,43603
2026-03-06,user010@example.com,14510
2026-03-06,user011@example.com,63863
2026-03-06,user012@example.com,7132
2026-03-06,user013@example.com,10451
2026-03-06,user014@example.com,54129
2026-03-06,user015@example.com,21549
2026-03-06,user016@example.com,17266
2026-03-06,user017@example.com,55960
2026-03-06,user018@example.com,39263
2026-03-06,user019@example.com,23804
2026-03-06,user020@example.com,23714
2026-03-06,user021@example.com,33621
2026-03-06,user022@example.com,176526
2026-03-06,user023@example.com,30410
2026-03-06,user024@example.com,30074
2026-03-06,user025@example.com,31883
2026-03-06,user026@example.com,4527
2026-03-06,user027@example.com,46658
2026-03-06,user028@example.com,19270
2026-03-06,user029@example.com,49497
2026-03-06,user030@example.com,55297
2026-03-06,user031@example.com,36969
2026-03-06,user032@example.com,47529
2026-03-06,user033@example.com,59167
2026-03-06,user034@example.com,16371
2026-03-06,user035@example.com,10415
2026-03-06,user036@example.com,9419
2026-03-06,user037@example.com,30654
2026-03-06,user038@example.com,81563
2026-03-06,user039@example.com,10462
2026-03-06,user040@example.com,16220
2026-03-06,user041@example.com,125070
2026-03-06,user042@example.com,42093
2026-03-06,user043@example.com,35244
2026-03-06,user044@example.com,11197
2026-03-06,user045@example.com,18370
2026-03-06,user046@example.com,6737
2026-03-06,user047@example.com,35175
2026-03-06,user048@example.com,41286
2026-03-06,user049@example.com,50446
2026-03-06,user050@example.com,22911
2026-03-06,user051@example.com,6142
2026-03-06,user052@example.com,11504
2026-03-06,user053@example.com,9141
2026-03-06,user054@example.com,7507
2026-03-06,user055@example.com,25412
2026-03-06,user056@example.com,8125
2026-03-06,user057@example.com,200129
2026-03-06,user058@example.com,48299
2026-03-06,user059@example.com,78217
2026-03-06,user060@example.com,27651
2026-03-06,user061@example.com,17001
2026-03-06,user062@example.com,51056
2026-03-06,user063@example.com,7576
2026-03-06,user064@example.com,23829
2026-03-06,user065@example.com,22887
2026-03-06,user066@example.com,9299
2026-03-06,user067@example.com,63241
2026-03-06,user068@example.com,8531
2026-03-06,user069@example.com,102342
2026-03-06,user070@example.com,5318
2026-03-06,user071@example.com,3980
2026-03-06,user072@example.com,30057
2026-03-06,user073@example.com,104107
2026-03-06,user074@example.com,12187
2026-03-06,user075@example.com,6017
2026-03-06,user076@example.com,10369
2026-03-06,user077@example.com,13415
2026-03-06,user078@example.com,69887
2026-03-06,user079@example.com,30902
2026-03-06,user080@example.com,37040
2026-03-06,user081@example.com,6660
2026-03-06,user082@example.com,59063
2026-03-06,user083@example.com,39562
2026-03-06,user084@example.com,162418
2026-03-06,user085@example.com,18663
2026-03-06,user086@example.com,37987
2026-03-06,user087@example.com,10909
2026-03-06,user088@example.com,52097
2026-03-06,user089@example.com,9867
2026-03-06,user090@example.com,26579
2026-03-06,user091@example.com,115914
2026-03-06,user092@example.com,10909
2026-03-06,user093@example.com,9800
2026-03-06,user094@example.com,53523
2026-03-06,user095@example.com,5776
2026-03-06,user096@example.com,14936
2026-03-06,user097@example.com,84725
2026-03-06,user098@example.com,26407
2026-03-06,user099@example.com,105112
2026-03-06,user100@example.com,90706
2026-03-07,user001@example.com,18078
2026-03-07,user002@example.com,7737
2026-03-07,user003@example.com,9358
2026-03-07,user004@example.com,17167
2026-03-07,user005@example.com,17697
2026-03-07,user006@example.com,24373
2026-03-07,user007@example.com,100177
2026-03-07,user008@example.com,4989
2026-03-07,user009@example.com,56181
2026-03-07,user010@example.com,5918
2026-03-07,user011@example.com,107672
2026-03-07,user012@example.com,10052
2026-03-07,user013@example.com,6293
2026-03-07,user014@example.com,35334
2026-03-07,user015@example.com,18149
2026-03-07,user016@example.com,14814
2026-03-07,user017@example.com,63144
2026-03-07,user018@example.com,23614
2026-03-07,user019@example.com,16887
2026-03-07,user020@example.com,31158
2026-03-07,user021@example.com,18750
2026-03-07,user022@example.com,89004
2026-03-07,user023@example.com,15827
2026-03-07,user024@example.com,59144
2026-03-07,user025@example.com,12464
2026-03-07,user026@example.com,6659
2026-03-07,user027@example.com,51956
2026-03-07,user028@example.com,34031
2026-03-07,user029@example.com,31492
2026-03-07,user030@example.com,31470
2026-03-07,user031@example.com,16849
2026-03-07,user032@example.com,40315
2026-03-07,user033@example.com,65014
2026-03-07,user034@example.com,10071
2026-03-07,user035@example.com,7246
2026-03-07,user036@example.com,9137
2026-03-07,user037@example.com,24577
2026-03-07,user038@example.com,184738
2026-03-07,user039@example.com,12269
2026-03-07,user040@example.com,19562
2026-03-07,user041@example.com,95537
2026-03-07,user042@example.com,86391
2026-03-07,user043@example.com,51756
2026-03-07,user044@example.com,8668
2026-03-07,user045@example.com,8514
2026-03-07,user046@example.com,6979
2026-03-07,user047@example.com,42900
2026-03-07,user048@example.com,28960
2026-03-07,user049@example.com,25574
2026-03-07,user050@example.com,9552
2026-03-07,user051@example.com,7435
2026-03-07,user052@example.com,18325
2026-03-07,user053@example.com,6962
2026-03-07,user054@example.com,10940
2026-03-07,user055@example.com,11307
2026-03-07,user056@example.com,7656
2026-03-07,user057@example.com,95942
2026-03-07,user058@example.com,22484
2026-03-07,user059@example.com,71877
2026-03-07,user060@example.com,17054
2026-03-07,user061@example.com,25574
2026-03-07,user062@example.com,23848
2026-03-07,user063@example.com,7451
2026-03-07,user064@example.com,31693
2026-03-07,user065@example.com,13323
2026-03-07,user066@example.com,41953
2026-03-07,user067@example.com,81671
2026-03-07,user068@example.com,6774
2026-03-07,user069@example.com,66598
2026-03-07,user070@example.com,10714
2026-03-07,user071@example.com,7917
2026-03-07,user072@example.com,27198
2026-03-07,user073@example.com,126127
2026-03-07,user074@example.com,10062
2026-03-07,user075@example.com,6246
2026-03-07,user076@example.com,5783
2026-03-07,user077@example.com,8470
2026-03-07,user078@example.com,96383
2026-03-07,user079@example.com,26572
2026-03-07,user080@example.com,107825
2026-03-07,user081@example.com,4184
2026-03-07,user082@example.com,64627
2026-03-07,user083@example.com,28239
2026-03-07,user084@example.com,104142
2026-03-07,user085@example.com,26201
2026-03-07,user086@example.com,17942
2026-03-07,user087@example.com,14899
2026-03-07,user088@example.com,11382
2026-03-07,user089@example.com,7289
2026-03-07,user090@example.com,14164
2026-03-07,user091@example.com,42074
2026-03-07,user092@example.com,10213
2026-03-07,user093@example.com,9801
2026-03-07,user094@example.com,41123
2026-03-07,user095@example.com,6210
2026-03-07,user096@example.com,17719
2026-03-07,user097@example.com,42954
2026-03-07,user098@example.com,30666
2026-03-07,user099@example.com,130153
2026-03-07,user100@example.com,74931
2026-03-08,user001@example.com,13127
2026-03-08,user002@example.com,4669
2026-03-08,user003@example.com,3956
2026-03-08,user004@example.com,15402
2026-03-08,user005@example.com,10177
2026-03-08,user006@example.com,14266
2026-03-08,user007@example.com,82109
2026-03-08,user008@example.com,4884
2026-03-08,user009@example.com,18776
2026-03-08,user010@example.com,3484
2026-03-08,user011@example.com,31623
2026-03-08,user012@example.com,4623
2026-03-08,user013@example.com,2689
2026-03-08,user014@example.com,14637
2026-03-08,user015@example.com,13411
2026-03-08,user016@example.com,10155
2026-03-08,user017@example.com,20168
2026-03-08,user018@example.com,20070
2026-03-08,user019@example.com,22403
2026-03-08,user020@example.com,7788
2026-03-08,user021@example.com,18412
2026-03-08,user022@example.com,94851
2026-03-08,user023@example.com,11478
2026-03-08,user024@example.com,13994
2026-03-08,user025@example.com,17242
2026-03-08,user026@example.com,3597
2026-03-08,user027@example.com,10078
2026-03-08,user028@example.com,10444
2026-03-08,user029@example.com,17110
2026-03-08,user030@example.com,22063
2026-03-08,user031@example.com,11238
2026-03-08,user032@example.com,22167
2026-03-08,user033@example.com,82948
2026-03-08,user034@example.com,4920
2026-03-08,user035@example.com,4824
2026-03-08,user036@example.com,6246
2026-03-08,user037@example.com,36208
2026-03-08,user038@example.com,54931
2026-03-08,user039@example.com,2739
2026-03-08,user040@example.com,13353
2026-03-08,user041@example.com,54676
2026-03-08,user042@example.com,21304
2026-03-08,user043@example.com,91562
2026-03-08,user044@example.com,7358
2026-03-08,user045@example.com,13864
2026-03-08,user046@example.com,5541
2026-03-08,user047@example.com,24629
2026-03-08,user048@example.com,7124
2026-03-08,user049@example.com,15677
2026-03-08,user050@example.com,17279
2026-03-08,user051@example.com,2855
2026-03-08,user052@example.com,5911
2026-03-08,user053@example.com,3449
2026-03-08,user054@example.com,10166
2026-03-08,user055@example.com,20472
2026-03-08,user056@example.com,2780
2026-03-08,user057@example.com,67308
2026-03-08,user058@example.com,13435
2026-03-08,user059@example.com,67533
2026-03-08,user060@example.com,13584
2026-03-08,user061@example.com,17255
2026-03-08,user062@example.com,24617
2026-03-08,user063@example.com,13890
2026-03-08,user064@example.com,13028
2026-03-08,user065@example.com,6245
2026-03-08,user066@example.com,11319
2026-03-08,user067@example.com,36926
2026-03-08,user068@example.com,2949
2026-03-08,user069@example.com,38357
2026-03-08,user070@example.com,2400
2026-03-08,user071@example.com,2711
2026-03-08,user072@example.com,26276
2026-03-08,user073@example.com,41648
2026-03-08,user074@example.com,5114
2026-03-08,user075@example.com,4532
2026-03-08,user076@example.com,2897
2026-03-08,user077@example.com,5827
2026-03-08,user078@example.com,56512
2026-03-08,user079@example.com,9462
2026-03-08,user080@example.com,14385
2026-03-08,user081@example.com,4276
2026-03-08,user082@example.com,26036
2026-03-08,user083@example.com,35109
2026-03-08,user084@example.com,57555
2026-03-08,user085@example.com,15141
2026-03-08,user086@example.com,12130
2026-03-08,user087@example.com,7092
2026-03-08,user088@example.com,30555
2026-03-08,user089@example.com,2588
2026-03-08,user090@example.com,13135
2026-03-08,user091@example.com,79993
2026-03-08,user092@example.com,7055
2026-03-08,user093@example.com,8860
2026-03-08,user094@example.com,14979
2026-03-08,user095@example.com,3277
2026-03-08,user096@example.com,13141
2026-03-08,user097@example.com,10086
2026-03-08,user098@example.com,11327
2026-03-08,user099@example.com,37095
2026-03-08,user100@example.com,44198
2026-03-09,user001@example.com,15907
2026-03-09,user002@example.com,6462
2026-03-09,user003@example.com,5988
2026-03-09,user004@example.com,15910
2026-03-09,user005@example.com,15622
2026-03-09,user006@example.com,11759
2026-03-09,user007@example.com,58879
2026-03-09,user008@example.com,4088
2026-03-09,user009@example.com,21412
2026-03-09,user010@example.com,2581
2026-03-09,user011@example.com,48122
2026-03-09,user012@example.com,3881
2026-03-09,user013@example.com,3054
2026-03-09,user014@example.com,21435
2026-03-09,user015@example.com,9944
2026-03-09,user016@example.com,10000
2026-03-09,user017@example.com,27012
2026-03-09,user018@example.com,12440
2026-03-09,user019@example.com,15710
2026-03-09,user020@example.com,16738
2026-03-09,user021@example.com,20089
2026-03-09,user022@example.com,100040
2026-03-09,user023@example.com,13939
2026-03-09,user024@example.com,25925
2026-03-09,user025@example.com,7358
2026-03-09,user026@example.com,2489
2026-03-09,user027@example.com,8689
2026-03-09,user028@example.com,27631
2026-03-09,user029@example.com,12454
2026-03-09,user030@example.com,28621
2026-03-09,user031@example.com,8524
2026-03-09,user032@example.com,25231
2026-03-09,user033@example.com,39347
2026-03-09,user034@example.com,3113
2026-03-09,user035@example.com,3491
2026-03-09,user036@example.com,2069
2026-03-09,user037@example.com,14757
2026-03-09,user038@example.com,21467
2026-03-09,user039@example.com,2986
2026-03-09,user040@example.com,10918
2026-03-09,user041@example.com,17191
2026-03-09,user042@example.com,11779
2026-03-09,user043@example.com,44839
2026-03-09,user044@example.com,4063
2026-03-09,user045@example.com,20598
2026-03-09,user046@example.com,6496
2026-03-09,user047@example.com,14599
2026-03-09,user048@example.com,18698
2026-03-09,user049@example.com,21903
2026-03-09,user050@example.com,8322
2026-03-09,user051@example.com,2025
2026-03-09,user052@example.com,5745
2026-03-09,user053@example.com,4224
2026-03-09,user054@example.com,4220
2026-03-09,user055@example.com,11974
2026-03-09,user056@example.com,2628
2026-03-09,user057@example.com,38553
2026-03-09,user058@example.com,15985
2026-03-09,user059@example.com,56259
2026-03-09,user060@example.com,6794
2026-03-09,user061@example.com,16221
2026-03-09,user062@example.com,10646
2026-03-09,user063@example.com,3665
2026-03-09,user064@example.com,15396
2026-03-09,user065@example.com,8210
2026-03-09,user066@example.com,9618
2026-03-09,user067@example.com,111063
2026-03-09,user068@example.com,3332
2026-03-09,user069@example.com,115505
2026-03-09,user070@example.com,3486
2026-03-09,user071@example.com,3530
2026-03-09,user072@example.com,23370
2026-03-09,user073@example.com,108787
2026-03-09,user074@example.com,3470
2026-03-09,user075@example.com,2020
2026-03-09,user076@example.com,2624
2026-03-09,user077@example.com,5834
2026-03-09,user078@example.com,24530
2026-03-09,user079@example.com,16983
2026-03-09,user080@example.com,54120
2026-03-09,user081@example.com,3604
2026-03-09,user082@example.com,17855
2026-03-09,user083@example.com,12392
2026-03-09,user084@example.com,67314
2026-03-09,user085@example.com,7682
2026-03-09,user086@example.com,22371
2026-03-09,user087@example.com,11350
2026-03-09,user088@example.com,16832
2026-03-09,user089@example.com,4895
2026-03-09,user090@example.com,14712
2026-03-09,user091@example.com,50157
2026-03-09,user092@example.com,4351
2026-03-09,user093@example.com,3732
2026-03-09,user094@example.com,10607
2026-03-09,user095@example.com,3452
2026-03-09,user096@example.com,14803
2026-03-09,user097@example.com,12332
2026-03-09,user098@example.com,13120
2026-03-09,user099@example.com,30672
2026-03-09,user100@example.com,21843
2026-03-10,user001@example.com,34665
2026-03-10,user002@example.com,10883
2026-03-10,user003@example.com,9849
2026-03-10,user004@example.com,23249
2026-03-10,user005@example.com,26703
2026-03-10,user006@example.com,28145
2026-03-10,user007@example.com,109011
2026-03-10,user008@example.com,10242
2026-03-10,user009@example.com,43767
2026-03-10,user010@example.com,5484
2026-03-10,user011@example.com,49732
2026-03-10,user012@example.com,26468
2026-03-10,user013@example.com,8766
2026-03-10,user014@example.com,39722
2026-03-10,user015@example.com,35629
2026-03-10,user016@example.com,98303
2026-03-10,user017@example.com,31204
2026-03-10,user018@example.com,43915
2026-03-10,user019@example.com,32077
2026-03-10,user020@example.com,20713
2026-03-10,user021@example.com,22215
2026-03-10,user022@example.com,94879
2026-03-10,user023@example.com,36980
2026-03-10,user024@example.com,24526
2026-03-10,user025@example.com,34838
2026-03-10,user026@example.com,8499
2026-03-10,user027@example.com,55923
2026-03-10,user028@example.com,31869
2026-03-10,user029@example.com,36135
2026-03-10,user030@example.com,80675
2026-03-10,user031@example.com,19019
2026-03-10,user032@example.com,42556
2026-03-10,user033@example.com,80995
2026-03-10,user034@example.com,8774
2026-03-10,user035@example.com,3486
2026-03-10,user036@example.com,13323
2026-03-10,user037@example.com,37934
2026-03-10,user038@example.com,164424
2026-03-10,user039@example.com,17421
2026-03-10,user040@example.com,15946
2026-03-10,user041@example.com,56961
2026-03-10,user042@example.com,118192
2026-03-10,user043@example.com,201964
2026-03-10,user044@example.com,11853
2026-03-10,user045@example.com,27370
2026-03-10,user046@example.com,6685
2026-03-10,user047@example.com,56118
2026-03-10,user048@example.com,29189
2026-03-10,user049@example.com,20175
2026-03-10,user050@example.com,15749
2026-03-10,user051@example.com,8399
2026-03-10,user052@example.com,9468
2026-03-10,user053@example.com,10687
2026-03-10,user054@example.com,8227
2026-03-10,user055@example.com,19020
2026-03-10,user056@example.com,11238
2026-03-10,user057@example.com,153422
2026-03-10,user058@example.com,37391
2026-03-10,user059@example.com,163020
2026-03-10,user060@example.com,29593
2026-03-10,user061@example.com,47426
2026-03-10,user062@example.com,41066
2026-03-10,user063@example.com,9415
2026-03-10,user064@example.com,26060
2026-03-10,user065@example.com,21524
2026-03-10,user066@example.com,40067
2026-03-10,user067@example.com,221756
2026-03-10,user068@example.com,15314
2026-03-10,user069@example.com,63960
2026-03-10,user070@example.com,10657
2026-03-10,user071@example.com,4380
2026-03-10,user072@example.com,66055
2026-03-10,user073@example.com,96210
2026-03-10,user074@example.com,15325
2026-03-10,user075@example.com,4575
2026-03-10,user076@example.com,12561
2026-03-10,user077@example.com,8424
2026-03-10,user078@example.com,86601
2026-03-10,user079@example.com,28975
2026-03-10,user080@example.com,39480
2026-03-10,user081@example.com,8617
2026-03-10,user082@example.com,90765
2026-03-10,user083@example.com,95415
2026-03-10,user084@example.com,123995
2026-03-10,user085@example.com,36973
2026-03-10,user086@example.com,31004
2026-03-10,user087@example.com,16752
2026-03-10,user088@example.com,33282
2026-03-10,user089@example.com,12832
2026-03-10,user090@example.com,30189
2026-03-10,user091@example.com,68093
2026-03-10,user092@example.com,13692
2026-03-10,user093@example.com,10720
2026-03-10,user094@example.com,54873
2026-03-10,user095@example.com,5023
2026-03-10,user096@example.com,28074
2026-03-10,user097@example.com,94192
2026-03-10,user098@example.com,56386
2026-03-10,user099@example.com,192184
2026-03-10,user100@example.com,73578
2026-03-11,user001@example.com,34644
2026-03-11,user002@example.com,21642
2026-03-11,user003@example.com,20464
2026-03-11,user004@example.com,22479
2026-03-11,user005@example.com,17095
2026-03-11,user006@example.com,48963
2026-03-11,user007@example.com,138317
2026-03-11,user008@example.com,9369
2026-03-11,user009@example.com,28695
2026-03-11,user010@example.com,6506
2026-03-11,user011@example.com,55277
2026-03-11,user012@example.com,31682
2026-03-11,user013@example.com,11761
2026-03-11,user014@example.com,43614
2026-03-11,user015@example.com,33282
2026-03-11,user016@example.com,43363
2026-03-11,user017@example.com,72753
2026-03-11,user018@example.com,59172
2026-03-11,user019@example.com,35689
2026-03-11,user020@example.com,24409
2026-03-11,user021@example.com,40526
2026-03-11,user022@example.com,126706
2026-03-11,user023@example.com,40566
2026-03-11,user024@example.com,51173
2026-03-11,user025@example.com,35660
2026-03-11,user026@example.com,4847
2026-03-11,user027@example.com,67099
2026-03-11,user028@example.com,37446
2026-03-11,user029@example.com,57012
2026-03-11,user030@example.com,103711
2026-03-11,user031@example.com,54354
2026-03-11,user032@example.com,83909
2026-03-11,user033@example.com,189889
2026-03-11,user034@example.com,21517
2026-03-11,user035@example.com,8751
2026-03-11,user036@example.com,9133
2026-03-11,user037@example.com,70916
2026-03-11,user038@example.com,153143
2026-03-11,user039@example.com,11650
2026-03-11,user040@example.com,31215
2026-03-11,user041@example.com,89204
2026-03-11,user042@example.com,38750
2026-03-11,user043@example.com,186197
2026-03-11,user044@example.com,13234
2026-03-11,user045@example.com,55494
2026-03-11,user046@example.com,5113
2026-03-11,user047@example.com,42997
2026-03-11,user048@example.com,41105
2026-03-11,user049@example.com,66271
2026-03-11,user050@example.com,31158
2026-03-11,user051@example.com,10067
2026-03-11,user052@example.com,10270
2026-03-11,user053@example.com,7906
2026-03-11,user054@example.com,14532
2026-03-11,user055@example.com,16807
2026-03-11,user056@example.com,7497
2026-03-11,user057@example.com,181595
2026-03-11,user058@example.com,28814
2026-03-11,user059@example.com,227692
2026-03-11,user060@example.com,41579
2026-03-11,user061@example.com,17863
2026-03-11,user062@example.com,37701
2026-03-11,user063@example.com,5326
2026-03-11,user064@example.com,33843
2026-03-11,user065@example.com,35426
2026-03-11,user066@example.com,26786
2026-03-11,user067@example.com,179062
2026-03-11,user068@example.com,6956
2026-03-11,user069@example.com,171641
2026-03-11,user070@example.com,6506
2026-03-11,user071@example.com,9069
2026-03-11,user072@example.com,50577
2026-03-11,user073@example.com,75952
2026-03-11,user074@example.com,8671
2026-03-11,user075@example.com,11087
2026-03-11,user076@example.com,10383
2026-03-11,user077@example.com,22006
2026-03-11,user078@example.com,132790
2026-03-11,user079@example.com,46793
2026-03-11,user080@example.com,43187
2026-03-11,user081@example.com,8214
2026-03-11,user082@example.com,51749
2026-03-11,user083@example.com,80503
2026-03-11,user084@example.com,165100
2026-03-11,user085@example.com,46379
2026-03-11,user086@example.com,38164
2026-03-11,user087@example.com,11880
2026-03-11,user088@example.com,42339
2026-03-11,user089@example.com,14100
2026-03-11,user090@example.com,19502
2026-03-11,user091@example.com,78938
2026-03-11,user092@example.com,14180
2026-03-11,user093@example.com,20791
2026-03-11,user094@example.com,21485
2026-03-11,user095@example.com,12051
2026-03-11,user096@example.com,22305
2026-03-11,user097@example.com,32323
2026-03-11,user098@example.com,61416
2026-03-11,user099@example.com,167718
2026-03-11,user100@example.com,122578
2026-03-12,user001@example.com,32557
2026-03-12,user002@example.com,24899
2026-03-12,user003@example.com,11451
2026-03-12,user004@example.com,33478
2026-03-12,user005@example.com,24270
2026-03-12,user006@example.com,38016
2026-03-12,user007@example.com,92176
2026-03-12,user008@example.com,7495
2026-03-12,user009@example.com,31738
2026-03-12,user010@example.com,3006
2026-03-12,user011@example.com,75305
2026-03-12,user012@example.com,6257
2026-03-12,user013@example.com,9594
2026-03-12,user014@example.com,47872
2026-03-12,user015@example.com,18217
2026-03-12,user016@example.com,44246
2026-03-12,user017@example.com,24899
2026-03-12,user018@example.com,48991
2026-03-12,user019@example.com,44790
2026-03-12,user020@example.com,11805
2026-03-12,user021@example.com,63533
2026-03-12,user022@example.com,118411
2026-03-12,user023@example.com,23750
2026-03-12,user024@example.com,21610
2026-03-12,user025@example.com,19930
2026-03-12,user026@example.com,6862
2026-03-12,user027@example.com,43033
2026-03-12,user028@example.com,29092
2026-03-12,user029@example.com,44137
2026-03-12,user030@example.com,54818
2026-03-12,user031@example.com,12498
2026-03-12,user032@example.com,39400
2026-03-12,user033@example.com,41121
2026-03-12,user034@example.com,11674
2026-03-12,user035@example.com,4455
2026-03-12,user036@example.com,7597
2026-03-12,user037@example.com,65756
2026-03-12,user038@example.com,67566
2026-03-12,user039@example.com,14954
2026-03-12,user040@example.com,18495
2026-03-12,user041@example.com,132535
2026-03-12,user042@example.com,36533
2026-03-12,user043@example.com,70175
2026-03-12,user044@example.com,13119
2026-03-12,user045@example.com,18479
2026-03-12,user046@example.com,5343
2026-03-12,user047@example.com,35120
2026-03-12,user048@example.com,31789
2026-03-12,user049@example.com,56568
2026-03-12,user050@example.com,10938
2026-03-12,user051@example.com,7233
2026-03-12,user052@example.com,15068
2026-03-12,user053@example.com,10078
2026-03-12,user054@example.com,16312
2026-03-12,user055@example.com,20973
2026-03-12,user056@example.com,6726
2026-03-12,user057@example.com,148976
2026-03-12,user058@example.com,33430
2026-03-12,user059@example.com,89970
2026-03-12,user060@example.com,25788
2026-03-12,user061@example.com,19578
2026-03-12,user062@example.com,33519
2026-03-12,user063@example.com,7828
2026-03-12,user064@example.com,56784
2026-03-12,user065@example.com,6971
2026-03-12,user066@example.com,28254
2026-03-12,user067@example.com,122543
2026-03-12,user068@example.com,5229
2026-03-12,user069@example.com,114954
2026-03-12,user070@example.com,7416
2026-03-12,user071@example.com,8819
2026-03-12,user072@example.com,16410
2026-03-12,user073@example.com,151927
2026-03-12,user074@example.com,7967
2026-03-12,user075@example.com,7984
2026-03-12,user076@example.com,9299
2026-03-12,user077@example.com,8908
2026-03-12,user078@example.com,118667
2026-03-12,user079@example.com,30900
2026-03-12,user080@example.com,30407
2026-03-12,user081@example.com,10796
2026-03-12,user082@example.com,31651
2026-03-12,user083@example.com,23942
2026-03-12,user084@example.com,89573
2026-03-12,user085@example.com,23678
2026-03-12,user086@example.com,24113
2026-03-12,user087@example.com,14668
2026-03-12,user088@example.com,20204
2026-03-12,user089@example.com,7954
2026-03-12,user090@example.com,20669
2026-03-12,user091@example.com,139419
2026-03-12,user092@example.com,11634
2026-03-12,user093@example.com,13768
2026-03-12,user094@example.com,35844
2026-03-12,user095@example.com,5300
2026-03-12,user096@example.com,22565
2026-03-12,user097@example.com,39137
2026-03-12,user098@example.com,39884
2026-03-12,user099@example.com,166875
2026-03-12,user100@example.com,71207
2026-03-13,user001@example.com,36651
2026-03-13,user002@example.com,8494
2026-03-13,user003@example.com,8009
2026-03-13,user004@example.com,26988
2026-03-13,user005@example.com,23630
2026-03-13,user006@example.com,21334
2026-03-13,user007@example.com,153715
2026-03-13,user008@example.com,6685
2026-03-13,user009@example.com,35302
2026-03-13,user010@example.com,7852
2026-03-13,user011@example.com,34246
2026-03-13,user012@example.com,25019
2026-03-13,user013@example.com,8386
2026-03-13,user014@example.com,17118
2026-03-13,user015@example.com,22372
2026-03-13,user016@example.com,24475
2026-03-13,user017@example.com,39669
2026-03-13,user018@example.com,44918
2026-03-13,user019@example.com,45173
2026-03-13,user020@example.com,23493
2026-03-13,user021@example.com,28319
2026-03-13,user022@example.com,114796
2026-03-13,user023@example.com,59106
2026-03-13,user024@example.com,20721
2026-03-13,user025@example.com,22227
2026-03-13,user026@example.com,7218
2026-03-13,user027@example.com,54266
2026-03-13,user028@example.com,23632
2026-03-13,user029@example.com,18889
2026-03-13,user030@example.com,65222
2026-03-13,user031@example.com,26693
2026-03-13,user032@example.com,68758
2026-03-13,user033@example.com,59367
2026-03-13,user034@example.com,15193
2026-03-13,user035@example.com,14138
2026-03-13,user036@example.com,6181
2026-03-13,user037@example.com,25982
2026-03-13,user038@example.com,80312
2026-03-13,user039@example.com,10192
2026-03-13,user040@example.com,25784
2026-03-13,user041@example.com,57365
2026-03-13,user042@example.com,70355
2026-03-13,user043@example.com,62695
2026-03-13,user044@example.com,5517
2026-03-13,user045@example.com,31180
2026-03-13,user046@example.com,3182
2026-03-13,user047@example.com,38009
2026-03-13,user048@example.com,94548
2026-03-13,user049@example.com,34629
2026-03-13,user050@example.com,14298
2026-03-13,user051@example.com,6915
2026-03-13,user052@example.com,11697
2026-03-13,user053@example.com,9796
2026-03-13,user054@example.com,12789
2026-03-13,user055@example.com,14713
2026-03-13,user056@example.com,12737
2026-03-13,user057@example.com,129733
2026-03-13,user058@example.com,40948
2026-03-13,user059@example.com,81409
2026-03-13,user060@example.com,33203
2026-03-13,user061@example.com,22110
2026-03-13,user062@example.com,44988
2026-03-13,user063@example.com,6679
2026-03-13,user064@example.com,24532
2026-03-13,user065@example.com,26931
2026-03-13,user066@example.com,20712
2026-03-13,user067@example.com,88308
2026-03-13,user068@example.com,7393
2026-03-13,user069@example.com,129537
2026-03-13,user070@example.com,4953
2026-03-13,user071@example.com,6770
2026-03-13,user072@example.com,41038
2026-03-13,user073@example.com,47338
2026-03-13,user074@example.com,6060
2026-03-13,user075@example.com,6944
2026-03-13,user076@example.com,5450
2026-03-13,user077@example.com,17235
2026-03-13,user078@example.com,129898
2026-03-13,user079@example.com,44727
2026-03-13,user080@example.com,116726
2026-03-13,user081@example.com,6853
2026-03-13,user082@example.com,51231
2026-03-13,user083@example.com,25877
2026-03-13,user084@example.com,239288
2026-03-13,user085@example.com,42383
2026-03-13,user086@example.com,24293
2026-03-13,user087@example.com,13632
2026-03-13,user088@example.com,51094
2026-03-13,user089@example.com,9633
2026-03-13,user090@example.com,16821
2026-03-13,user091@example.com,95806
2026-03-13,user092@example.com,12237
2026-03-13,user093@example.com,9873
2026-03-13,user094@example.com,25968
2026-03-13,user095@example.com,3384
2026-03-13,user096@example.com,26275
2026-03-13,user097@example.com,56035
2026-03-13,user098@example.com,29338
2026-03-13,user099@example.com,167685
2026-03-13,user100@example.com,48256
2026-03-14,user001@example.com,15774
2026-03-14,user002@example.com,10969
2026-03-14,user003@example.com,8486
2026-03-14,user004@example.com,42946
2026-03-14,user005@example.com,15223
2026-03-14,user006@example.com,36831
2026-03-14,user007@example.com,223557
2026-03-14,user008@example.com,8616
2026-03-14,user009@example.com,50797
2026-03-14,user010@example.com,4022
2026-03-14,user011@example.com,96962
2026-03-14,user012@example.com,16202
2026-03-14,user013@example.com,11817
2026-03-14,user014@example.com,32623
2026-03-14,user015@example.com,7099
2026-03-14,user016@example.com,18227
2026-03-14,user017@example.com,30930
2026-03-14,user018@example.com,21265
2026-03-14,user019@example.com,34235
2026-03-14,user020@example.com,17242
2026-03-14,user021@example.com,17097
2026-03-14,user022@example.com,77529
2026-03-14,user023@example.com,23313
2026-03-14,user024@example.com,48568
2026-03-14,user025@example.com,15842
2026-03-14,user026@example.com,5556
2026-03-14,user027@example.com,32817
2026-03-14,user028@example.com,33721
2026-03-14,user029@example.com,38479
2026-03-14,user030@example.com,20062
2026-03-14,user031@example.com,32627
2026-03-14,user032@example.com,63658
2026-03-14,user033@example.com,60483
2026-03-14,user034@example.com,6806
2026-03-14,user035@example.com,4974
2026-03-14,user036@example.com,5108
2026-03-14,user037@example.com,41645
2026-03-14,user038@example.com,44196
2026-03-14,user039@example.com,6469
2026-03-14,user040@example.com,34218
2026-03-14,user041@example.com,48092
2026-03-14,user042@example.com,59502
2026-03-14,user043@example.com,98918
2026-03-14,user044@example.com,5078
2026-03-14,user045@example.com,24938
2026-03-14,user046@example.com,6386
2026-03-14,user047@example.com,32832
2026-03-14,user048@example.com,32630
2026-03-14,user049@example.com,38727
2026-03-14,user050@example.com,25576
2026-03-14,user051@example.com,10051
2026-03-14,user052@example.com,12954
2026-03-14,user053@example.com,5397
2026-03-14,user054@example.com,8105
2026-03-14,user055@example.com,55929
2026-03-14,user056@example.com,8576
2026-03-14,user057@example.com,257365
2026-03-14,user058@example.com,48808
2026-03-14,user059@example.com,104119
2026-03-14,user060@example.com,22186
2026-03-14,user061@example.com,22527
2026-03-14,user062@example.com,20958
2026-03-14,user063@example.com,8790
2026-03-14,user064@example.com,50108
2026-03-14,user065@example.com,16185
2026-03-14,user066@example.com,26357
2026-03-14,user067@example.com,151305
2026-03-14,user068@example.com,6352
2026-03-14,user069@example.com,81691
2026-03-14,user070@example.com,4078
2026-03-14,user071@example.com,4991
2026-03-14,user072@example.com,24535
2026-03-14,user073@example.com,63737
2026-03-14,user074@example.com,15723
2026-03-14,user075@example.com,4226
2026-03-14,user076@example.com,6956
2026-03-14,user077@example.com,9418
2026-03-14,user078@example.com,131965
2026-03-14,user079@example.com,51903
2026-03-14,user080@example.com,78797
2026-03-14,user081@example.com,7408
2026-03-14,user082@example.com,35514
2026-03-14,user083@example.com,19733
2026-03-14,user084@example.com,188885
2026-03-14,user085@example.com,15304
2026-03-14,user086@example.com,28785
2026-03-14,user087@example.com,16272
2026-03-14,user088@example.com,24658
2026-03-14,user089@example.com,13758
2026-03-14,user090@example.com,26088
2026-03-14,user091@example.com,121849
2026-03-14,user092@example.com,9530
2026-03-14,user093@example.com,5570
2026-03-14,user094@example.com,27481
2026-03-14,user095@example.com,6265
2026-03-14,user096@example.com,23286
2026-03-14,user097@example.com,33551
2026-03-14,user098@example.com,15353
2026-03-14,user099@example.com,112794
2026-03-14,user100@example.com,116138
2026-03-15,user001@example.com,15584
2026-03-15,user002@example.com,8069
2026-03-15,user003@example.com,6196
2026-03-15,user004@example.com,21883
2026-03-15,user005@example.com,16060
2026-03-15,user006@example.com,15213
2026-03-15,user007@example.com,58444
2026-03-15,user008@example.com,3838
2026-03-15,user009@example.com,17454
2026-03-15,user010@example.com,3774
2026-03-15,user011@example.com,34592
2026-03-15,user012@example.com,7278
2026-03-15,user013@example.com,5913
2026-03-15,user014@example.com,25491
2026-03-15,user015@example.com,18160
2026-03-15,user016@example.com,13614
2026-03-15,user017@example.com,14144
2026-03-15,user018@example.com,15409
2026-03-15,user019@example.com,19338
2026-03-15,user020@example.com,6096
2026-03-15,user021@example.com,21538
2026-03-15,user022@example.com,68533
2026-03-15,user023@example.com,19869
2026-03-15,user024@example.com,30711
2026-03-15,user025@example.com,9297
2026-03-15,user026@example.com,4723
2026-03-15,user027@example.com,21512
2026-03-15,user028@example.com,16302
2026-03-15,user029@example.com,14532
2026-03-15,user030@example.com,60562
2026-03-15,user031@example.com,11616
2026-03-15,user032@example.com,28556
2026-03-15,user033@example.com,26309
2026-03-15,user034@example.com,8394
2026-03-15,user035@example.com,4886
2026-03-15,user036@example.com,3998
2026-03-15,user037@example.com,20648
2026-03-15,user038@example.com,58334
2026-03-15,user039@example.com,12375
2026-03-15,user040@example.com,6252
2026-03-15,user041@example.com,50803
2026-03-15,user042@example.com,16248
2026-03-15,user043@example.com,50361
2026-03-15,user044@example.com,5092
2026-03-15,user045@example.com,9977
2026-03-15,user046@example.com,3850
2026-03-15,user047@example.com,15031
2026-03-15,user048@example.com,24927
2026-03-15,user049@example.com,10162
2026-03-15,user050@example.com,14001
2026-03-15,user051@example.com,3447
2026-03-15,user052@example.com,4327
2026-03-15,user053@example.com,5442
2026-03-15,user054@example.com,3220
2026-03-15,user055@example.com,11754
2026-03-15,user056@example.com,2347
2026-03-15,user057@example.com,76626
2026-03-15,user058@example.com,12581
2026-03-15,user059@example.com,47433
2026-03-15,user060@example.com,12847
2026-03-15,user061@example.com,10107
2026-03-15,user062@example.com,21906
2026-03-15,user063@example.com,2986
2026-03-15,user064@example.com,23749
2026-03-15,user065@example.com,21498
2026-03-15,user066@example.com,35201
2026-03-15,user067@example.com,67318
2026-03-15,user068@example.com,6682
2026-03-15,user069@example.com,29782
2026-03-15,user070@example.com,5720
2026-03-15,user071@example.com,5069
2026-03-15,user072@example.com,18872
2026-03-15,user073@example.com,78194
2026-03-15,user074@example.com,5080
2026-03-15,user075@example.com,2880
2026-03-15,user076@example.com,4563
2026-03-15,user077@example.com,4493
2026-03-15,user078@example.com,72512
2026-03-15,user079@example.com,13160
2026-03-15,user080@example.com,23411
2026-03-15,user081@example.com,2810
2026-03-15,user082@example.com,29163
2026-03-15,user083@example.com,14011
2026-03-15,user084@example.com,34652
2026-03-15,user085@example.com,9377
2026-03-15,user086@example.com,13099
2026-03-15,user087@example.com,4313
2026-03-15,user088@example.com,11619
2026-03-15,user089@example.com,11629
2026-03-15,user090@example.com,8576
2026-03-15,user091@example.com,34508
2026-03-15,user092@example.com,5733
2026-03-15,user093@example.com,4376
2026-03-15,user094@example.com,23668
2026-03-15,user095@example.com,4711
2026-03-15,user096@example.com,11903
2026-03-15,user097@example.com,14502
2026-03-15,user098@example.com,27161
2026-03-15,user099@example.com,53720
2026-03-15,user100@example.com,61950
2026-03-16,user001@example.com,4952
2026-03-16,user002@example.com,5728
2026-03-16,user003@example.com,8143
2026-03-16,user004@example.com,13806
2026-03-16,user005@example.com,8787
2026-03-16,user006@example.com,12052
2026-03-16,user007@example.com,43994
2026-03-16,user008@example.com,3731
2026-03-16,user009@example.com,13881
2026-03-16,user010@example.com,2226
2026-03-16,user011@example.com,48738
2026-03-16,user012@example.com,6286
2026-03-16,user013@example.com,4542
2026-03-16,user014@example.com,20736
2026-03-16,user015@example.com,8669
2026-03-16,user016@example.com,8289
2026-03-16,user017@example.com,14853
2026-03-16,user018@example.com,14275
2026-03-16,user019@example.com,10784
2026-03-16,user020@example.com,7983
2026-03-16,user021@example.com,9071
2026-03-16,user022@example.com,112530
2026-03-16,user023@example.com,5403
2026-03-16,user024@example.com,14672
2026-03-16,user025@example.com,17399
2026-03-16,user026@example.com,3307
2026-03-16,user027@example.com,23876
2026-03-16,user028@example.com,14772
2026-03-16,user029@example.com,12369
2026-03-16,user030@example.com,12656
2026-03-16,user031@example.com,11679
2026-03-16,user032@example.com,13981
2026-03-16,user033@example.com,31444
2026-03-16,user034@example.com,3826
2026-03-16,user035@example.com,5108
2026-03-16,user036@example.com,7356
2026-03-16,user037@example.com,19791
2026-03-16,user038@example.com,35362
2026-03-16,user039@example.com,3018
2026-03-16,user040@example.com,11205
2026-03-16,user041@example.com,59168
2026-03-16,user042@example.com,16820
2026-03-16,user043@example.com,18095
2026-03-16,user044@example.com,5761
2026-03-16,user045@example.com,13427
2026-03-16,user046@example.com,1820
2026-03-16,user047@example.com,19511
2026-03-16,user048@example.com,16706
2026-03-16,user049@example.com,15229
2026-03-16,user050@example.com,7210
2026-03-16,user051@example.com,4523
2026-03-16,user052@example.com,4645
2026-03-16,user053@example.com,2474
2026-03-16,user054@example.com,2223
2026-03-16,user055@example.com,14786
2026-03-16,user056@example.com,3933
2026-03-16,user057@example.com,55171
2026-03-16,user058@example.com,12229
2026-03-16,user059@example.com,37868
2026-03-16,user060@example.com,6526
2026-03-16,user061@example.com,9345
2026-03-16,user062@example.com,8732
2026-03-16,user063@example.com,3215
2026-03-16,user064@example.com,14013
2026-03-16,user065@example.com,11773
2026-03-16,user066@example.com,10717
2026-03-16,user067@example.com,70657
2026-03-16,user068@example.com,6670
2026-03-16,user069@example.com,65999
2026-03-16,user070@example.com,3270
2026-03-16,user071@example.com,3183
2026-03-16,user072@example.com,13011
2026-03-16,user073@example.com,53908
2026-03-16,user074@example.com,8203
2026-03-16,user075@example.com,3126
2026-03-16,user076@example.com,6202
2026-03-16,user077@example.com,3136
2026-03-16,user078@example.com,27780
2026-03-16,user079@example.com,21076
2026-03-16,user080@example.com,30427
2026-03-16,user081@example.com,5020
2026-03-16,user082@example.com,18243
2026-03-16,user083@example.com,10527
2026-03-16,user084@example.com,42288
2026-03-16,user085@example.com,5562
2026-03-16,user086@example.com,7322
2026-03-16,user087@example.com,7518
2026-03-16,user088@example.com,19362
2026-03-16,user089@example.com,5174
2026-03-16,user090@example.com,5206
2026-03-16,user091@example.com,27964
2026-03-16,user092@example.com,3483
2026-03-16,user093@example.com,6280
2026-03-16,user094@example.com,12737
2026-03-16,user095@example.com,1896
2026-03-16,user096@example.com,10982
2026-03-16,user097@example.com,14660
2026-03-16,user098@example.com,23979
2026-03-16,user099@example.com,35236
2026-03-16,user100@example.com,16998
2026-03-17,user001@example.com,11629
2026-03-17,user002@example.com,12029
2026-03-17,user003@example.com,7769
2026-03-17,user004@example.com,21538
2026-03-17,user005@example.com,32777
2026-03-17,user006@example.com,31204
2026-03-17,user007@example.com,120402
2026-03-17,user008@example.com,15247
2026-03-17,user009@example.com,44783
2026-03-17,user010@example.com,4727
2026-03-17,user011@example.com,50086
2026-03-17,user012@example.com,16190
2026-03-17,user013@example.com,10865
2026-03-17,user014@example.com,37687
2026-03-17,user015@example.com,16074
2026-03-17,user016@example.com,30562
2026-03-17,user017@example.com,32003
2026-03-17,user018@example.com,31288
2026-03-17,user019@example.com,58931
2026-03-17,user020@example.com,17153
2026-03-17,user021@example.com,14246
2026-03-17,user022@example.com,84126
2026-03-17,user023@example.com,45923
2026-03-17,user024@example.com,38826
2026-03-17,user025@example.com,20663
2026-03-17,user026@example.com,6029
2026-03-17,user027@example.com,49410
2026-03-17,user028@example.com,24089
2026-03-17,user029@example.com,39523
2026-03-17,user030@example.com,48813
2026-03-17,user031@example.com,18045
2026-03-17,user032@example.com,33352
2026-03-17,user033@example.com,82932
2026-03-17,user034@example.com,10182
2026-03-17,user035@example.com,6847
2026-03-17,user036@example.com,1982
2026-03-17,user037@example.com,31425
2026-03-17,user038@example.com,82463
2026-03-17,user039@example.com,17541
2026-03-17,user040@example.com,14812
2026-03-17,user041@example.com,76282
2026-03-17,user042@example.com,70353
2026-03-17,user043@example.com,59731
2026-03-17,user044@example.com,11890
2026-03-17,user045@example.com,16324
2026-03-17,user046@example.com,6039
2026-03-17,user047@example.com,31474
2026-03-17,user048@example.com,25097
2026-03-17,user049@example.com,92075
2026-03-17,user050@example.com,29050
2026-03-17,user051@example.com,10596
2026-03-17,user052@example.com,14444
2026-03-17,user053@example.com,5390
2026-03-17,user054@example.com,11894
2026-03-17,user055@example.com,31469
2026-03-17,user056@example.com,5343
2026-03-17,user057@example.com,170475
2026-03-17,user058@example.com,41491
2026-03-17,user059@example.com,198064
2026-03-17,user060@example.com,18676
2026-03-17,user061@example.com,16824
2026-03-17,user062@example.com,36733
2026-03-17,user063@example.com,15631
2026-03-17,user064@example.com,18727
2026-03-17,user065@example.com,10481
2026-03-17,user066@example.com,25491
2026-03-17,user067@example.com,104148
2026-03-17,user068@example.com,9482
2026-03-17,user069@example.com,144205
2026-03-17,user070@example.com,5196
2026-03-17,user071@example.com,3739
2026-03-17,user072@example.com,85273
2026-03-17,user073@example.com,66711
2026-03-17,user074@example.com,7150
2026-03-17,user075@example.com,9277
2026-03-17,user076@example.com,6299
2026-03-17,user077@example.com,11892
2026-03-17,user078@example.com,111986
2026-03-17,user079@example.com,51893
2026-03-17,user080@example.com,56105
2026-03-17,user081@example.com,12265
2026-03-17,user082@example.com,19741
2026-03-17,user083@example.com,42304
2026-03-17,user084@example.com,77211
2026-03-17,user085@example.com,34944
2026-03-17,user086@example.com,25964
2026-03-17,user087@example.com,9608
2026-03-17,user088@example.com,40892
2026-03-17,user089@example.com,14160
2026-03-17,user090@example.com,27062
2026-03-17,user091@example.com,50253
2026-03-17,user092@example.com,10264
2026-03-17,user093@example.com,9444
2026-03-17,user094@example.com,35005
2026-03-17,user095@example.com,8197
2026-03-17,user096@example.com,12203
2026-03-17,user097@example.com,46866
2026-03-17,user098@example.com,29295
2026-03-17,user099@example.com,77239
2026-03-17,user100@example.com,48621
2026-03-18,user001@example.com,23432
2026-03-18,user002@example.com,3525
2026-03-18,user003@example.com,7565
2026-03-18,user004@example.com,26724
2026-03-18,user005@example.com,26634
2026-03-18,user006@example.com,19053
2026-03-18,user007@example.com,115310
2026-03-18,user008@example.com,16589
2026-03-18,user009@example.com,51425
2026-03-18,user010@example.com,8840
2026-03-18,user011@example.com,61850
2026-03-18,user012@example.com,15035
2026-03-18,user013@example.com,8908
2026-03-18,user014@example.com,33902
2026-03-18,user015@example.com,25511
2026-03-18,user016@example.com,20496
2026-03-18,user017@example.com,71881
2026-03-18,user018@example.com,31346
2026-03-18,user019@example.com,45085
2026-03-18,user020@example.com,36787
2026-03-18,user021@example.com,36244
2026-03-18,user022@example.com,75928
2026-03-18,user023@example.com,38739
2026-03-18,user024@example.com,48904
2026-03-18,user025@example.com,30200
2026-03-18,user026@example.com,4989
2026-03-18,user027@example.com,33869
2026-03-18,user028@example.com,46957
2026-03-18,user029@example.com,27813
2026-03-18,user030@example.com,58046
2026-03-18,user031@example.com,43849
2026-03-18,user032@example.com,41919
2026-03-18,user033@example.com,74980
2026-03-18,user034@example.com,7789
2026-03-18,user035@example.com,7242
2026-03-18,user036@example.com,4620
2026-03-18,user037@example.com,39091
2026-03-18,user038@example.com,108661
2026-03-18,user039@example.com,16687
2026-03-18,user040@example.com,27919
2026-03-18,user041@example.com,57382
2026-03-18,user042@example.com,64387
2026-03-18,user043@example.com,87075
2026-03-18,user044@example.com,6872
2026-03-18,user045@example.com,20811
2026-03-18,user046@example.com,12187
2026-03-18,user047@example.com,45164
2026-03-18,user048@example.com,33298
2026-03-18,user049@example.com,64402
2026-03-18,user050@example.com,13392
2026-03-18,user051@example.com,4697
2026-03-18,user052@example.com,7061
2026-03-18,user053@example.com,11016
2026-03-18,user054@example.com,11225
2026-03-18,user055@example.com,37926
2026-03-18,user056@example.com,8022
2026-03-18,user057@example.com,107927
2026-03-18,user058@example.com,33175
2026-03-18,user059@example.com,110362
2026-03-18,user060@example.com,12312
2026-03-18,user061@example.com,65224
2026-03-18,user062@example.com,51133
2026-03-18,user063@example.com,10406
2026-03-18,user064@example.com,45034
2026-03-18,user065@example.com,28332
2026-03-18,user066@example.com,24047
2026-03-18,user067@example.com,99681
2026-03-18,user068@example.com,11926
2026-03-18,user069@example.com,121215
2026-03-18,user070@example.com,4854
2026-03-18,user071@example.com,12107
2026-03-18,user072@example.com,47235
2026-03-18,user073@example.com,124840
2026-03-18,user074@example.com,17238
2026-03-18,user075@example.com,6496
2026-03-18,user076@example.com,8231
2026-03-18,user077@example.com,16508
2026-03-18,user078@example.com,75029
2026-03-18,user079@example.com,37004
2026-03-18,user080@example.com,67361
2026-03-18,user081@example.com,5272
2026-03-18,user082@example.com,95932
2026-03-18,user083@example.com,20259
2026-03-18,user084@example.com,67237
2026-03-18,user085@example.com,35011
2026-03-18,user086@example.com,32422
2026-03-18,user087@example.com,8681
2026-03-18,user088@example.com,41005
2026-03-18,user089@example.com,17702
2026-03-18,user090@example.com,21870
2026-03-18,user091@example.com,182957
2026-03-18,user092@example.com,6800
2026-03-18,user093@example.com,12327
2026-03-18,user094@example.com,54621
2026-03-18,user095@example.com,8807
2026-03-18,user096@example.com,23515
2026-03-18,user097@example.com,38506
2026-03-18,user098@example.com,38729
2026-03-18,user099@example.com,140905
2026-03-18,user100@example.com,79599
2026-03-19,user001@example.com,36102
2026-03-19,user002@example.com,8644
2026-03-19,user003@example.com,8866
2026-03-19,user004@example.com,25950
2026-03-19,user005@example.com,19175
2026-03-19,user006@example.com,35789
2026-03-19,user007@example.com,128228
2026-03-19,user008@example.com,23915
2026-03-19,user009@example.com,38587
2026-03-19,user010@example.com,6536
2026-03-19,user011@example.com,75938
2026-03-19,user012@example.com,9877
2026-03-19,user013@example.com,9410
2026-03-19,user014@example.com,53514
2026-03-19,user015@example.com,22844
2026-03-19,user016@example.com,19003
2026-03-19,user017@example.com,30624
2026-03-19,user018@example.com,28125
2026-03-19,user019@example.com,37006
2026-03-19,user020@example.com,33333
2026-03-19,user021@example.com,15692
2026-03-19,user022@example.com,110396
2026-03-19,user023@example.com,34631
2026-03-19,user024@example.com,18980
2026-03-19,user025@example.com,16395
2026-03-19,user026@example.com,5767
2026-03-19,user027@example.com,32039
2026-03-19,user028@example.com,35213
2026-03-19,user029@example.com,34091
2026-03-19,user030@example.com,52714
2026-03-19,user031@example.com,29140
2026-03-19,user032@example.com,77374
2026-03-19,user033@example.com,170449
2026-03-19,user034@example.com,5365
2026-03-19,user035@example.com,7835
2026-03-19,user036@example.com,6875
2026-03-19,user037@example.com,44696
2026-03-19,user038@example.com,83538
2026-03-19,user039@example.com,10959
2026-03-19,user040@example.com,23144
2026-03-19,user041@example.com,59747
2026-03-19,user042@example.com,30933
2026-03-19,user043@example.com,82077
2026-03-19,user044@example.com,11415
2026-03-19,user045@example.com,27070
2026-03-19,user046@example.com,9863
2026-03-19,user047@example.com,35610
2026-03-19,user048@example.com,36365
2026-03-19,user049@example.com,50507
2026-03-19,user050@example.com,33008
2026-03-19,user051@example.com,7167
2026-03-19,user052@example.com,11428
2026-03-19,user053@example.com,10268
2026-03-19,user054@example.com,7033
2026-03-19,user055@example.com,20512
2026-03-19,user056@example.com,9495
2026-03-19,user057@example.com,154578
2026-03-19,user058@example.com,29953
2026-03-19,user059@example.com,113508
2026-03-19,user060@example.com,16447
2026-03-19,user061@example.com,32088
2026-03-19,user062@example.com,41196
2026-03-19,user063@example.com,8719
2026-03-19,user064@example.com,31773
2026-03-19,user065@example.com,21472
2026-03-19,user066@example.com,21446
2026-03-19,user067@example.com,155457
2026-03-19,user068@example.com,8361
2026-03-19,user069@example.com,183683
2026-03-19,user070@example.com,10692
2026-03-19,user071@example.com,5355
2026-03-19,user072@example.com,43379
2026-03-19,user073@example.com,76476
2026-03-19,user074@example.com,9382
2026-03-19,user075@example.com,12903
2026-03-19,user076@example.com,6571
2026-03-19,user077@example.com,14005
2026-03-19,user078@example.com,116067
2026-03-19,user079@example.com,25406
2026-03-19,user080@example.com,47462
2026-03-19,user081@example.com,4797
2026-03-19,user082@example.com,31046
2026-03-19,user083@example.com,12143
2026-03-19,user084@example.com,127266
2026-03-19,user085@example.com,45050
2026-03-19,user086@example.com,26418
2026-03-19,user087@example.com,7521
2026-03-19,user088@example.com,26292
2026-03-19,user089@example.com,8957
2026-03-19,user090@example.com,15374
2026-03-19,user091@example.com,98873
2026-03-19,user092@example.com,16395
2026-03-19,user093@example.com,6408
2026-03-19,user094@example.com,46480
2026-03-19,user095@example.com,10925
2026-03-19,user096@example.com,48824
2026-03-19,user097@example.com,115400
2026-03-19,user098@example.com,24011
2026-03-19,user099@example.com,282635
2026-03-19,user100@example.com,56558
2026-03-20,user001@example.com,20047
2026-03-20,user002@example.com,13613
2026-03-20,user003@example.com,7702
2026-03-20,user004@example.com,40774
2026-03-20,user005@example.com,13597
2026-03-20,user006@example.com,22689
2026-03-20,user007@example.com,190400
2026-03-20,user008@example.com,9255
2026-03-20,user009@example.com,37260
2026-03-20,user010@example.com,7435
2026-03-20,user011@example.com,108381
2026-03-20,user012@example.com,6802
2026-03-20,user013@example.com,11586
2026-03-20,user014@example.com,32282
2026-03-20,user015@example.com,22880
2026-03-20,user016@example.com,35746
2026-03-20,user017@example.com,27405
2026-03-20,user018@example.com,22714
2026-03-20,user019@example.com,18010
2026-03-20,user020@example.com,17810
2026-03-20,user021@example.com,39296
2026-03-20,user022@example.com,116392
2026-03-20,user023@example.com,20254
2026-03-20,user024@example.com,29916
2026-03-20,user025@example.com,12821
2026-03-20,user026@example.com,4852
2026-03-20,user027@example.com,47694
2026-03-20,user028@example.com,21467
2026-03-20,user029@example.com,52342
2026-03-20,user030@example.com,61404
2026-03-20,user031@example.com,25417
2026-03-20,user032@example.com,37761
2026-03-20,user033@example.com,123760
2026-03-20,user034@example.com,13602
2026-03-20,user035@example.com,7078
2026-03-20,user036@example.com,8766
2026-03-20,user037@example.com,38648
2026-03-20,user038@example.com,114163
2026-03-20,user039@example.com,9188
2026-03-20,user040@example.com,21601
2026-03-20,user041@example.com,65352
2026-03-20,user042@example.com,35469
2026-03-20,user043@example.com,74192
2026-03-20,user044@example.com,12182
2026-03-20,user045@example.com,34147
2026-03-20,user046@example.com,10839
2026-03-20,user047@example.com,26814
2026-03-20,user048@example.com,50838
2026-03-20,user049@example.com,31722
2026-03-20,user050@example.com,26634
2026-03-20,user051@example.com,5239
2026-03-20,user052@example.com,12758
2026-03-20,user053@example.com,10539
2026-03-20,user054@example.com,6151
2026-03-20,user055@example.com,26704
2026-03-20,user056@example.com,11524
2026-03-20,user057@example.com,114210
2026-03-20,user058@example.com,52115
2026-03-20,user059@example.com,96779
2026-03-20,user060@example.com,29058
2026-03-20,user061@example.com,11347
2026-03-20,user062@example.com,97058
2026-03-20,user063@example.com,15937
2026-03-20,user064@example.com,32096
2026-03-20,user065@example.com,10823
2026-03-20,user066@example.com,27283
2026-03-20,user067@example.com,73244
2026-03-20,user068@example.com,11033
2026-03-20,user069@example.com,119447
2026-03-20,user070@example.com,4527
2026-03-20,user071@example.com,10650
2026-03-20,user072@example.com,55185
2026-03-20,user073@example.com,132873
2026-03-20,user074@example.com,10374
2026-03-20,user075@example.com,3835
2026-03-20,user076@example.com,10130
2026-03-20,user077@example.com,11044
2026-03-20,user078@example.com,58056
2026-03-20,user079@example.com,56917
2026-03-20,user080@example.com,131261
2026-03-20,user081@example.com,7091
2026-03-20,user082@example.com,88626
2026-03-20,user083@example.com,33427
2026-03-20,user084@example.com,90529
2026-03-20,user085@example.com,17309
2026-03-20,user086@example.com,43748
2026-03-20,user087@example.com,9240
2026-03-20,user088@example.com,41878
2026-03-20,user089@example.com,8503
2026-03-20,user090@example.com,18372
2026-03-20,user091@example.com,103184
2026-03-20,user092@example.com,10629
2026-03-20,user093@example.com,8196
2026-03-20,user094@example.com,52713
2026-03-20,user095@example.com,11009
2026-03-20,user096@example.com,30910
2026-03-20,user097@example.com,33100
2026-03-20,user098@example.com,27076
2026-03-20,user099@example.com,106357
2026-03-20,user100@example.com,70436
2026-03-21,user001@example.com,16464
2026-03-21,user002@example.com,14749
2026-03-21,user003@example.com,9177
2026-03-21,user004@example.com,18345
2026-03-21,user005@example.com,14707
2026-03-21,user006@example.com,19502
2026-03-21,user007@example.com,111629
2026-03-21,user008@example.com,17253
2026-03-21,user009@example.com,36351
2026-03-21,user010@example.com,4424
2026-03-21,user011@example.com,73307
2026-03-21,user012@example.com,10123
2026-03-21,user013@example.com,9979
2026-03-21,user014@example.com,40980
2026-03-21,user015@example.com,31083
2026-03-21,user016@example.com,23069
2026-03-21,user017@example.com,69676
2026-03-21,user018@example.com,41960
2026-03-21,user019@example.com,26110
2026-03-21,user020@example.com,44120
2026-03-21,user021@example.com,26086
2026-03-21,user022@example.com,85488
2026-03-21,user023@example.com,54459
2026-03-21,user024@example.com,69207
2026-03-21,user025@example.com,20123
2026-03-21,user026@example.com,5690
2026-03-21,user027@example.com,36962
2026-03-21,user028@example.com,39215
2026-03-21,user029@example.com,52308
2026-03-21,user030@example.com,72499
2026-03-21,user031@example.com,24109
2026-03-21,user032@example.com,66323
2026-03-21,user033@example.com,79829
2026-03-21,user034@example.com,13994
2026-03-21,user035@example.com,5367
2026-03-21,user036@example.com,7891
2026-03-21,user037@example.com,37731
2026-03-21,user038@example.com,87341
2026-03-21,user039@example.com,8547
2026-03-21,user040@example.com,32594
2026-03-21,user041@example.com,52505
2026-03-21,user042@example.com,30299
2026-03-21,user043@example.com,187114
2026-03-21,user044@example.com,13735
2026-03-21,user045@example.com,8834
2026-03-21,user046@example.com,5567
2026-03-21,user047@example.com,20822
2026-03-21,user048@example.com,21892
2026-03-21,user049@example.com,11149
2026-03-21,user050@example.com,19404
2026-03-21,user051@example.com,4550
2026-03-21,user052@example.com,11694
2026-03-21,user053@example.com,5043
2026-03-21,user054@example.com,10042
2026-03-21,user055@example.com,17605
2026-03-21,user056@example.com,11478
2026-03-21,user057@example.com,187665
2026-03-21,user058@example.com,40197
2026-03-21,user059@example.com,87010
2026-03-21,user060@example.com,40786
2026-03-21,user061@example.com,13509
2026-03-21,user062@example.com,24023
2026-03-21,user063@example.com,8649
2026-03-21,user064@example.com,73612
2026-03-21,user065@example.com,18966
2026-03-21,user066@example.com,21820
2026-03-21,user067@example.com,69131
2026-03-21,user068@example.com,12401
2026-03-21,user069@example.com,136176
2026-03-21,user070@example.com,7826
2026-03-21,user071@example.com,5444
2026-03-21,user072@example.com,30657
2026-03-21,user073@example.com,56643
2026-03-21,user074@example.com,10044
2026-03-21,user075@example.com,4067
2026-03-21,user076@example.com,4493
2026-03-21,user077@example.com,9873
2026-03-21,user078@example.com,75050
2026-03-21,user079@example.com,27705
2026-03-21,user080@example.com,69907
2026-03-21,user081@example.com,6976
2026-03-21,user082@example.com,35495
2026-03-21,user083@example.com,32557
2026-03-21,user084@example.com,68945
2026-03-21,user085@example.com,21121
2026-03-21,user086@example.com,24526
2026-03-21,user087@example.com,6766
2026-03-21,user088@example.com,43268
2026-03-21,user089@example.com,7164
2026-03-21,user090@example.com,21011
2026-03-21,user091@example.com,102000
2026-03-21,user092@example.com,15832
2026-03-21,user093@example.com,9014
2026-03-21,user094@example.com,29459
2026-03-21,user095@example.com,8272
2026-03-21,user096@example.com,29462
2026-03-21,user097@example.com,31620
2026-03-21,user098@example.com,23120
2026-03-21,user099@example.com,47228
2026-03-21,user100@example.com,62665
2026-03-22,user001@example.com,13121
2026-03-22,user002@example.com,9894
2026-03-22,user003@example.com,5862
2026-03-22,user004@example.com,30971
2026-03-22,user005@example.com,9258
2026-03-22,user006@example.com,20117
2026-03-22,user007@example.com,55244
2026-03-22,user008@example.com,6788
2026-03-22,user009@example.com,11652
2026-03-22,user010@example.com,3742
2026-03-22,user011@example.com,19668
2026-03-22,user012@example.com,6054
2026-03-22,user013@example.com,6032
2026-03-22,user014@example.com,16178
2026-03-22,user015@example.com,8183
2026-03-22,user016@example.com,18161
2026-03-22,user017@example.com,21981
2026-03-22,user018@example.com,14935
2026-03-22,user019@example.com,19703
2026-03-22,user020@example.com,29739
2026-03-22,user021@example.com,20224
2026-03-22,user022@example.com,99861
2026-03-22,user023@example.com,20646
2026-03-22,user024@example.com,20579
2026-03-22,user025@example.com,5109
2026-03-22,user026@example.com,3106
2026-03-22,user027@example.com,19263
2026-03-22,user028@example.com,9197
2026-03-22,user029@example.com,12948
2026-03-22,user030@example.com,17232
2026-03-22,user031@example.com,13326
2026-03-22,user032@example.com,30356
2026-03-22,user033@example.com,76167
2026-03-22,user034@example.com,6547
2026-03-22,user035@example.com,2460
2026-03-22,user036@example.com,2002
2026-03-22,user037@example.com,12323
2026-03-22,user038@example.com,33162
2026-03-22,user039@example.com,4149
2026-03-22,user040@example.com,11175
2026-03-22,user041@example.com,27623
2026-03-22,user042@example.com,25663
2026-03-22,user043@example.com,47667
2026-03-22,user044@example.com,5684
2026-03-22,user045@example.com,17615
2026-03-22,user046@example.com,2606
2026-03-22,user047@example.com,26390
2026-03-22,user048@example.com,17640
2026-03-22,user049@example.com,17277
2026-03-22,user050@example.com,16110
2026-03-22,user051@example.com,5358
2026-03-22,user052@example.com,4773
2026-03-22,user053@example.com,4851
2026-03-22,user054@example.com,6248
2026-03-22,user055@example.com,10740
2026-03-22,user056@example.com,4834
2026-03-22,user057@example.com,73354
2026-03-22,user058@example.com,33667
2026-03-22,user059@example.com,33146
2026-03-22,user060@example.com,11322
2026-03-22,user061@example.com,9827
2026-03-22,user062@example.com,28159
2026-03-22,user063@example.com,2936
2026-03-22,user064@example.com,21918
2026-03-22,user065@example.com,9479
2026-03-22,user066@example.com,10445
2026-03-22,user067@example.com,40069
2026-03-22,user068@example.com,4393
2026-03-22,user069@example.com,82774
2026-03-22,user070@example.com,3416
2026-03-22,user071@example.com,4907
2026-03-22,user072@example.com,40814
2026-03-22,user073@example.com,56705
2026-03-22,user074@example.com,4656
2026-03-22,user075@example.com,4059
2026-03-22,user076@example.com,3255
2026-03-22,user077@example.com,5571
2026-03-22,user078@example.com,30374
2026-03-22,user079@example.com,26850
2026-03-22,user080@example.com,30115
2026-03-22,user081@example.com,4199
2026-03-22,user082@example.com,15860
2026-03-22,user083@example.com,20650
2026-03-22,user084@example.com,43373
2026-03-22,user085@example.com,11246
2026-03-22,user086@example.com,18364
2026-03-22,user087@example.com,8766
2026-03-22,user088@example.com,17591
2026-03-22,user089@example.com,3049
2026-03-22,user090@example.com,33687
2026-03-22,user091@example.com,72579
2026-03-22,user092@example.com,8560
2026-03-22,user093@example.com,3972
2026-03-22,user094@example.com,18659
2026-03-22,user095@example.com,2849
2026-03-22,user096@example.com,21020
2026-03-22,user097@example.com,24986
2026-03-22,user098@example.com,13472
2026-03-22,user099@example.com,48028
2026-03-22,user100@example.com,51035
2026-03-23,user001@example.com,21339
2026-03-23,user002@example.com,10242
2026-03-23,user003@example.com,6082
2026-03-23,user004@example.com,16039
2026-03-23,user005@example.com,3429
2026-03-23,user006@example.com,13525
2026-03-23,user007@example.com,59956
2026-03-23,user008@example.com,4901
2026-03-23,user009@example.com,17855
2026-03-23,user010@example.com,1955
2026-03-23,user011@example.com,43211
2026-03-23,user012@example.com,7486
2026-03-23,user013@example.com,5925
2026-03-23,user014@example.com,24404
2026-03-23,user015@example.com,13176
2026-03-23,user016@example.com,10560
2026-03-23,user017@example.com,20066
2026-03-23,user018@example.com,16516
2026-03-23,user019@example.com,18194
2026-03-23,user020@example.com,15126
2026-03-23,user021@example.com,15269
2026-03-23,user022@example.com,124130
2026-03-23,user023@example.com,34631
2026-03-23,user024@example.com,18017
2026-03-23,user025@example.com,2785
2026-03-23,user026@example.com,5480
2026-03-23,user027@example.com,17024
2026-03-23,user028@example.com,12085
2026-03-23,user029@example.com,15241
2026-03-23,user030@example.com,26607
2026-03-23,user031@example.com,15102
2026-03-23,user032@example.com,11917
2026-03-23,user033@example.com,32000
2026-03-23,user034@example.com,5762
2026-03-23,user035@example.com,3869
2026-03-23,user036@example.com,4449
2026-03-23,user037@example.com,15616
2026-03-23,user038@example.com,33132
2026-03-23,user039@example.com,4280
2026-03-23,user040@example.com,11599
2026-03-23,user041@example.com,59794
2026-03-23,user042@example.com,10046
2026-03-23,user043@example.com,43193
2026-03-23,user044@example.com,3205
2026-03-23,user045@example.com,5981
2026-03-23,user046@example.com,4988
2026-03-23,user047@example.com,24889
2026-03-23,user048@example.com,18724
2026-03-23,user049@example.com,24187
2026-03-23,user050@example.com,9016
2026-03-23,user051@example.com,3055
2026-03-23,user052@example.com,12892
2026-03-23,user053@example.com,4280
2026-03-23,user054@example.com,6610
2026-03-23,user055@example.com,10689
2026-03-23,user056@example.com,1861
2026-03-23,user057@example.com,29330
2026-03-23,user058@example.com,13064
2026-03-23,user059@example.com,73962
2026-03-23,user060@example.com,14054
2026-03-23,user061@example.com,16785
2026-03-23,user062@example.com,14559
2026-03-23,user063@example.com,8214
2026-03-23,user064@example.com,12500
2026-03-23,user065@example.com,11490
2026-03-23,user066@example.com,12145
2026-03-23,user067@example.com,56452
2026-03-23,user068@example.com,7454
2026-03-23,user069@example.com,39929
2026-03-23,user070@example.com,1939
2026-03-23,user071@example.com,3581
2026-03-23,user072@example.com,17883
2026-03-23,user073@example.com,152174
2026-03-23,user074@example.com,6476
2026-03-23,user075@example.com,2694
2026-03-23,user076@example.com,2456
2026-03-23,user077@example.com,3106
2026-03-23,user078@example.com,32593
2026-03-23,user079@example.com,18242
2026-03-23,user080@example.com,51267
2026-03-23,user081@example.com,5265
2026-03-23,user082@example.com,22286
2026-03-23,user083@example.com,14287
2026-03-23,user084@example.com,56149
2026-03-23,user085@example.com,8894
2026-03-23,user086@example.com,22241
2026-03-23,user087@example.com,5615
2026-03-23,user088@example.com,15523
2026-03-23,user089@example.com,2353
2026-03-23,user090@example.com,9960
2026-03-23,user091@example.com,47645
2026-03-23,user092@example.com,4129
2026-03-23,user093@example.com,3589
2026-03-23,user094@example.com,23125
2026-03-23,user095@example.com,1855
2026-03-23,user096@example.com,17651
2026-03-23,user097@example.com,17074
2026-03-23,user098@example.com,13963
2026-03-23,user099@example.com,34486
2026-03-23,user100@example.com,35508
2026-03-24,user001@example.com,70299
2026-03-24,user002@example.com,19229
2026-03-24,user003@example.com,8408
2026-03-24,user004@example.com,63572
2026-03-24,user005@example.com,23277
2026-03-24,user006@example.com,48080
2026-03-24,user007@example.com,193997
2026-03-24,user008@example.com,4061
2026-03-24,user009@example.com,30062
2026-03-24,user010@example.com,10555
2026-03-24,user011@example.com,91409
2026-03-24,user012@example.com,10222
2026-03-24,user013@example.com,9113
2026-03-24,user014@example.com,21922
2026-03-24,user015@example.com,25212
2026-03-24,user016@example.com,64428
2026-03-24,user017@example.com,66473
2026-03-24,user018@example.com,83964
2026-03-24,user019@example.com,58181
2026-03-24,user020@example.com,37259
2026-03-24,user021@example.com,59308
2026-03-24,user022@example.com,166925
2026-03-24,user023@example.com,36533
2026-03-24,user024@example.com,61323
2026-03-24,user025@example.com,43256
2026-03-24,user026@example.com,7328
2026-03-24,user027@example.com,38959
2026-03-24,user028@example.com,40949
2026-03-24,user029@example.com,57153
2026-03-24,user030@example.com,100289
2026-03-24,user031@example.com,18053
2026-03-24,user032@example.com,97917
2026-03-24,user033@example.com,90901
2026-03-24,user034@example.com,11356
2026-03-24,user035@example.com,5529
2026-03-24,user036@example.com,22289
2026-03-24,user037@example.com,54586
2026-03-24,user038@example.com,84465
2026-03-24,user039@example.com,16859
2026-03-24,user040@example.com,34037
2026-03-24,user041@example.com,81171
2026-03-24,user042@example.com,67307
2026-03-24,user043@example.com,85229
2026-03-24,user044@example.com,10485
2026-03-24,user045@example.com,12868
2026-03-24,user046@example.com,5453
2026-03-24,user047@example.com,94419
2026-03-24,user048@example.com,69286
2026-03-24,user049@example.com,43718
2026-03-24,user050@example.com,46539
2026-03-24,user051@example.com,8196
2026-03-24,user052@example.com,13433
2026-03-24,user053@example.com,11604
2026-03-24,user054@example.com,11927
2026-03-24,user055@example.com,24118
2026-03-24,user056@example.com,12934
2026-03-24,user057@example.com,154169
2026-03-24,user058@example.com,50054
2026-03-24,user059@example.com,178778
2026-03-24,user060@example.com,29789
2026-03-24,user061@example.com,21162
2026-03-24,user062@example.com,31236
2026-03-24,user063@example.com,11985
2026-03-24,user064@example.com,40237
2026-03-24,user065@example.com,26812
2026-03-24,user066@example.com,29554
2026-03-24,user067@example.com,361317
2026-03-24,user068@example.com,7142
2026-03-24,user069@example.com,62096
2026-03-24,user070@example.com,8521
2026-03-24,user071@example.com,7597
2026-03-24,user072@example.com,56019
2026-03-24,user073@example.com,139568
2026-03-24,user074@example.com,19530
2026-03-24,user075@example.com,4476
2026-03-24,user076@example.com,7134
2026-03-24,user077@example.com,16996
2026-03-24,user078@example.com,148986
2026-03-24,user079@example.com,92058
2026-03-24,user080@example.com,105977
2026-03-24,user081@example.com,8497
2026-03-24,user082@example.com,36724
2026-03-24,user083@example.com,32016
2026-03-24,user084@example.com,101263
2026-03-24,user085@example.com,32707
2026-03-24,user086@example.com,32516
2026-03-24,user087@example.com,9204
2026-03-24,user088@example.com,33487
2026-03-24,user089@example.com,16939
2026-03-24,user090@example.com,29410
2026-03-24,user091@example.com,105771
2026-03-24,user092@example.com,16724
2026-03-24,user093@example.com,20102
2026-03-24,user094@example.com,46401
2026-03-24,user095@example.com,6626
2026-03-24,user096@example.com,21570
2026-03-24,user097@example.com,54730
2026-03-24,user098@example.com,16602
2026-03-24,user099@example.com,116824
2026-03-24,user100@example.com,70576
2026-03-25,user001@example.com,19965
2026-03-25,user002@example.com,11447
2026-03-25,user003@example.com,16359
2026-03-25,user004@example.com,50160
2026-03-25,user005@example.com,29186
2026-03-25,user006@example.com,35830
2026-03-25,user007@example.com,163644
2026-03-25,user008@example.com,19037
2026-03-25,user009@example.com,48312
2026-03-25,user010@example.com,4930
2026-03-25,user011@example.com,166098
2026-03-25,user012@example.com,18035
2026-03-25,user013@example.com,10024
2026-03-25,user014@example.com,29838
2026-03-25,user015@example.com,32351
2026-03-25,user016@example.com,30894
2026-03-25,user017@example.com,94234
2026-03-25,user018@example.com,37429
2026-03-25,user019@example.com,34516
2026-03-25,user020@example.com,38535
2026-03-25,user021@example.com,44498
2026-03-25,user022@example.com,168057
2026-03-25,user023@example.com,53530
2026-03-25,user024@example.com,45664
2026-03-25,user025@example.com,30566
2026-03-25,user026@example.com,14114
2026-03-25,user027@example.com,67606
2026-03-25,user028@example.com,39815
2026-03-25,user029@example.com,74277
2026-03-25,user030@example.com,35901
2026-03-25,user031@example.com,66010
2026-03-25,user032@example.com,29896
2026-03-25,user033@example.com,98936
2026-03-25,user034@example.com,13302
2026-03-25,user035@example.com,7804
2026-03-25,user036@example.com,13352
2026-03-25,user037@example.com,37509
2026-03-25,user038@example.com,134993
2026-03-25,user039@example.com,11023
2026-03-25,user040@example.com,31229
2026-03-25,user041@example.com,91777
2026-03-25,user042@example.com,56112
2026-03-25,user043@example.com,101645
2026-03-25,user044@example.com,11288
2026-03-25,user045@example.com,31143
2026-03-25,user046@example.com,13062
2026-03-25,user047@example.com,44054
2026-03-25,user048@example.com,31170
2026-03-25,user049@example.com,57351
2026-03-25,user050@example.com,27845
2026-03-25,user051@example.com,12554
2026-03-25,user052@example.com,11538
2026-03-25,user053@example.com,6608
2026-03-25,user054@example.com,11199
2026-03-25,user055@example.com,21538
2026-03-25,user056@example.com,9132
2026-03-25,user057@example.com,126770
2026-03-25,user058@example.com,54755
2026-03-25,user059@example.com,122007
2026-03-25,user060@example.com,29688
2026-03-25,user061@example.com,34013
2026-03-25,user062@example.com,58152
2026-03-25,user063@example.com,12218
2026-03-25,user064@example.com,55323
2026-03-25,user065@example.com,21318
2026-03-25,user066@example.com,52529
2026-03-25,user067@example.com,145838
2026-03-25,user068@example.com,7785
2026-03-25,user069@example.com,144136
2026-03-25,user070@example.com,6098
2026-03-25,user071@example.com,11848
2026-03-25,user072@example.com,117707
2026-03-25,user073@example.com,93566
2026-03-25,user074@example.com,15160
2026-03-25,user075@example.com,4443
2026-03-25,user076@example.com,11004
2026-03-25,user077@example.com,11619
2026-03-25,user078@example.com,99015
2026-03-25,user079@example.com,31470
2026-03-25,user080@example.com,106139
2026-03-25,user081@example.com,13357
2026-03-25,user082@example.com,54763
2026-03-25,user083@example.com,31217
2026-03-25,user084@example.com,235395
2026-03-25,user085@example.com,21659
2026-03-25,user086@example.com,15103
2026-03-25,user087@example.com,18598
2026-03-25,user088@example.com,28698
2026-03-25,user089@example.com,19074
2026-03-25,user090@example.com,24646
2026-03-25,user091@example.com,115969
2026-03-25,user092@example.com,25873
2026-03-25,user093@example.com,8069
2026-03-25,user094@example.com,37954
2026-03-25,user095@example.com,7998
2026-03-25,user096@example.com,55131
2026-03-25,user097@example.com,43136
2026-03-25,user098@example.com,34311
2026-03-25,user099@example.com,159538
2026-03-25,user100@example.com,67119
2026-03-26,user001@example.com,26974
2026-03-26,user002@example.com,7312
2026-03-26,user003@example.com,21248
2026-03-26,user004@example.com,22935
2026-03-26,user005@example.com,19992
2026-03-26,user006@example.com,25283
2026-03-26,user007@example.com,245827
2026-03-26,user008@example.com,6156
2026-03-26,user009@example.com,73603
2026-03-26,user010@example.com,8506
2026-03-26,user011@example.com,86307
2026-03-26,user012@example.com,8916
2026-03-26,user013@example.com,11955
2026-03-26,user014@example.com,28536
2026-03-26,user015@example.com,34858
2026-03-26,user016@example.com,18203
2026-03-26,user017@example.com,41476
2026-03-26,user018@example.com,27635
2026-03-26,user019@example.com,26017
2026-03-26,user020@example.com,29004
2026-03-26,user021@example.com,30842
2026-03-26,user022@example.com,192162
2026-03-26,user023@example.com,18002
2026-03-26,user024@example.com,53349
2026-03-26,user025@example.com,53778
2026-03-26,user026@example.com,6367
2026-03-26,user027@example.com,83768
2026-03-26,user028@example.com,30610
2026-03-26,user029@example.com,22738
2026-03-26,user030@example.com,58640
2026-03-26,user031@example.com,36905
2026-03-26,user032@example.com,32181
2026-03-26,user033@example.com,79341
2026-03-26,user034@example.com,13196
2026-03-26,user035@example.com,6532
2026-03-26,user036@example.com,9152
2026-03-26,user037@example.com,46898
2026-03-26,user038@example.com,115785
2026-03-26,user039@example.com,9216
2026-03-26,user040@example.com,24265
2026-03-26,user041@example.com,53912
2026-03-26,user042@example.com,67741
2026-03-26,user043@example.com,78403
2026-03-26,user044@example.com,15916
2026-03-26,user045@example.com,20619
2026-03-26,user046@example.com,8005
2026-03-26,user047@example.com,36288
2026-03-26,user048@example.com,23519
2026-03-26,user049@example.com,19960
2026-03-26,user050@example.com,15464
2026-03-26,user051@example.com,6659
2026-03-26,user052@example.com,13555
2026-03-26,user053@example.com,13941
2026-03-26,user054@example.com,9173
2026-03-26,user055@example.com,16433
2026-03-26,user056@example.com,4501
2026-03-26,user057@example.com,148890
2026-03-26,user058@example.com,54464
2026-03-26,user059@example.com,167011
2026-03-26,user060@example.com,28687
2026-03-26,user061@example.com,31976
2026-03-26,user062@example.com,78172
2026-03-26,user063@example.com,10995
2026-03-26,user064@example.com,46087
2026-03-26,user065@example.com,19999
2026-03-26,user066@example.com,15875
2026-03-26,user067@example.com,99071
2026-03-26,user068@example.com,9758
2026-03-26,user069@example.com,109521
2026-03-26,user070@example.com,12808
2026-03-26,user071@example.com,7672
2026-03-26,user072@example.com,65191
2026-03-26,user073@example.com,84065
2026-03-26,user074@example.com,9613
2026-03-26,user075@example.com,4098
2026-03-26,user076@example.com,5752
2026-03-26,user077@example.com,15134
2026-03-26,user078@example.com,98152
2026-03-26,user079@example.com,51133
2026-03-26,user080@example.com,69536
2026-03-26,user081@example.com,6592
2026-03-26,user082@example.com,91529
2026-03-26,user083@example.com,32478
2026-03-26,user084@example.com,161079
2026-03-26,user085@example.com,19443
2026-03-26,user086@example.com,32780
2026-03-26,user087@example.com,17416
2026-03-26,user088@example.com,36103
2026-03-26,user089@example.com,4704
2026-03-26,user090@example.com,22518
2026-03-26,user091@example.com,114732
2026-03-26,user092@example.com,15138
2026-03-26,user093@example.com,11442
2026-03-26,user094@example.com,20118
2026-03-26,user095@example.com,5071
2026-03-26,user096@example.com,29532
2026-03-26,user097@example.com,49817
2026-03-26,user098@example.com,51345
2026-03-26,user099@example.com,101915
2026-03-26,user100@example.com,75222
2026-03-27,user001@example.com,25287
2026-03-27,user002@example.com,8760
2026-03-27,user003@example.com,4370
2026-03-27,user004@example.com,42028
2026-03-27,user005@example.com,23381
2026-03-27,user006@example.com,20252
2026-03-27,user007@example.com,70215
2026-03-27,user008@example.com,11998
2026-03-27,user009@example.com,32931
2026-03-27,user010@example.com,7797
2026-03-27,user011@example.com,140816
2026-03-27,user012@example.com,5847
2026-03-27,user013@example.com,7534
2026-03-27,user014@example.com,33589
2026-03-27,user015@example.com,36607
2026-03-27,user016@example.com,14180
2026-03-27,user017@example.com,83546
2026-03-27,user018@example.com,34608
2026-03-27,user019@example.com,34949
2026-03-27,user020@example.com,20527
2026-03-27,user021@example.com,21583
2026-03-27,user022@example.com,178597
2026-03-27,user023@example.com,22703
2026-03-27,user024@example.com,40788
2026-03-27,user025@example.com,19232
2026-03-27,user026@example.com,5616
2026-03-27,user027@example.com,104892
2026-03-27,user028@example.com,38214
2026-03-27,user029@example.com,44797
2026-03-27,user030@example.com,95557
2026-03-27,user031@example.com,15288
2026-03-27,user032@example.com,78347
2026-03-27,user033@example.com,39998
2026-03-27,user034@example.com,8055
2026-03-27,user035@example.com,5464
2026-03-27,user036@example.com,8988
2026-03-27,user037@example.com,45806
2026-03-27,user038@example.com,90792
2026-03-27,user039@example.com,10497
2026-03-27,user040@example.com,15623
2026-03-27,user041@example.com,43423
2026-03-27,user042@example.com,54714
2026-03-27,user043@example.com,122703
2026-03-27,user044@example.com,18356
2026-03-27,user045@example.com,16686
2026-03-27,user046@example.com,9346
2026-03-27,user047@example.com,38419
2026-03-27,user048@example.com,50059
2026-03-27,user049@example.com,51686
2026-03-27,user050@example.com,23688
2026-03-27,user051@example.com,6512
2026-03-27,user052@example.com,17323
2026-03-27,user053@example.com,12071
2026-03-27,user054@example.com,8295
2026-03-27,user055@example.com,13822
2026-03-27,user056@example.com,6628
2026-03-27,user057@example.com,210330
2026-03-27,user058@example.com,49293
2026-03-27,user059@example.com,71423
2026-03-27,user060@example.com,14619
2026-03-27,user061@example.com,39281
2026-03-27,user062@example.com,28513
2026-03-27,user063@example.com,11502
2026-03-27,user064@example.com,29133
2026-03-27,user065@example.com,38746
2026-03-27,user066@example.com,19200
2026-03-27,user067@example.com,184651
2026-03-27,user068@example.com,10268
2026-03-27,user069@example.com,115147
2026-03-27,user070@example.com,3220
2026-03-27,user071@example.com,3391
2026-03-27,user072@example.com,39277
2026-03-27,user073@example.com,104941
2026-03-27,user074@example.com,7109
2026-03-27,user075@example.com,4384
2026-03-27,user076@example.com,8925
2026-03-27,user077@example.com,15070
2026-03-27,user078@example.com,91721
2026-03-27,user079@example.com,47493
2026-03-27,user080@example.com,42544
2026-03-27,user081@example.com,6473
2026-03-27,user082@example.com,75534
2026-03-27,user083@example.com,33799
2026-03-27,user084@example.com,110185
2026-03-27,user085@example.com,49311
2026-03-27,user086@example.com,15406
2026-03-27,user087@example.com,16354
2026-03-27,user088@example.com,59082
2026-03-27,user089@example.com,9408
2026-03-27,user090@example.com,29723
2026-03-27,user091@example.com,52004
2026-03-27,user092@example.com,9731
2026-03-27,user093@example.com,11013
2026-03-27,user094@example.com,47799
2026-03-27,user095@example.com,9499
2026-03-27,user096@example.com,43552
2026-03-27,user097@example.com,41439
2026-03-27,user098@example.com,50113
2026-03-27,user099@example.com,93516
2026-03-27,user100@example.com,87992
2026-03-28,user001@example.com,25500
2026-03-28,user002@example.com,13642
2026-03-28,user003@example.com,10527
2026-03-28,user004@example.com,19440
2026-03-28,user005@example.com,13999
2026-03-28,user006@example.com,24579
2026-03-28,user007@example.com,64663
2026-03-28,user008@example.com,12143
2026-03-28,user009@example.com,46247
2026-03-28,user010@example.com,6785
2026-03-28,user011@example.com,46716
2026-03-28,user012@example.com,18919
2026-03-28,user013@example.com,18520
2026-03-28,user014@example.com,35889
2026-03-28,user015@example.com,24810
2026-03-28,user016@example.com,25448
2026-03-28,user017@example.com,48179
2026-03-28,user018@example.com,29848
2026-03-28,user019@example.com,33679
2026-03-28,user020@example.com,28489
2026-03-28,user021@example.com,53894
2026-03-28,user022@example.com,71501
2026-03-28,user023@example.com,30014
2026-03-28,user024@example.com,22552
2026-03-28,user025@example.com,36224
2026-03-28,user026@example.com,5630
2026-03-28,user027@example.com,24147
2026-03-28,user028@example.com,38913
2026-03-28,user029@example.com,62769
2026-03-28,user030@example.com,76341
2026-03-28,user031@example.com,25476
2026-03-28,user032@example.com,46178
2026-03-28,user033@example.com,148951
2026-03-28,user034@example.com,7321
2026-03-28,user035@example.com,5819
2026-03-28,user036@example.com,5902
2026-03-28,user037@example.com,26590
2026-03-28,user038@example.com,80923
2026-03-28,user039@example.com,14651
2026-03-28,user040@example.com,25301
2026-03-28,user041@example.com,86661
2026-03-28,user042@example.com,42122
2026-03-28,user043@example.com,109026
2026-03-28,user044@example.com,7512
2026-03-28,user045@example.com,18619
2026-03-28,user046@example.com,7396
2026-03-28,user047@example.com,44099
2026-03-28,user048@example.com,34815
2026-03-28,user049@example.com,32477
2026-03-28,user050@example.com,18182
2026-03-28,user051@example.com,20886
2026-03-28,user052@example.com,16030
2026-03-28,user053@example.com,10490
2026-03-28,user054@example.com,9163
2026-03-28,user055@example.com,17718
2026-03-28,user056@example.com,6607
2026-03-28,user057@example.com,129312
2026-03-28,user058@example.com,16115
2026-03-28,user059@example.com,57403
2026-03-28,user060@example.com,16603
2026-03-28,user061@example.com,25496
2026-03-28,user062@example.com,36803
2026-03-28,user063@example.com,15228
2026-03-28,user064@example.com,20289
2026-03-28,user065@example.com,15952
2026-03-28,user066@example.com,40370
2026-03-28,user067@example.com,122198
2026-03-28,user068@example.com,12372
2026-03-28,user069@example.com,203840
2026-03-28,user070@example.com,4746
2026-03-28,user071@example.com,6679
2026-03-28,user072@example.com,36377
2026-03-28,user073@example.com,45802
2026-03-28,user074@example.com,8919
2026-03-28,user075@example.com,8238
2026-03-28,user076@example.com,8356
2026-03-28,user077@example.com,14495
2026-03-28,user078@example.com,79599
2026-03-28,user079@example.com,27094
2026-03-28,user080@example.com,94368
2026-03-28,user081@example.com,5811
2026-03-28,user082@example.com,44356
2026-03-28,user083@example.com,32955
2026-03-28,user084@example.com,165838
2026-03-28,user085@example.com,29151
2026-03-28,user086@example.com,15070
2026-03-28,user087@example.com,7702
2026-03-28,user088@example.com,38115
2026-03-28,user089@example.com,9721
2026-03-28,user090@example.com,17694
2026-03-28,user091@example.com,98688
2026-03-28,user092@example.com,12462
2026-03-28,user093@example.com,9247
2026-03-28,user094@example.com,44785
2026-03-28,user095@example.com,5307
2026-03-28,user096@example.com,41060
2026-03-28,user097@example.com,30370
2026-03-28,user098@example.com,39170
2026-03-28,user099@example.com,164227
2026-03-28,user100@example.com,37371
2026-03-29,user001@example.com,12207
2026-03-29,user002@example.com,10105
2026-03-29,user003@example.com,7900
2026-03-29,user004@example.com,18635
2026-03-29,user005@example.com,9314
2026-03-29,user006@example.com,19235
2026-03-29,user007@example.com,102528
2026-03-29,user008@example.com,3505
2026-03-29,user009@example.com,12983
2026-03-29,user010@example.com,3802
2026-03-29,user011@example.com,50044
2026-03-29,user012@example.com,6102
2026-03-29,user013@example.com,6683
2026-03-29,user014@example.com,15433
2026-03-29,user015@example.com,5746
2026-03-29,user016@example.com,11868
2026-03-29,user017@example.com,23750
2026-03-29,user018@example.com,16405
2026-03-29,user019@example.com,13191
2026-03-29,user020@example.com,6379
2026-03-29,user021@example.com,11498
2026-03-29,user022@example.com,92765
2026-03-29,user023@example.com,28044
2026-03-29,user024@example.com,29987
2026-03-29,user025@example.com,9053
2026-03-29,user026@example.com,2680
2026-03-29,user027@example.com,27639
2026-03-29,user028@example.com,22565
2026-03-29,user029@example.com,22764
2026-03-29,user030@example.com,17360
2026-03-29,user031@example.com,10162
2026-03-29,user032@example.com,22990
2026-03-29,user033@example.com,62496
2026-03-29,user034@example.com,7550
2026-03-29,user035@example.com,3695
2026-03-29,user036@example.com,4507
2026-03-29,user037@example.com,23931
2026-03-29,user038@example.com,66989
2026-03-29,user039@example.com,6439
2026-03-29,user040@example.com,12324
2026-03-29,user041@example.com,36551
2026-03-29,user042@example.com,23901
2026-03-29,user043@example.com,62439
2026-03-29,user044@example.com,6337
2026-03-29,user045@example.com,13763
2026-03-29,user046@example.com,6423
2026-03-29,user047@example.com,25489
2026-03-29,user048@example.com,14396
2026-03-29,user049@example.com,26961
2026-03-29,user050@example.com,7466
2026-03-29,user051@example.com,2750
2026-03-29,user052@example.com,7620
2026-03-29,user053@example.com,6314
2026-03-29,user054@example.com,3732
2026-03-29,user055@example.com,10534
2026-03-29,user056@example.com,3247
2026-03-29,user057@example.com,57142
2026-03-29,user058@example.com,25138
2026-03-29,user059@example.com,73907
2026-03-29,user060@example.com,11965
2026-03-29,user061@example.com,11371
2026-03-29,user062@example.com,14484
2026-03-29,user063@example.com,8663
2026-03-29,user064@example.com,24345
2026-03-29,user065@example.com,9405
2026-03-29,user066@example.com,17709
2026-03-29,user067@example.com,66109
2026-03-29,user068@example.com,4765
2026-03-29,user069@example.com,67212
2026-03-29,user070@example.com,2709
2026-03-29,user071@example.com,3559
2026-03-29,user072@example.com,24239
2026-03-29,user073@example.com,44246
2026-03-29,user074@example.com,7295
2026-03-29,user075@example.com,6757
2026-03-29,user076@example.com,3084
2026-03-29,user077@example.com,3782
2026-03-29,user078@example.com,26153
2026-03-29,user079@example.com,18773
2026-03-29,user080@example.com,27855
2026-03-29,user081@example.com,4318
2026-03-29,user082@example.com,24333
2026-03-29,user083@example.com,10308
2026-03-29,user084@example.com,30579
2026-03-29,user085@example.com,13360
2026-03-29,user086@example.com,14433
2026-03-29,user087@example.com,5836
2026-03-29,user088@example.com,10115
2026-03-29,user089@example.com,6806
2026-03-29,user090@example.com,18799
2026-03-29,user091@example.com,44253
2026-03-29,user092@example.com,5036
2026-03-29,user093@example.com,5351
2026-03-29,user094@example.com,12266
2026-03-29,user095@example.com,5087
2026-03-29,user096@example.com,14165
2026-03-29,user097@example.com,12510
2026-03-29,user098@example.com,16263
2026-03-29,user099@example.com,67878
2026-03-29,user100@example.com,31266
2026-03-30,user001@example.com,10253
2026-03-30,user002@example.com,3620
2026-03-30,user003@example.com,5271
2026-03-30,user004@example.com,12938
2026-03-30,user005@example.com,4645
2026-03-30,user006@example.com,9917
2026-03-30,user007@example.com,78359
2026-03-30,user008@example.com,3775
2026-03-30,user009@example.com,29827
2026-03-30,user010@example.com,3348
2026-03-30,user011@example.com,37085
2026-03-30,user012@example.com,5314
2026-03-30,user013@example.com,4221
2026-03-30,user014@example.com,14804
2026-03-30,user015@example.com,8889
2026-03-30,user016@example.com,13598
2026-03-30,user017@example.com,13734
2026-03-30,user018@example.com,10171
2026-03-30,user019@example.com,10957
2026-03-30,user020@example.com,20219
2026-03-30,user021@example.com,13596
2026-03-30,user022@example.com,61835
2026-03-30,user023@example.com,10236
2026-03-30,user024@example.com,20192
2026-03-30,user025@example.com,9486
2026-03-30,user026@example.com,3550
2026-03-30,user027@example.com,13539
2026-03-30,user028@example.com,15677
2026-03-30,user029@example.com,13996
2026-03-30,user030@example.com,22047
2026-03-30,user031@example.com,14601
2026-03-30,user032@example.com,11126
2026-03-30,user033@example.com,52681
2026-03-30,user034@example.com,6017
2026-03-30,user035@example.com,2119
2026-03-30,user036@example.com,2472
2026-03-30,user037@example.com,17627
2026-03-30,user038@example.com,47717
2026-03-30,user039@example.com,4488
2026-03-30,user040@example.com,11500
2026-03-30,user041@example.com,61050
2026-03-30,user042@example.com,15954
2026-03-30,user043@example.com,23718
2026-03-30,user044@example.com,6321
2026-03-30,user045@example.com,17811
2026-03-30,user046@example.com,3779
2026-03-30,user047@example.com,13022
2026-03-30,user048@example.com,14193
2026-03-30,user049@example.com,10974
2026-03-30,user050@example.com,12375
2026-03-30,user051@example.com,2053
2026-03-30,user052@example.com,5003
2026-03-30,user053@example.com,3041
2026-03-30,user054@example.com,4949
2026-03-30,user055@example.com,8692
2026-03-30,user056@example.com,3504
2026-03-30,user057@example.com,56021
2026-03-30,user058@example.com,10494
2026-03-30,user059@example.com,58966
2026-03-30,user060@example.com,9715
2026-03-30,user061@example.com,7991
2026-03-30,user062@example.com,41753
2026-03-30,user063@example.com,5107
2026-03-30,user064@example.com,15386
2026-03-30,user065@example.com,16216
2026-03-30,user066@example.com,21517
2026-03-30,user067@example.com,52828
2026-03-30,user068@example.com,4881
2026-03-30,user069@example.com,33507
2026-03-30,user070@example.com,2737
2026-03-30,user071@example.com,3072
2026-03-30,user072@example.com,20331
2026-03-30,user073@example.com,48572
2026-03-30,user074@example.com,5760
2026-03-30,user075@example.com,3132
2026-03-30,user076@example.com,2155
2026-03-30,user077@example.com,4002
2026-03-30,user078@example.com,35708
2026-03-30,user079@example.com,14707
2026-03-30,user080@example.com,41633
2026-03-30,user081@example.com,2192
2026-03-30,user082@example.com,16816
2026-03-30,user083@example.com,20692
2026-03-30,user084@example.com,42632
2026-03-30,user085@example.com,11609
2026-03-30,user086@example.com,10755
2026-03-30,user087@example.com,6081
2026-03-30,user088@example.com,13683
2026-03-30,user089@example.com,5980
2026-03-30,user090@example.com,5754
2026-03-30,user091@example.com,29006
2026-03-30,user092@example.com,6166
2026-03-30,user093@example.com,5211
2026-03-30,user094@example.com,27375
2026-03-30,user095@example.com,2513
2026-03-30,user096@example.com,18954
2026-03-30,user097@example.com,15131
2026-03-30,user098@example.com,23597
2026-03-30,user099@example.com,63033
2026-03-30,user100@example.com,20934
2026-03-31,user001@example.com,28580
2026-03-31,user002@example.com,12407
2026-03-31,user003@example.com,12230
2026-03-31,user004@example.com,34123
2026-03-31,user005@example.com,20168
2026-03-31,user006@example.com,41446
2026-03-31,user007@example.com,122040
2026-03-31,user008@example.com,13121
2026-03-31,user009@example.com,34098
2026-03-31,user010@example.com,11738
2026-03-31,user011@example.com,59040
2026-03-31,user012@example.com,10189
2026-03-31,user013@example.com,16752
2026-03-31,user014@example.com,31576
2026-03-31,user015@example.com,39333
2026-03-31,user016@example.com,35070
2026-03-31,user017@example.com,41031
2026-03-31,user018@example.com,17859
2026-03-31,user019@example.com,36647
2026-03-31,user020@example.com,23271
2026-03-31,user021@example.com,38619
2026-03-31,user022@example.com,220271
2026-03-31,user023@example.com,26507
2026-03-31,user024@example.com,48838
2026-03-31,user025@example.com,29357
2026-03-31,user026@example.com,10899
2026-03-31,user027@example.com,51573
2026-03-31,user028@example.com,17069
2026-03-31,user029@example.com,34943
2026-03-31,user030@example.com,43711
2026-03-31,user031@example.com,23909
2026-03-31,user032@example.com,61035
2026-03-31,user033@example.com,109331
2026-03-31,user034@example.com,16084
2026-03-31,user035@example.com,7382
2026-03-31,user036@example.com,4752
2026-03-31,user037@example.com,17924
2026-03-31,user038@example.com,103510
2026-03-31,user039@example.com,9985
2026-03-31,user040@example.com,15953
2026-03-31,user041@example.com,41283
2026-03-31,user042@example.com,33491
2026-03-31,user043@example.com,91791
2026-03-31,user044@example.com,13585
2026-03-31,user045@example.com,23991
2026-03-31,user046@example.com,13143
2026-03-31,user047@example.com,30144
2026-03-31,user048@example.com,45856
2026-03-31,user049@example.com,37513
2026-03-31,user050@example.com,28640
2026-03-31,user051@example.com,6425
2026-03-31,user052@example.com,18383
2026-03-31,user053@example.com,10895
2026-03-31,user054@example.com,8483
2026-03-31,user055@example.com,22364
2026-03-31,user056@example.com,6883
2026-03-31,user057@example.com,149921
2026-03-31,user058@example.com,22292
2026-03-31,user059@example.com,106514
2026-03-31,user060@example.com,25791
2026-03-31,user061@example.com,25965
2026-03-31,user062@example.com,69399
2026-03-31,user063@example.com,12883
2026-03-31,user064@example.com,36800
2026-03-31,user065@example.com,24228
2026-03-31,user066@example.com,28465
2026-03-31,user067@example.com,145482
2026-03-31,user068@example.com,5186
2026-03-31,user069@example.com,96836
2026-03-31,user070@example.com,3895
2026-03-31,user071@example.com,11710
2026-03-31,user072@example.com,42401
2026-03-31,user073@example.com,91828
2026-03-31,user074@example.com,14729
2026-03-31,user075@example.com,7593
2026-03-31,user076@example.com,5043
2026-03-31,user077@example.com,12322
2026-03-31,user078@example.com,87381
2026-03-31,user079@example.com,20035
2026-03-31,user080@example.com,51445
2026-03-31,user081@example.com,7019
2026-03-31,user082@example.com,41605
2026-03-31,user083@example.com,20052
2026-03-31,user084@example.com,161037
2026-03-31,user085@example.com,21670
2026-03-31,user086@example.com,26006
2026-03-31,user087@example.com,14535
2026-03-31,user088@example.com,25567
2026-03-31,user089@example.com,12624
2026-03-31,user090@example.com,19750
2026-03-31,user091@example.com,54698
2026-03-31,user092@example.com,15440
2026-03-31,user093@example.com,16561
2026-03-31,user094@example.com,47551
2026-03-31,user095@example.com,9047
2026-03-31,user096@example.com,21391
2026-03-31,user097@example.com,24761
2026-03-31,user098@example.com,56752
2026-03-31,user099@example.com,220884
2026-03-31,user100@example.com,112404
2026-04-01,user001@example.com,23330
2026-04-01,user002@example.com,8622
2026-04-01,user003@example.com,6918
2026-04-01,user004@example.com,20924
2026-04-01,user005@example.com,22113
2026-04-01,user006@example.com,46030
2026-04-01,user007@example.com,122905
2026-04-01,user008@example.com,11165
2026-04-01,user009@example.com,61048
2026-04-01,user010@example.com,5813
2026-04-01,user011@example.com,156051
2026-04-01,user012@example.com,25935
2026-04-01,user013@example.com,9595
2026-04-01,user014@example.com,30818
2026-04-01,user015@example.com,29305
2026-04-01,user016@example.com,23235
2026-04-01,user017@example.com,29540
2026-04-01,user018@example.com,53928
2026-04-01,user019@example.com,57741
2026-04-01,user020@example.com,24244
2026-04-01,user021@example.com,16866
2026-04-01,user022@example.com,83986
2026-04-01,user023@example.com,35757
2026-04-01,user024@example.com,31665
2026-04-01,user025@example.com,20376
2026-04-01,user026@example.com,10945
2026-04-01,user027@example.com,57235
2026-04-01,user028@example.com,55789
2026-04-01,user029@example.com,26669
2026-04-01,user030@example.com,59388
2026-04-01,user031@example.com,34224
2026-04-01,user032@example.com,51799
2026-04-01,user033@example.com,171745
2026-04-01,user034@example.com,12746
2026-04-01,user035@example.com,12788
2026-04-01,user036@example.com,9245
2026-04-01,user037@example.com,64219
2026-04-01,user038@example.com,89698
2026-04-01,user039@example.com,11057
2026-04-01,user040@example.com,31583
2026-04-01,user041@example.com,134597
2026-04-01,user042@example.com,57156
2026-04-01,user043@example.com,97569
2026-04-01,user044@example.com,17817
2026-04-01,user045@example.com,10661
2026-04-01,user046@example.com,4652
2026-04-01,user047@example.com,56212
2026-04-01,user048@example.com,34611
2026-04-01,user049@example.com,46625
2026-04-01,user050@example.com,23483
2026-04-01,user051@example.com,9346
2026-04-01,user052@example.com,9712
2026-04-01,user053@example.com,12265
2026-04-01,user054@example.com,15581
2026-04-01,user055@example.com,35197
2026-04-01,user056@example.com,15485
2026-04-01,user057@example.com,140670
2026-04-01,user058@example.com,37905
2026-04-01,user059@example.com,64556
2026-04-01,user060@example.com,19063
2026-04-01,user061@example.com,24526
2026-04-01,user062@example.com,63953
2026-04-01,user063@example.com,8112
2026-04-01,user064@example.com,49845
2026-04-01,user065@example.com,22946
2026-04-01,user066@example.com,24663
2026-04-01,user067@example.com,140907
2026-04-01,user068@example.com,8759
2026-04-01,user069@example.com,94678
2026-04-01,user070@example.com,3687
2026-04-01,user071@example.com,7017
2026-04-01,user072@example.com,37434
2026-04-01,user073@example.com,83855
2026-04-01,user074@example.com,12730
2026-04-01,user075@example.com,8432
2026-04-01,user076@example.com,8301
2026-04-01,user077@example.com,18298
2026-04-01,user078@example.com,122869
2026-04-01,user079@example.com,34020
2026-04-01,user080@example.com,56952
2026-04-01,user081@example.com,8538
2026-04-01,user082@example.com,54128
2026-04-01,user083@example.com,56175
2026-04-01,user084@example.com,166927
2026-04-01,user085@example.com,18996
2026-04-01,user086@example.com,25319
2026-04-01,user087@example.com,16334
2026-04-01,user088@example.com,50050
2026-04-01,user089@example.com,15283
2026-04-01,user090@example.com,22453
2026-04-01,user091@example.com,49344
2026-04-01,user092@example.com,9105
2026-04-01,user093@example.com,11051
2026-04-01,user094@example.com,42520
2026-04-01,user095@example.com,4559
2026-04-01,user096@example.com,26653
2026-04-01,user097@example.com,55227
2026-04-01,user098@example.com,23018
2026-04-01,user099@example.com,161967
2026-04-01,user100@example.com,58678
2026-04-02,user001@example.com,40465
2026-04-02,user002@example.com,10641
2026-04-02,user003@example.com,6963
2026-04-02,user004@example.com,31907
2026-04-02,user005@example.com,22053
2026-04-02,user006@example.com,22745
2026-04-02,user007@example.com,118914
2026-04-02,user008@example.com,11212
2026-04-02,user009@example.com,35279
2026-04-02,user010@example.com,6498
2026-04-02,user011@example.com,41783
2026-04-02,user012@example.com,14708
2026-04-02,user013@example.com,9668
2026-04-02,user014@example.com,65813
2026-04-02,user015@example.com,16410
2026-04-02,user016@example.com,13837
2026-04-02,user017@example.com,54591
2026-04-02,user018@example.com,38611
2026-04-02,user019@example.com,26318
2026-04-02,user020@example.com,13348
2026-04-02,user021@example.com,44629
2026-04-02,user022@example.com,210384
2026-04-02,user023@example.com,14319
2026-04-02,user024@example.com,31907
2026-04-02,user025@example.com,40822
2026-04-02,user026@example.com,6434
2026-04-02,user027@example.com,37034
2026-04-02,user028@example.com,30977
2026-04-02,user029@example.com,25302
2026-04-02,user030@example.com,36618
2026-04-02,user031@example.com,37663
2026-04-02,user032@example.com,23070
2026-04-02,user033@example.com,108768
2026-04-02,user034@example.com,14900
2026-04-02,user035@example.com,4001
2026-04-02,user036@example.com,5499
2026-04-02,user037@example.com,67233
2026-04-02,user038@example.com,120204
2026-04-02,user039@example.com,8802
2026-04-02,user040@example.com,34729
2026-04-02,user041@example.com,115935
2026-04-02,user042@example.com,48313
2026-04-02,user043@example.com,72793
2026-04-02,user044@example.com,9453
2026-04-02,user045@example.com,25204
2026-04-02,user046@example.com,7114
2026-04-02,user047@example.com,61079
2026-04-02,user048@example.com,20020
2026-04-02,user049@example.com,22202
2026-04-02,user050@example.com,24290
2026-04-02,user051@example.com,6398
2026-04-02,user052@example.com,10298
2026-04-02,user053@example.com,5371
2026-04-02,user054@example.com,11000
2026-04-02,user055@example.com,22383
2026-04-02,user056@example.com,9552
2026-04-02,user057@example.com,131382
2026-04-02,user058@example.com,32649
2026-04-02,user059@example.com,164943
2026-04-02,user060@example.com,14402
2026-04-02,user061@example.com,31438
2026-04-02,user062@example.com,24499
2026-04-02,user063@example.com,7437
2026-04-02,user064@example.com,24502
2026-04-02,user065@example.com,29977
2026-04-02,user066@example.com,25467
2026-04-02,user067@example.com,127647
2026-04-02,user068@example.com,6770
2026-04-02,user069@example.com,98373
2026-04-02,user070@example.com,5090
2026-04-02,user071@example.com,8692
2026-04-02,user072@example.com,31083
2026-04-02,user073@example.com,158873
2026-04-02,user074@example.com,6078
2026-04-02,user075@example.com,5013
2026-04-02,user076@example.com,13669
2026-04-02,user077@example.com,11013
2026-04-02,user078@example.com,62958
2026-04-02,user079@example.com,40443
2026-04-02,user080@example.com,56307
2026-04-02,user081@example.com,5671
2026-04-02,user082@example.com,29964
2026-04-02,user083@example.com,90123
2026-04-02,user084@example.com,100043
2026-04-02,user085@example.com,11620
2026-04-02,user086@example.com,43951
2026-04-02,user087@example.com,15882
2026-04-02,user088@example.com,26153
2026-04-02,user089@example.com,7880
2026-04-02,user090@example.com,28861
2026-04-02,user091@example.com,69708
2026-04-02,user092@example.com,6536
2026-04-02,user093@example.com,18645
2026-04-02,user094@example.com,32178
2026-04-02,user095@example.com,11224
2026-04-02,user096@example.com,40762
2026-04-02,user097@example.com,30975
2026-04-02,user098@example.com,49100
2026-04-02,user099@example.com,86977
2026-04-02,user100@example.com,34600
2026-04-03,user001@example.com,22081
2026-04-03,user002@example.com,14492
2026-04-03,user003@example.com,8341
2026-04-03,user004@example.com,33075
2026-04-03,user005@example.com,33451
2026-04-03,user006@example.com,26592
2026-04-03,user007@example.com,93867
2026-04-03,user008@example.com,12538
2026-04-03,user009@example.com,39466
2026-04-03,user010@example.com,2704
2026-04-03,user011@example.com,86810
2026-04-03,user012@example.com,14463
2026-04-03,user013@example.com,9877
2026-04-03,user014@example.com,50317
2026-04-03,user015@example.com,17715
2026-04-03,user016@example.com,28821
2026-04-03,user017@example.com,24982
2026-04-03,user018@example.com,38775
2026-04-03,user019@example.com,72954
2026-04-03,user020@example.com,15824
2026-04-03,user021@example.com,19637
2026-04-03,user022@example.com,98350
2026-04-03,user023@example.com,35191
2026-04-03,user024@example.com,25386
2026-04-03,user025@example.com,25977
2026-04-03,user026@example.com,10050
2026-04-03,user027@example.com,52123
2026-04-03,user028@example.com,18108
2026-04-03,user029@example.com,52174
2026-04-03,user030@example.com,90770
2026-04-03,user031@example.com,34257
2026-04-03,user032@example.com,49258
2026-04-03,user033@example.com,105932
2026-04-03,user034@example.com,15417
2026-04-03,user035@example.com,12818
2026-04-03,user036@example.com,5351
2026-04-03,user037@example.com,63052
2026-04-03,user038@example.com,95159
2026-04-03,user039@example.com,10264
2026-04-03,user040@example.com,13092
2026-04-03,user041@example.com,67634
2026-04-03,user042@example.com,30495
2026-04-03,user043@example.com,83378
2026-04-03,user044@example.com,7313
2026-04-03,user045@example.com,19158
2026-04-03,user046@example.com,6481
2026-04-03,user047@example.com,44721
2026-04-03,user048@example.com,19108
2026-04-03,user049@example.com,22205
2026-04-03,user050@example.com,25444
2026-04-03,user051@example.com,5653
2026-04-03,user052@example.com,18367
2026-04-03,user053@example.com,10611
2026-04-03,user054@example.com,13282
2026-04-03,user055@example.com,36729
2026-04-03,user056@example.com,6705
2026-04-03,user057@example.com,103129
2026-04-03,user058@example.com,45621
2026-04-03,user059@example.com,128385
2026-04-03,user060@example.com,20993
2026-04-03,user061@example.com,41694
2026-04-03,user062@example.com,40137
2026-04-03,user063@example.com,9921
2026-04-03,user064@example.com,37102
2026-04-03,user065@example.com,16162
2026-04-03,user066@example.com,26324
2026-04-03,user067@example.com,205596
2026-04-03,user068@example.com,11459
2026-04-03,user069@example.com,108590
2026-04-03,user070@example.com,6178
2026-04-03,user071@example.com,8389
2026-04-03,user072@example.com,56205
2026-04-03,user073@example.com,121384
2026-04-03,user074@example.com,9563
2026-04-03,user075@example.com,7324
2026-04-03,user076@example.com,8838
2026-04-03,user077@example.com,8864
2026-04-03,user078@example.com,104023
2026-04-03,user079@example.com,17284
2026-04-03,user080@example.com,77413
2026-04-03,user081@example.com,9415
2026-04-03,user082@example.com,56162
2026-04-03,user083@example.com,29284
2026-04-03,user084@example.com,119686
2026-04-03,user085@example.com,36899
2026-04-03,user086@example.com,42021
2026-04-03,user087@example.com,12481
2026-04-03,user088@example.com,35305
2026-04-03,user089@example.com,15846
2026-04-03,user090@example.com,13257
2026-04-03,user091@example.com,66733
2026-04-03,user092@example.com,20123
2026-04-03,user093@example.com,13797
2026-04-03,user094@example.com,41909
2026-04-03,user095@example.com,3860
2026-04-03,user096@example.com,25175
2026-04-03,user097@example.com,35168
2026-04-03,user098@example.com,37756
2026-04-03,user099@example.com,80917
2026-04-03,user100@example.com,45661
2026-04-04,user001@example.com,11729
2026-04-04,user002@example.com,18237
2026-04-04,user003@example.com,8041
2026-04-04,user004@example.com,36696
2026-04-04,user005@example.com,21125
2026-04-04,user006@example.com,16628
2026-04-04,user007@example.com,76537
2026-04-04,user008@example.com,6506
2026-04-04,user009@example.com,26965
2026-04-04,user010@example.com,7010
2026-04-04,user011@example.com,53340
2026-04-04,user012@example.com,21914
2026-04-04,user013@example.com,13250
2026-04-04,user014@example.com,46090
2026-04-04,user015@example.com,20274
2026-04-04,user016@example.com,41048
2026-04-04,user017@example.com,37777
2026-04-04,user018@example.com,31367
2026-04-04,user019@example.com,36861
2026-04-04,user020@example.com,27027
2026-04-04,user021@example.com,30194
2026-04-04,user022@example.com,100702
2026-04-04,user023@example.com,26315
2026-04-04,user024@example.com,43451
2026-04-04,user025@example.com,27154
2026-04-04,user026@example.com,6141
2026-04-04,user027@example.com,23393
2026-04-04,user028@example.com,29492
2026-04-04,user029@example.com,43202
2026-04-04,user030@example.com,115996
2026-04-04,user031@example.com,15886
2026-04-04,user032@example.com,35117
2026-04-04,user033@example.com,80708
2026-04-04,user034@example.com,16281
2026-04-04,user035@example.com,6091
2026-04-04,user036@example.com,5130
2026-04-04,user037@example.com,49578
2026-04-04,user038@example.com,80278
2026-04-04,user039@example.com,6599
2026-04-04,user040@example.com,15467
2026-04-04,user041@example.com,129298
2026-04-04,user042@example.com,46641
2026-04-04,user043@example.com,96048
2026-04-04,user044@example.com,9282
2026-04-04,user045@example.com,23417
2026-04-04,user046@example.com,7773
2026-04-04,user047@example.com,45161
2026-04-04,user048@example.com,33012
2026-04-04,user049@example.com,47075
2026-04-04,user050@example.com,21312
2026-04-04,user051@example.com,5003
2026-04-04,user052@example.com,9597
2026-04-04,user053@example.com,4626
2026-04-04,user054@example.com,20592
2026-04-04,user055@example.com,28593
2026-04-04,user056@example.com,5271
2026-04-04,user057@example.com,107750
2026-04-04,user058@example.com,25375
2026-04-04,user059@example.com,173816
2026-04-04,user060@example.com,12862
2026-04-04,user061@example.com,25149
2026-04-04,user062@example.com,39253
2026-04-04,user063@example.com,12353
2026-04-04,user064@example.com,33490
2026-04-04,user065@example.com,11425
2026-04-04,user066@example.com,22127
2026-04-04,user067@example.com,84622
2026-04-04,user068@example.com,9510
2026-04-04,user069@example.com,167347
2026-04-04,user070@example.com,3354
2026-04-04,user071@example.com,5326
2026-04-04,user072@example.com,33601
2026-04-04,user073@example.com,80929
2026-04-04,user074@example.com,13124
2026-04-04,user075@example.com,5803
2026-04-04,user076@example.com,8151
2026-04-04,user077@example.com,9552
2026-04-04,user078@example.com,100244
2026-04-04,user079@example.com,45599
2026-04-04,user080@example.com,47720
2026-04-04,user081@example.com,9262
2026-04-04,user082@example.com,41526
2026-04-04,user083@example.com,45723
2026-04-04,user084@example.com,94406
2026-04-04,user085@example.com,24159
2026-04-04,user086@example.com,23821
2026-04-04,user087@example.com,11498
2026-04-04,user088@example.com,34720
2026-04-04,user089@example.com,12223
2026-04-04,user090@example.com,13651
2026-04-04,user091@example.com,116393
2026-04-04,user092@example.com,6202
2026-04-04,user093@example.com,7278
2026-04-04,user094@example.com,33605
2026-04-04,user095@example.com,7123
2026-04-04,user096@example.com,41948
2026-04-04,user097@example.com,21275
2026-04-04,user098@example.com,26549
2026-04-04,user099@example.com,48120
2026-04-04,user100@example.com,62348
2026-04-05,user001@example.com,15425
2026-04-05,user002@example.com,12045
2026-04-05,user003@example.com,5600
2026-04-05,user004@example.com,29054
2026-04-05,user005@example.com,15054
2026-04-05,user006@example.com,12043
2026-04-05,user007@example.com,42157
2026-04-05,user008@example.com,5911
2026-04-05,user009@example.com,11959
2026-04-05,user010@example.com,5631
2026-04-05,user011@example.com,38650
2026-04-05,user012@example.com,10488
2026-04-05,user013@example.com,4538
2026-04-05,user014@example.com,22150
2026-04-05,user015@example.com,13204
2026-04-05,user016@example.com,13806
2026-04-05,user017@example.com,20342
2026-04-05,user018@example.com,21119
2026-04-05,user019@example.com,14579
2026-04-05,user020@example.com,8037
2026-04-05,user021@example.com,21669
2026-04-05,user022@example.com,89038
2026-04-05,user023@example.com,18837
2026-04-05,user024@example.com,36110
2026-04-05,user025@example.com,11174
2026-04-05,user026@example.com,6500
2026-04-05,user027@example.com,25167
2026-04-05,user028@example.com,12860
2026-04-05,user029@example.com,38497
2026-04-05,user030@example.com,50628
2026-04-05,user031@example.com,13443
2026-04-05,user032@example.com,30527
2026-04-05,user033@example.com,46615
2026-04-05,user034@example.com,7860
2026-04-05,user035@example.com,1550
2026-04-05,user036@example.com,2862
2026-04-05,user037@example.com,33343
2026-04-05,user038@example.com,49198
2026-04-05,user039@example.com,6323
2026-04-05,user040@example.com,7659
2026-04-05,user041@example.com,78105
2026-04-05,user042@example.com,35901
2026-04-05,user043@example.com,50049
2026-04-05,user044@example.com,5103
2026-04-05,user045@example.com,17596
2026-04-05,user046@example.com,8187
2026-04-05,user047@example.com,33047
2026-04-05,user048@example.com,39366
2026-04-05,user049@example.com,14598
2026-04-05,user050@example.com,9212
2026-04-05,user051@example.com,2698
2026-04-05,user052@example.com,8057
2026-04-05,user053@example.com,5709
2026-04-05,user054@example.com,5575
2026-04-05,user055@example.com,16290
2026-04-05,user056@example.com,6296
2026-04-05,user057@example.com,40470
2026-04-05,user058@example.com,14936
2026-04-05,user059@example.com,78356
2026-04-05,user060@example.com,10419
2026-04-05,user061@example.com,10606
2026-04-05,user062@example.com,33805
2026-04-05,user063@example.com,3419
2026-04-05,user064@example.com,18141
2026-04-05,user065@example.com,13768
2026-04-05,user066@example.com,11473
2026-04-05,user067@example.com,90799
2026-04-05,user068@example.com,4398
2026-04-05,user069@example.com,96277
2026-04-05,user070@example.com,3425
2026-04-05,user071@example.com,5173
2026-04-05,user072@example.com,30729
2026-04-05,user073@example.com,43103
2026-04-05,user074@example.com,2865
2026-04-05,user075@example.com,4061
2026-04-05,user076@example.com,4195
2026-04-05,user077@example.com,8385
2026-04-05,user078@example.com,49597
2026-04-05,user079@example.com,17342
2026-04-05,user080@example.com,72292
2026-04-05,user081@example.com,2443
2026-04-05,user082@example.com,30599
2026-04-05,user083@example.com,15054
2026-04-05,user084@example.com,52283
2026-04-05,user085@example.com,10982
2026-04-05,user086@example.com,10587
2026-04-05,user087@example.com,8431
2026-04-05,user088@example.com,29949
2026-04-05,user089@example.com,6932
2026-04-05,user090@example.com,12724
2026-04-05,user091@example.com,28963
2026-04-05,user092@example.com,8271
2026-04-05,user093@example.com,11419
2026-04-05,user094@example.com,17646
2026-04-05,user095@example.com,3137
2026-04-05,user096@example.com,11524
2026-04-05,user097@example.com,19940
2026-04-05,user098@example.com,7041
2026-04-05,user099@example.com,67759
2026-04-05,user100@example.com,26624
2026-04-06,user001@example.com,7203
2026-04-06,user002@example.com,8108
2026-04-06,user003@example.com,3317
2026-04-06,user004@example.com,16159
2026-04-06,user005@example.com,18501
2026-04-06,user006@example.com,7728
2026-04-06,user007@example.com,36430
2026-04-06,user008@example.com,5323
2026-04-06,user009@example.com,27203
2026-04-06,user010@example.com,1860
2026-04-06,user011@example.com,42575
2026-04-06,user012@example.com,7633
2026-04-06,user013@example.com,2356
2026-04-06,user014@example.com,24058
2026-04-06,user015@example.com,15050
2026-04-06,user016@example.com,11347
2026-04-06,user017@example.com,33105
2026-04-06,user018@example.com,24725
2026-04-06,user019@example.com,18861
2026-04-06,user020@example.com,9455
2026-04-06,user021@example.com,9003
2026-04-06,user022@example.com,61478
2026-04-06,user023@example.com,20276
2026-04-06,user024@example.com,16241
2026-04-06,user025@example.com,5131
2026-04-06,user026@example.com,5755
2026-04-06,user027@example.com,22827
2026-04-06,user028@example.com,14544
2026-04-06,user029@example.com,24557
2026-04-06,user030@example.com,55073
2026-04-06,user031@example.com,4746
2026-04-06,user032@example.com,24862
2026-04-06,user033@example.com,29405
2026-04-06,user034@example.com,6318
2026-04-06,user035@example.com,3377
2026-04-06,user036@example.com,4611
2026-04-06,user037@example.com,17932
2026-04-06,user038@example.com,25150
2026-04-06,user039@example.com,4532
2026-04-06,user040@example.com,12769
2026-04-06,user041@example.com,52666
2026-04-06,user042@example.com,14171
2026-04-06,user043@example.com,69406
2026-04-06,user044@example.com,4228
2026-04-06,user045@example.com,12571
2026-04-06,user046@example.com,3088
2026-04-06,user047@example.com,22762
2026-04-06,user048@example.com,22697
2026-04-06,user049@example.com,11840
2026-04-06,user050@example.com,8728
2026-04-06,user051@example.com,3937
2026-04-06,user052@example.com,14437
2026-04-06,user053@example.com,3582
2026-04-06,user054@example.com,10836
2026-04-06,user055@example.com,22334
2026-04-06,user056@example.com,3567
2026-04-06,user057@example.com,56118
2026-04-06,user058@example.com,13037
2026-04-06,user059@example.com,51812
2026-04-06,user060@example.com,6768
2026-04-06,user061@example.com,12322
2026-04-06,user062@example.com,36063
2026-04-06,user063@example.com,3912
2026-04-06,user064@example.com,16722
2026-04-06,user065@example.com,6106
2026-04-06,user066@example.com,14425
2026-04-06,user067@example.com,68333
2026-04-06,user068@example.com,4953
2026-04-06,user069@example.com,49184
2026-04-06,user070@example.com,2915
2026-04-06,user071@example.com,4400
2026-04-06,user072@example.com,21142
2026-04-06,user073@example.com,54095
2026-04-06,user074@example.com,5720
2026-04-06,user075@example.com,4784
2026-04-06,user076@example.com,4677
2026-04-06,user077@example.com,6663
2026-04-06,user078@example.com,82431
2026-04-06,user079@example.com,21076
2026-04-06,user080@example.com,50997
2026-04-06,user081@example.com,4564
2026-04-06,user082@example.com,11208
2026-04-06,user083@example.com,26225
2026-04-06,user084@example.com,55633
2026-04-06,user085@example.com,10874
2026-04-06,user086@example.com,13966
2026-04-06,user087@example.com,5520
2026-04-06,user088@example.com,17983
2026-04-06,user089@example.com,4313
2026-04-06,user090@example.com,17297
2026-04-06,user091@example.com,35475
2026-04-06,user092@example.com,5449
2026-04-06,user093@example.com,3505
2026-04-06,user094@example.com,19988
2026-04-06,user095@example.com,3448
2026-04-06,user096@example.com,14498
2026-04-06,user097@example.com,14906
2026-04-06,user098@example.com,9483
2026-04-06,user099@example.com,66051
2026-04-06,user100@example.com,54308
2026-04-07,user001@example.com,21543
2026-04-07,user002@example.com,26488
2026-04-07,user003@example.com,13045
2026-04-07,user004@example.com,44243
2026-04-07,user005@example.com,23490
2026-04-07,user006@example.com,19005
2026-04-07,user007@example.com,214579
2026-04-07,user008@example.com,9003
2026-04-07,user009@example.com,33758
2026-04-07,user010@example.com,11142
2026-04-07,user011@example.com,46556
2026-04-07,user012@example.com,8908
2026-04-07,user013@example.com,11737
2026-04-07,user014@example.com,49148
2026-04-07,user015@example.com,31989
2026-04-07,user016@example.com,27761
2026-04-07,user017@example.com,126237
2026-04-07,user018@example.com,37391
2026-04-07,user019@example.com,40912
2026-04-07,user020@example.com,20425
2026-04-07,user021@example.com,32221
2026-04-07,user022@example.com,188332
2026-04-07,user023@example.com,61711
2026-04-07,user024@example.com,26336
2026-04-07,user025@example.com,24770
2026-04-07,user026@example.com,10522
2026-04-07,user027@example.com,63943
2026-04-07,user028@example.com,40589
2026-04-07,user029@example.com,53626
2026-04-07,user030@example.com,59325
2026-04-07,user031@example.com,53226
2026-04-07,user032@example.com,73696
2026-04-07,user033@example.com,73768
2026-04-07,user034@example.com,8879
2026-04-07,user035@example.com,5458
2026-04-07,user036@example.com,11409
2026-04-07,user037@example.com,33210
2026-04-07,user038@example.com,105193
2026-04-07,user039@example.com,15168
2026-04-07,user040@example.com,26379
2026-04-07,user041@example.com,98528
2026-04-07,user042@example.com,35854
2026-04-07,user043@example.com,145454
2026-04-07,user044@example.com,10437
2026-04-07,user045@example.com,24098
2026-04-07,user046@example.com,9780
2026-04-07,user047@example.com,53979
2026-04-07,user048@example.com,40837
2026-04-07,user049@example.com,34105
2026-04-07,user050@example.com,24310
2026-04-07,user051@example.com,9006
2026-04-07,user052@example.com,9385
2026-04-07,user053@example.com,10046
2026-04-07,user054@example.com,14815
2026-04-07,user055@example.com,17264
2026-04-07,user056@example.com,13490
2026-04-07,user057@example.com,236829
2026-04-07,user058@example.com,26190
2026-04-07,user059@example.com,208055
2026-04-07,user060@example.com,25674
2026-04-07,user061@example.com,35721
2026-04-07,user062@example.com,43759
2026-04-07,user063@example.com,16315
2026-04-07,user064@example.com,51127
2026-04-07,user065@example.com,20302
2026-04-07,user066@example.com,20521
2026-04-07,user067@example.com,91091
2026-04-07,user068@example.com,12614
2026-04-07,user069@example.com,158064
2026-04-07,user070@example.com,9888
2026-04-07,user071@example.com,8635
2026-04-07,user072@example.com,34729
2026-04-07,user073@example.com,93030
2026-04-07,user074@example.com,19363
2026-04-07,user075@example.com,6646
2026-04-07,user076@example.com,9462
2026-04-07,user077@example.com,10421
2026-04-07,user078@example.com,132882
2026-04-07,user079@example.com,37789
2026-04-07,user080@example.com,113583
2026-04-07,user081@example.com,11797
2026-04-07,user082@example.com,43774
2026-04-07,user083@example.com,38741
2026-04-07,user084@example.com,106670
2026-04-07,user085@example.com,16427
2026-04-07,user086@example.com,22855
2026-04-07,user087@example.com,16277
2026-04-07,user088@example.com,45380
2026-04-07,user089@example.com,13626
2026-04-07,user090@example.com,24291
2026-04-07,user091@example.com,124748
2026-04-07,user092@example.com,15528
2026-04-07,user093@example.com,15107
2026-04-07,user094@example.com,23840
2026-04-07,user095@example.com,1994
2026-04-07,user096@example.com,34076
2026-04-07,user097@example.com,31622
2026-04-07,user098@example.com,37594
2026-04-07,user099@example.com,116384
2026-04-07,user100@example.com,137247
2026-04-08,user001@example.com,38434
2026-04-08,user002@example.com,17427
2026-04-08,user003@example.com,17143
2026-04-08,user004@example.com,54643
2026-04-08,user005@example.com,24909
2026-04-08,user006@example.com,48617
2026-04-08,user007@example.com,111523
2026-04-08,user008@example.com,14323
2026-04-08,user009@example.com,27943
2026-04-08,user010@example.com,9157
2026-04-08,user011@example.com,104265
2026-04-08,user012@example.com,29570
2026-04-08,user013@example.com,7395
2026-04-08,user014@example.com,38920
2026-04-08,user015@example.com,38991
2026-04-08,user016@example.com,37573
2026-04-08,user017@example.com,60058
2026-04-08,user018@example.com,31381
2026-04-08,user019@example.com,39059
2026-04-08,user020@example.com,45203
2026-04-08,user021@example.com,32816
2026-04-08,user022@example.com,187545
2026-04-08,user023@example.com,42122
2026-04-08,user024@example.com,31746
2026-04-08,user025@example.com,40538
2026-04-08,user026@example.com,11623
2026-04-08,user027@example.com,126364
2026-04-08,user028@example.com,30736
2026-04-08,user029@example.com,64055
2026-04-08,user030@example.com,53883
2026-04-08,user031@example.com,35305
2026-04-08,user032@example.com,79359
2026-04-08,user033@example.com,61934
2026-04-08,user034@example.com,13039
2026-04-08,user035@example.com,7002
2026-04-08,user036@example.com,7622
2026-04-08,user037@example.com,64522
2026-04-08,user038@example.com,189345
2026-04-08,user039@example.com,13369
2026-04-08,user040@example.com,31416
2026-04-08,user041@example.com,101433
2026-04-08,user042@example.com,56420
2026-04-08,user043@example.com,87362
2026-04-08,user044@example.com,20649
2026-04-08,user045@example.com,32419
2026-04-08,user046@example.com,11190
2026-04-08,user047@example.com,42518
2026-04-08,user048@example.com,37343
2026-04-08,user049@example.com,45160
2026-04-08,user050@example.com,17089
2026-04-08,user051@example.com,5398
2026-04-08,user052@example.com,13326
2026-04-08,user053@example.com,15358
2026-04-08,user054@example.com,11145
2026-04-08,user055@example.com,20467
2026-04-08,user056@example.com,7327
2026-04-08,user057@example.com,140228
2026-04-08,user058@example.com,38746
2026-04-08,user059@example.com,298938
2026-04-08,user060@example.com,42289
2026-04-08,user061@example.com,47829
2026-04-08,user062@example.com,84877
2026-04-08,user063@example.com,9016
2026-04-08,user064@example.com,31312
2026-04-08,user065@example.com,19846
2026-04-08,user066@example.com,53304
2026-04-08,user067@example.com,135792
2026-04-08,user068@example.com,8254
2026-04-08,user069@example.com,120476
2026-04-08,user070@example.com,7844
2026-04-08,user071@example.com,10705
2026-04-08,user072@example.com,61561
2026-04-08,user073@example.com,95723
2026-04-08,user074@example.com,17809
2026-04-08,user075@example.com,6817
2026-04-08,user076@example.com,9226
2026-04-08,user077@example.com,20913
2026-04-08,user078@example.com,102175
2026-04-08,user079@example.com,39352
2026-04-08,user080@example.com,104893
2026-04-08,user081@example.com,7218
2026-04-08,user082@example.com,49280
2026-04-08,user083@example.com,53270
2026-04-08,user084@example.com,287503
2026-04-08,user085@example.com,36136
2026-04-08,user086@example.com,39423
2026-04-08,user087@example.com,19802
2026-04-08,user088@example.com,30122
2026-04-08,user089@example.com,14587
2026-04-08,user090@example.com,28933
2026-04-08,user091@example.com,109065
2026-04-08,user092@example.com,17130
2026-04-08,user093@example.com,14609
2026-04-08,user094@example.com,43071
2026-04-08,user095@example.com,8703
2026-04-08,user096@example.com,21741
2026-04-08,user097@example.com,50412
2026-04-08,user098@example.com,71356
2026-04-08,user099@example.com,156630
2026-04-08,user100@example.com,84650
2026-04-09,user001@example.com,51542
2026-04-09,user002@example.com,8113
2026-04-09,user003@example.com,6891
2026-04-09,user004@example.com,69485
2026-04-09,user005@example.com,23601
2026-04-09,user006@example.com,24382
2026-04-09,user007@example.com,85861
2026-04-09,user008@example.com,11884
2026-04-09,user009@example.com,46165
2026-04-09,user010@example.com,4618
2026-04-09,user011@example.com,73707
2026-04-09,user012@example.com,11616
2026-04-09,user013@example.com,11114
2026-04-09,user014@example.com,25788
2026-04-09,user015@example.com,35995
2026-04-09,user016@example.com,36572
2026-04-09,user017@example.com,39444
2026-04-09,user018@example.com,32295
2026-04-09,user019@example.com,36377
2026-04-09,user020@example.com,17687
2026-04-09,user021@example.com,22726
2026-04-09,user022@example.com,118850
2026-04-09,user023@example.com,61263
2026-04-09,user024@example.com,53143
2026-04-09,user025@example.com,32213
2026-04-09,user026@example.com,8811
2026-04-09,user027@example.com,30293
2026-04-09,user028@example.com,34334
2026-04-09,user029@example.com,53588
2026-04-09,user030@example.com,43609
2026-04-09,user031@example.com,33167
2026-04-09,user032@example.com,100981
2026-04-09,user033@example.com,147344
2026-04-09,user034@example.com,18255
2026-04-09,user035@example.com,7311
2026-04-09,user036@example.com,10862
2026-04-09,user037@example.com,34840
2026-04-09,user038@example.com,134248
2026-04-09,user039@example.com,13992
2026-04-09,user040@example.com,25705
2026-04-09,user041@example.com,122707
2026-04-09,user042@example.com,37093
2026-04-09,user043@example.com,95171
2026-04-09,user044@example.com,11506
2026-04-09,user045@example.com,16198
2026-04-09,user046@example.com,8381
2026-04-09,user047@example.com,24541
2026-04-09,user048@example.com,50256
2026-04-09,user049@example.com,38782
2026-04-09,user050@example.com,19354
2026-04-09,user051@example.com,5780
2026-04-09,user052@example.com,12034
2026-04-09,user053@example.com,12928
2026-04-09,user054@example.com,13479
2026-04-09,user055@example.com,18143
2026-04-09,user056@example.com,5757
2026-04-09,user057@example.com,164411
2026-04-09,user058@example.com,27055
2026-04-09,user059@example.com,113645
2026-04-09,user060@example.com,24252
2026-04-09,user061@example.com,29606
2026-04-09,user062@example.com,60486
2026-04-09,user063@example.com,6529
2026-04-09,user064@example.com,19545
2026-04-09,user065@example.com,19041
2026-04-09,user066@example.com,49864
2026-04-09,user067@example.com,265129
2026-04-09,user068@example.com,19287
2026-04-09,user069@example.com,104019
2026-04-09,user070@example.com,3630
2026-04-09,user071@example.com,3409
2026-04-09,user072@example.com,36128
2026-04-09,user073@example.com,94804
2026-04-09,user074@example.com,17545
2026-04-09,user075@example.com,9177
2026-04-09,user076@example.com,8383
2026-04-09,user077@example.com,9567
2026-04-09,user078@example.com,72592
2026-04-09,user079@example.com,41705
2026-04-09,user080@example.com,86456
2026-04-09,user081@example.com,8879
2026-04-09,user082@example.com,31184
2026-04-09,user083@example.com,43747
2026-04-09,user084@example.com,129177
2026-04-09,user085@example.com,15965
2026-04-09,user086@example.com,20170
2026-04-09,user087@example.com,16624
2026-04-09,user088@example.com,32091
2026-04-09,user089@example.com,19408
2026-04-09,user090@example.com,27678
2026-04-09,user091@example.com,65293
2026-04-09,user092@example.com,13018
2026-04-09,user093@example.com,10389
2026-04-09,user094@example.com,29568
2026-04-09,user095@example.com,4922
2026-04-09,user096@example.com,33927
2026-04-09,user097@example.com,60212
2026-04-09,user098@example.com,43036
2026-04-09,user099@example.com,189137
2026-04-09,user100@example.com,56038
2026-04-10,user001@example.com,46888
2026-04-10,user002@example.com,9370
2026-04-10,user003@example.com,7009
2026-04-10,user004@example.com,20260
2026-04-10,user005@example.com,19535
2026-04-10,user006@example.com,21878
2026-04-10,user007@example.com,154397
2026-04-10,user008@example.com,10879
2026-04-10,user009@example.com,24707
2026-04-10,user010@example.com,5804
2026-04-10,user011@example.com,66833
2026-04-10,user012@example.com,6898
2026-04-10,user013@example.com,7086
2026-04-10,user014@example.com,28643
2026-04-10,user015@example.com,37713
2026-04-10,user016@example.com,27903
2026-04-10,user017@example.com,55522
2026-04-10,user018@example.com,20271
2026-04-10,user019@example.com,56976
2026-04-10,user020@example.com,36003
2026-04-10,user021@example.com,12966
2026-04-10,user022@example.com,100343
2026-04-10,user023@example.com,40739
2026-04-10,user024@example.com,47003
2026-04-10,user025@example.com,18006
2026-04-10,user026@example.com,6839
2026-04-10,user027@example.com,35727
2026-04-10,user028@example.com,35599
2026-04-10,user029@example.com,57036
2026-04-10,user030@example.com,50847
2026-04-10,user031@example.com,37041
2026-04-10,user032@example.com,33496
2026-04-10,user033@example.com,74252
2026-04-10,user034@example.com,14570
2026-04-10,user035@example.com,9195
2026-04-10,user036@example.com,10253
2026-04-10,user037@example.com,27785
2026-04-10,user038@example.com,84863
2026-04-10,user039@example.com,14594
2026-04-10,user040@example.com,23167
2026-04-10,user041@example.com,52268
2026-04-10,user042@example.com,51698
2026-04-10,user043@example.com,77786
2026-04-10,user044@example.com,20503
2026-04-10,user045@example.com,39210
2026-04-10,user046@example.com,9402
2026-04-10,user047@example.com,70905
2026-04-10,user048@example.com,35035
2026-04-10,user049@example.com,49037
2026-04-10,user050@example.com,38298
2026-04-10,user051@example.com,8294
2026-04-10,user052@example.com,11746
2026-04-10,user053@example.com,5500
2026-04-10,user054@example.com,10627
2026-04-10,user055@example.com,30461
2026-04-10,user056@example.com,10596
2026-04-10,user057@example.com,153236
2026-04-10,user058@example.com,28338
2026-04-10,user059@example.com,54773
2026-04-10,user060@example.com,19200
2026-04-10,user061@example.com,23458
2026-04-10,user062@example.com,39467
2026-04-10,user063@example.com,12403
2026-04-10,user064@example.com,75163
2026-04-10,user065@example.com,23841
2026-04-10,user066@example.com,24189
2026-04-10,user067@example.com,117299
2026-04-10,user068@example.com,10434
2026-04-10,user069@example.com,81876
2026-04-10,user070@example.com,6946
2026-04-10,user071@example.com,8912
2026-04-10,user072@example.com,47389
2026-04-10,user073@example.com,117246
2026-04-10,user074@example.com,12734
2026-04-10,user075@example.com,3582
2026-04-10,user076@example.com,9511
2026-04-10,user077@example.com,10155
2026-04-10,user078@example.com,68074
2026-04-10,user079@example.com,25485
2026-04-10,user080@example.com,77511
2026-04-10,user081@example.com,7040
2026-04-10,user082@example.com,24442
2026-04-10,user083@example.com,40488
2026-04-10,user084@example.com,66105
2026-04-10,user085@example.com,23979
2026-04-10,user086@example.com,28368
2026-04-10,user087@example.com,17510
2026-04-10,user088@example.com,63898
2026-04-10,user089@example.com,6785
2026-04-10,user090@example.com,22418
2026-04-10,user091@example.com,69095
2026-04-10,user092@example.com,14949
2026-04-10,user093@example.com,10773
2026-04-10,user094@example.com,33158
2026-04-10,user095@example.com,5706
2026-04-10,user096@example.com,17654
2026-04-10,user097@example.com,62225
2026-04-10,user098@example.com,40221
2026-04-10,user099@example.com,150856
2026-04-10,user100@example.com,59742
2026-04-11,user001@example.com,19555
2026-04-11,user002@example.com,8304
2026-04-11,user003@example.com,10682
2026-04-11,user004@example.com,24584
2026-04-11,user005@example.com,41125
2026-04-11,user006@example.com,15571
2026-04-11,user007@example.com,133299
2026-04-11,user008@example.com,16302
2026-04-11,user009@example.com,43628
2026-04-11,user010@example.com,6678
2026-04-11,user011@example.com,51141
2026-04-11,user012@example.com,7467
2026-04-11,user013@example.com,12335
2026-04-11,user014@example.com,59931
2026-04-11,user015@example.com,18466
2026-04-11,user016@example.com,16517
2026-04-11,user017@example.com,17567
2026-04-11,user018@example.com,22915
2026-04-11,user019@example.com,33997
2026-04-11,user020@example.com,37685
2026-04-11,user021@example.com,31146
2026-04-11,user022@example.com,134773
2026-04-11,user023@example.com,28079
2026-04-11,user024@example.com,28844
2026-04-11,user025@example.com,35219
2026-04-11,user026@example.com,7700
2026-04-11,user027@example.com,19894
2026-04-11,user028@example.com,25516
2026-04-11,user029@example.com,26197
2026-04-11,user030@example.com,51875
2026-04-11,user031@example.com,29968
2026-04-11,user032@example.com,39995
2026-04-11,user033@example.com,91707
2026-04-11,user034@example.com,16340
2026-04-11,user035@example.com,4922
2026-04-11,user036@example.com,13783
2026-04-11,user037@example.com,32832
2026-04-11,user038@example.com,97195
2026-04-11,user039@example.com,9350
2026-04-11,user040@example.com,22482
2026-04-11,user041@example.com,83862
2026-04-11,user042@example.com,48339
2026-04-11,user043@example.com,72378
2026-04-11,user044@example.com,6963
2026-04-11,user045@example.com,51712
2026-04-11,user046@example.com,6059
2026-04-11,user047@example.com,53041
2026-04-11,user048@example.com,18400
2026-04-11,user049@example.com,32077
2026-04-11,user050@example.com,20595
2026-04-11,user051@example.com,8470
2026-04-11,user052@example.com,4670
2026-04-11,user053@example.com,9984
2026-04-11,user054@example.com,6899
2026-04-11,user055@example.com,24121
2026-04-11,user056@example.com,4993
2026-04-11,user057@example.com,89783
2026-04-11,user058@example.com,29349
2026-04-11,user059@example.com,71389
2026-04-11,user060@example.com,18231
2026-04-11,user061@example.com,16206
2026-04-11,user062@example.com,21862
2026-04-11,user063@example.com,13452
2026-04-11,user064@example.com,22475
2026-04-11,user065@example.com,20227
2026-04-11,user066@example.com,32028
2026-04-11,user067@example.com,97669
2026-04-11,user068@example.com,7057
2026-04-11,user069@example.com,111682
2026-04-11,user070@example.com,9287
2026-04-11,user071@example.com,4767
2026-04-11,user072@example.com,39401
2026-04-11,user073@example.com,51373
2026-04-11,user074@example.com,8991
2026-04-11,user075@example.com,6356
2026-04-11,user076@example.com,5322
2026-04-11,user077@example.com,10321
2026-04-11,user078@example.com,57548
2026-04-11,user079@example.com,36342
2026-04-11,user080@example.com,90878
2026-04-11,user081@example.com,4888
2026-04-11,user082@example.com,33396
2026-04-11,user083@example.com,38510
2026-04-11,user084@example.com,157702
2026-04-11,user085@example.com,12769
2026-04-11,user086@example.com,23198
2026-04-11,user087@example.com,13373
2026-04-11,user088@example.com,31166
2026-04-11,user089@example.com,4335
2026-04-11,user090@example.com,25660
2026-04-11,user091@example.com,122159
2026-04-11,user092@example.com,12616
2026-04-11,user093@example.com,6567
2026-04-11,user094@example.com,29560
2026-04-11,user095@example.com,11668
2026-04-11,user096@example.com,33839
2026-04-11,user097@example.com,51954
2026-04-11,user098@example.com,36590
2026-04-11,user099@example.com,81865
2026-04-11,user100@example.com,58547
2026-04-12,user001@example.com,13900
2026-04-12,user002@example.com,8522
2026-04-12,user003@example.com,9272
2026-04-12,user004@example.com,30370
2026-04-12,user005@example.com,7605
2026-04-12,user006@example.com,15449
2026-04-12,user007@example.com,90988
2026-04-12,user008@example.com,6790
2026-04-12,user009@example.com,16475
2026-04-12,user010@example.com,10109
2026-04-12,user011@example.com,26645
2026-04-12,user012@example.com,4811
2026-04-12,user013@example.com,5933
2026-04-12,user014@example.com,43076
2026-04-12,user015@example.com,9326
2026-04-12,user016@example.com,13015
2026-04-12,user017@example.com,35145
2026-04-12,user018@example.com,18631
2026-04-12,user019@example.com,18265
2026-04-12,user020@example.com,15235
2026-04-12,user021@example.com,15714
2026-04-12,user022@example.com,100839
2026-04-12,user023@example.com,29462
2026-04-12,user024@example.com,22864
2026-04-12,user025@example.com,13842
2026-04-12,user026@example.com,4491
2026-04-12,user027@example.com,28605
2026-04-12,user028@example.com,19113
2026-04-12,user029@example.com,20529
2026-04-12,user030@example.com,55417
2026-04-12,user031@example.com,24283
2026-04-12,user032@example.com,14222
2026-04-12,user033@example.com,54875
2026-04-12,user034@example.com,4706
2026-04-12,user035@example.com,3270
2026-04-12,user036@example.com,4796
2026-04-12,user037@example.com,30470
2026-04-12,user038@example.com,52579
2026-04-12,user039@example.com,3065
2026-04-12,user040@example.com,8915
2026-04-12,user041@example.com,57019
2026-04-12,user042@example.com,9237
2026-04-12,user043@example.com,82859
2026-04-12,user044@example.com,7187
2026-04-12,user045@example.com,19812
2026-04-12,user046@example.com,3886
2026-04-12,user047@example.com,11716
2026-04-12,user048@example.com,21796
2026-04-12,user049@example.com,32079
2026-04-12,user050@example.com,17276
2026-04-12,user051@example.com,3303
2026-04-12,user052@example.com,7246
2026-04-12,user053@example.com,4538
2026-04-12,user054@example.com,4496
2026-04-12,user055@example.com,17462
2026-04-12,user056@example.com,2739
2026-04-12,user057@example.com,51420
2026-04-12,user058@example.com,12739
2026-04-12,user059@example.com,35550
2026-04-12,user060@example.com,13156
2026-04-12,user061@example.com,21449
2026-04-12,user062@example.com,22595
2026-04-12,user063@example.com,3227
2026-04-12,user064@example.com,27552
2026-04-12,user065@example.com,22547
2026-04-12,user066@example.com,11393
2026-04-12,user067@example.com,59463
2026-04-12,user068@example.com,6549
2026-04-12,user069@example.com,105655
2026-04-12,user070@example.com,3038
2026-04-12,user071@example.com,2613
2026-04-12,user072@example.com,30066
2026-04-12,user073@example.com,72328
2026-04-12,user074@example.com,6001
2026-04-12,user075@example.com,2998
2026-04-12,user076@example.com,5899
2026-04-12,user077@example.com,8457
2026-04-12,user078@example.com,41787
2026-04-12,user079@example.com,20890
2026-04-12,user080@example.com,22714
2026-04-12,user081@example.com,5296
2026-04-12,user082@example.com,21992
2026-04-12,user083@example.com,16095
2026-04-12,user084@example.com,59205
2026-04-12,user085@example.com,12676
2026-04-12,user086@example.com,19538
2026-04-12,user087@example.com,8645
2026-04-12,user088@example.com,17749
2026-04-12,user089@example.com,7824
2026-04-12,user090@example.com,14381
2026-04-12,user091@example.com,35885
2026-04-12,user092@example.com,6730
2026-04-12,user093@example.com,5192
2026-04-12,user094@example.com,24506
2026-04-12,user095@example.com,3205
2026-04-12,user096@example.com,12460
2026-04-12,user097@example.com,48014
2026-04-12,user098@example.com,26050
2026-04-12,user099@example.com,45893
2026-04-12,user100@example.com,44518
2026-04-13,user001@example.com,12213
2026-04-13,user002@example.com,6614
2026-04-13,user003@example.com,4706
2026-04-13,user004@example.com,25542
2026-04-13,user005@example.com,11570
2026-04-13,user006@example.com,11465
2026-04-13,user007@example.com,83059
2026-04-13,user008@example.com,4867
2026-04-13,user009@example.com,17576
2026-04-13,user010@example.com,3337
2026-04-13,user011@example.com,33075
2026-04-13,user012@example.com,5785
2026-04-13,user013@example.com,3653
2026-04-13,user014@example.com,12950
2026-04-13,user015@example.com,7228
2026-04-13,user016@example.com,7198
2026-04-13,user017@example.com,14532
2026-04-13,user018@example.com,14469
2026-04-13,user019@example.com,17462
2026-04-13,user020@example.com,9323
2026-04-13,user021@example.com,5137
2026-04-13,user022@example.com,100072
2026-04-13,user023@example.com,22495
2026-04-13,user024@example.com,19688
2026-04-13,user025@example.com,19989
2026-04-13,user026@example.com,2427
2026-04-13,user027@example.com,38284
2026-04-13,user028@example.com,10970
2026-04-13,user029@example.com,18312
2026-04-13,user030@example.com,19147
2026-04-13,user031@example.com,11777
2026-04-13,user032@example.com,22635
2026-04-13,user033@example.com,42492
2026-04-13,user034@example.com,6308
2026-04-13,user035@example.com,3096
2026-04-13,user036@example.com,2845
2026-04-13,user037@example.com,16214
2026-04-13,user038@example.com,59578
2026-04-13,user039@example.com,3908
2026-04-13,user040@example.com,14125
2026-04-13,user041@example.com,52430
2026-04-13,user042@example.com,11025
2026-04-13,user043@example.com,66686
2026-04-13,user044@example.com,10105
2026-04-13,user045@example.com,11198
2026-04-13,user046@example.com,4215
2026-04-13,user047@example.com,28425
2026-04-13,user048@example.com,13966
2026-04-13,user049@example.com,17953
2026-04-13,user050@example.com,6472
2026-04-13,user051@example.com,3587
2026-04-13,user052@example.com,6865
2026-04-13,user053@example.com,5373
2026-04-13,user054@example.com,7132
2026-04-13,user055@example.com,7817
2026-04-13,user056@example.com,2836
2026-04-13,user057@example.com,111967
2026-04-13,user058@example.com,14590
2026-04-13,user059@example.com,52691
2026-04-13,user060@example.com,10015
2026-04-13,user061@example.com,8789
2026-04-13,user062@example.com,34903
2026-04-13,user063@example.com,3729
2026-04-13,user064@example.com,11351
2026-04-13,user065@example.com,8756
2026-04-13,user066@example.com,5815
2026-04-13,user067@example.com,45916
2026-04-13,user068@example.com,3196
2026-04-13,user069@example.com,60980
2026-04-13,user070@example.com,2361
2026-04-13,user071@example.com,4662
2026-04-13,user072@example.com,32259
2026-04-13,user073@example.com,58961
2026-04-13,user074@example.com,4555
2026-04-13,user075@example.com,3141
2026-04-13,user076@example.com,2004
2026-04-13,user077@example.com,5503
2026-04-13,user078@example.com,33192
2026-04-13,user079@example.com,21477
2026-04-13,user080@example.com,73587
2026-04-13,user081@example.com,4071
2026-04-13,user082@example.com,9850
2026-04-13,user083@example.com,13553
2026-04-13,user084@example.com,51280
2026-04-13,user085@example.com,10571
2026-04-13,user086@example.com,9073
2026-04-13,user087@example.com,6284
2026-04-13,user088@example.com,9955
2026-04-13,user089@example.com,3529
2026-04-13,user090@example.com,12853
2026-04-13,user091@example.com,23952
2026-04-13,user092@example.com,6962
2026-04-13,user093@example.com,2777
2026-04-13,user094@example.com,31240
2026-04-13,user095@example.com,2280
2026-04-13,user096@example.com,10835
2026-04-13,user097@example.com,22198
2026-04-13,user098@example.com,12617
2026-04-13,user099@example.com,51657
2026-04-13,user100@example.com,36575
2026-04-14,user001@example.com,37270
2026-04-14,user002@example.com,17289
2026-04-14,user003@example.com,9599
2026-04-14,user004@example.com,36363
2026-04-14,user005@example.com,53019
2026-04-14,user006@example.com,37130
2026-04-14,user007@example.com,94919
2026-04-14,user008@example.com,10556
2026-04-14,user009@example.com,34041
2026-04-14,user010@example.com,6481
2026-04-14,user011@example.com,50506
2026-04-14,user012@example.com,11346
2026-04-14,user013@example.com,19216
2026-04-14,user014@example.com,46879
2026-04-14,user015@example.com,9743
2026-04-14,user016@example.com,40765
2026-04-14,user017@example.com,65799
2026-04-14,user018@example.com,30820
2026-04-14,user019@example.com,49202
2026-04-14,user020@example.com,17247
2026-04-14,user021@example.com,22587
2026-04-14,user022@example.com,221444
2026-04-14,user023@example.com,31779
2026-04-14,user024@example.com,19894
2026-04-14,user025@example.com,22789
2026-04-14,user026@example.com,7556
2026-04-14,user027@example.com,68351
2026-04-14,user028@example.com,35126
2026-04-14,user029@example.com,33026
2026-04-14,user030@example.com,97971
2026-04-14,user031@example.com,27778
2026-04-14,user032@example.com,34561
2026-04-14,user033@example.com,152721
2026-04-14,user034@example.com,11947
2026-04-14,user035@example.com,6802
2026-04-14,user036@example.com,8266
2026-04-14,user037@example.com,30892
2026-04-14,user038@example.com,84749
2026-04-14,user039@example.com,11179
2026-04-14,user040@example.com,21765
2026-04-14,user041@example.com,121241
2026-04-14,user042@example.com,48488
2026-04-14,user043@example.com,137495
2026-04-14,user044@example.com,11201
2026-04-14,user045@example.com,33722
2026-04-14,user046@example.com,8925
2026-04-14,user047@example.com,45147
2026-04-14,user048@example.com,34787
2026-04-14,user049@example.com,27407
2026-04-14,user050@example.com,27823
2026-04-14,user051@example.com,7657
2026-04-14,user052@example.com,10994
2026-04-14,user053@example.com,15014
2026-04-14,user054@example.com,7207
2026-04-14,user055@example.com,20097
2026-04-14,user056@example.com,11129
2026-04-14,user057@example.com,146366
2026-04-14,user058@example.com,34369
2026-04-14,user059@example.com,121898
2026-04-14,user060@example.com,24810
2026-04-14,user061@example.com,15661
2026-04-14,user062@example.com,39765
2026-04-14,user063@example.com,17950
2026-04-14,user064@example.com,30390
2026-04-14,user065@example.com,20842
2026-04-14,user066@example.com,22029
2026-04-14,user067@example.com,127131
2026-04-14,user068@example.com,8312
2026-04-14,user069@example.com,132382
2026-04-14,user070@example.com,7281
2026-04-14,user071@example.com,10181
2026-04-14,user072@example.com,31106
2026-04-14,user073@example.com,90490
2026-04-14,user074@example.com,10315
2026-04-14,user075@example.com,7970
2026-04-14,user076@example.com,5883
2026-04-14,user077@example.com,18057
2026-04-14,user078@example.com,154409
2026-04-14,user079@example.com,27079
2026-04-14,user080@example.com,57230
2026-04-14,user081@example.com,6447
2026-04-14,user082@example.com,112908
2026-04-14,user083@example.com,30067
2026-04-14,user084@example.com,200840
2026-04-14,user085@example.com,14956
2026-04-14,user086@example.com,18833
2026-04-14,user087@example.com,10306
2026-04-14,user088@example.com,25996
2026-04-14,user089@example.com,10164
2026-04-14,user090@example.com,18180
2026-04-14,user091@example.com,58303
2026-04-14,user092@example.com,19659
2026-04-14,user093@example.com,15645
2026-04-14,user094@example.com,53364
2026-04-14,user095@example.com,8163
2026-04-14,user096@example.com,27508
2026-04-14,user097@example.com,37761
2026-04-14,user098@example.com,25035
2026-04-14,user099@example.com,126772
2026-04-14,user100@example.com,45065
2026-04-15,user001@example.com,19223
2026-04-15,user002@example.com,20058
2026-04-15,user003@example.com,20267
2026-04-15,user004@example.com,44904
2026-04-15,user005@example.com,35082
2026-04-15,user006@example.com,24975
2026-04-15,user007@example.com,83887
2026-04-15,user008@example.com,12909
2026-04-15,user009@example.com,47758
2026-04-15,user010@example.com,7123
2026-04-15,user011@example.com,72936
2026-04-15,user012@example.com,18762
2026-04-15,user013@example.com,7380
2026-04-15,user014@example.com,29845
2026-04-15,user015@example.com,16737
2026-04-15,user016@example.com,28041
2026-04-15,user017@example.com,31389
2026-04-15,user018@example.com,28119
2026-04-15,user019@example.com,30565
2026-04-15,user020@example.com,21742
2026-04-15,user021@example.com,16173
2026-04-15,user022@example.com,138129
2026-04-15,user023@example.com,55283
2026-04-15,user024@example.com,41030
2026-04-15,user025@example.com,40850
2026-04-15,user026@example.com,12663
2026-04-15,user027@example.com,60306
2026-04-15,user028@example.com,36674
2026-04-15,user029@example.com,39439
2026-04-15,user030@example.com,90761
2026-04-15,user031@example.com,23733
2026-04-15,user032@example.com,23767
2026-04-15,user033@example.com,123786
2026-04-15,user034@example.com,7682
2026-04-15,user035@example.com,4960
2026-04-15,user036@example.com,7939
2026-04-15,user037@example.com,44431
2026-04-15,user038@example.com,63569
2026-04-15,user039@example.com,12093
2026-04-15,user040@example.com,33401
2026-04-15,user041@example.com,53490
2026-04-15,user042@example.com,71707
2026-04-15,user043@example.com,60357
2026-04-15,user044@example.com,23946
2026-04-15,user045@example.com,20625
2026-04-15,user046@example.com,8353
2026-04-15,user047@example.com,23689
2026-04-15,user048@example.com,34958
2026-04-15,user049@example.com,42387
2026-04-15,user050@example.com,23111
2026-04-15,user051@example.com,6520
2026-04-15,user052@example.com,9618
2026-04-15,user053@example.com,15477
2026-04-15,user054@example.com,11536
2026-04-15,user055@example.com,40842
2026-04-15,user056@example.com,6602
2026-04-15,user057@example.com,115065
2026-04-15,user058@example.com,47531
2026-04-15,user059@example.com,64669
2026-04-15,user060@example.com,15575
2026-04-15,user061@example.com,39968
2026-04-15,user062@example.com,30479
2026-04-15,user063@example.com,5513
2026-04-15,user064@example.com,75254
2026-04-15,user065@example.com,14622
2026-04-15,user066@example.com,29033
2026-04-15,user067@example.com,137257
2026-04-15,user068@example.com,3896
2026-04-15,user069@example.com,103934
2026-04-15,user070@example.com,8127
2026-04-15,user071@example.com,8987
2026-04-15,user072@example.com,63020
2026-04-15,user073@example.com,90988
2026-04-15,user074@example.com,14644
2026-04-15,user075@example.com,5457
2026-04-15,user076@example.com,4846
2026-04-15,user077@example.com,8506
2026-04-15,user078@example.com,62465
2026-04-15,user079@example.com,55715
2026-04-15,user080@example.com,40885
2026-04-15,user081@example.com,8738
2026-04-15,user082@example.com,41852
2026-04-15,user083@example.com,34466
2026-04-15,user084@example.com,183937
2026-04-15,user085@example.com,20429
2026-04-15,user086@example.com,33718
2026-04-15,user087@example.com,13575
2026-04-15,user088@example.com,33876
2026-04-15,user089@example.com,25527
2026-04-15,user090@example.com,14381
2026-04-15,user091@example.com,124664
2026-04-15,user092@example.com,16859
2026-04-15,user093@example.com,8810
2026-04-15,user094@example.com,69210
2026-04-15,user095@example.com,3638
2026-04-15,user096@example.com,22677
2026-04-15,user097@example.com,30091
2026-04-15,user098@example.com,41270
2026-04-15,user099@example.com,77304
2026-04-15,user100@example.com,80838
2026-04-16,user001@example.com,25321
2026-04-16,user002@example.com,11248
2026-04-16,user003@example.com,11854
2026-04-16,user004@example.com,35366
2026-04-16,user005@example.com,16157
2026-04-16,user006@example.com,72050
2026-04-16,user007@example.com,112176
2026-04-16,user008@example.com,4761
2026-04-16,user009@example.com,28936
2026-04-16,user010@example.com,4427
2026-04-16,user011@example.com,105265
2026-04-16,user012@example.com,14888
2026-04-16,user013@example.com,11896
2026-04-16,user014@example.com,34133
2026-04-16,user015@example.com,21446
2026-04-16,user016@example.com,23738
2026-04-16,user017@example.com,44332
2026-04-16,user018@example.com,47521
2026-04-16,user019@example.com,43703
2026-04-16,user020@example.com,28174
2026-04-16,user021@example.com,32193
2026-04-16,user022@example.com,181296
2026-04-16,user023@example.com,39238
2026-04-16,user024@example.com,44052
2026-04-16,user025@example.com,35853
2026-04-16,user026@example.com,6246
2026-04-16,user027@example.com,33806
2026-04-16,user028@example.com,23423
2026-04-16,user029@example.com,41422
2026-04-16,user030@example.com,36054
2026-04-16,user031@example.com,31773
2026-04-16,user032@example.com,43900
2026-04-16,user033@example.com,153912
2026-04-16,user034@example.com,8957
2026-04-16,user035@example.com,6423
2026-04-16,user036@example.com,11676
2026-04-16,user037@example.com,74013
2026-04-16,user038@example.com,81549
2026-04-16,user039@example.com,12076
2026-04-16,user040@example.com,26217
2026-04-16,user041@example.com,89847
2026-04-16,user042@example.com,41605
2026-04-16,user043@example.com,162025
2026-04-16,user044@example.com,5849
2026-04-16,user045@example.com,20409
2026-04-16,user046@example.com,9220
2026-04-16,user047@example.com,53525
2026-04-16,user048@example.com,56956
2026-04-16,user049@example.com,59097
2026-04-16,user050@example.com,21399
2026-04-16,user051@example.com,12424
2026-04-16,user052@example.com,10362
2026-04-16,user053@example.com,14331
2026-04-16,user054@example.com,21355
2026-04-16,user055@example.com,36184
2026-04-16,user056@example.com,8180
2026-04-16,user057@example.com,118445
2026-04-16,user058@example.com,20776
2026-04-16,user059@example.com,126333
2026-04-16,user060@example.com,16007
2026-04-16,user061@example.com,20477
2026-04-16,user062@example.com,30065
2026-04-16,user063@example.com,8807
2026-04-16,user064@example.com,38474
2026-04-16,user065@example.com,26026
2026-04-16,user066@example.com,21905
2026-04-16,user067@example.com,193414
2026-04-16,user068@example.com,9618
2026-04-16,user069@example.com,86015
2026-04-16,user070@example.com,7466
2026-04-16,user071@example.com,15673
2026-04-16,user072@example.com,51287
2026-04-16,user073@example.com,91128
2026-04-16,user074@example.com,6639
2026-04-16,user075@example.com,6387
2026-04-16,user076@example.com,8558
2026-04-16,user077@example.com,11615
2026-04-16,user078@example.com,57765
2026-04-16,user079@example.com,28850
2026-04-16,user080@example.com,114765
2026-04-16,user081@example.com,13021
2026-04-16,user082@example.com,33442
2026-04-16,user083@example.com,44893
2026-04-16,user084@example.com,75018
2026-04-16,user085@example.com,38662
2026-04-16,user086@example.com,29450
2026-04-16,user087@example.com,18547
2026-04-16,user088@example.com,19463
2026-04-16,user089@example.com,14365
2026-04-16,user090@example.com,23585
2026-04-16,user091@example.com,106220
2026-04-16,user092@example.com,18324
2026-04-16,user093@example.com,10587
2026-04-16,user094@example.com,31485
2026-04-16,user095@example.com,9062
2026-04-16,user096@example.com,26465
2026-04-16,user097@example.com,33605
2026-04-16,user098@example.com,25707
2026-04-16,user099@example.com,67574
2026-04-16,user100@example.com,57697
2026-04-17,user001@example.com,39086
2026-04-17,user002@example.com,13918
2026-04-17,user003@example.com,8450
2026-04-17,user004@example.com,50625
2026-04-17,user005@example.com,17372
2026-04-17,user006@example.com,27473
2026-04-17,user007@example.com,122813
2026-04-17,user008@example.com,13361
2026-04-17,user009@example.com,21992
2026-04-17,user010@example.com,5036
2026-04-17,user011@example.com,43679
2026-04-17,user012@example.com,11942
2026-04-17,user013@example.com,15543
2026-04-17,user014@example.com,32003
2026-04-17,user015@example.com,19443
2026-04-17,user016@example.com,36051
2026-04-17,user017@example.com,65174
2026-04-17,user018@example.com,33810
2026-04-17,user019@example.com,48540
2026-04-17,user020@example.com,15949
2026-04-17,user021@example.com,43039
2026-04-17,user022@example.com,277434
2026-04-17,user023@example.com,41854
2026-04-17,user024@example.com,18415
2026-04-17,user025@example.com,19124
2026-04-17,user026@example.com,9603
2026-04-17,user027@example.com,38690
2026-04-17,user028@example.com,54436
2026-04-17,user029@example.com,46927
2026-04-17,user030@example.com,52956
2026-04-17,user031@example.com,26872
2026-04-17,user032@example.com,32793
2026-04-17,user033@example.com,95422
2026-04-17,user034@example.com,9176
2026-04-17,user035@example.com,10229
2026-04-17,user036@example.com,16253
2026-04-17,user037@example.com,27171
2026-04-17,user038@example.com,51889
2026-04-17,user039@example.com,10225
2026-04-17,user040@example.com,13664
2026-04-17,user041@example.com,78764
2026-04-17,user042@example.com,58277
2026-04-17,user043@example.com,171600
2026-04-17,user044@example.com,11954
2026-04-17,user045@example.com,21730
2026-04-17,user046@example.com,3877
2026-04-17,user047@example.com,45252
2026-04-17,user048@example.com,35756
2026-04-17,user049@example.com,47769
2026-04-17,user050@example.com,18144
2026-04-17,user051@example.com,6655
2026-04-17,user052@example.com,7796
2026-04-17,user053@example.com,4562
2026-04-17,user054@example.com,7558
2026-04-17,user055@example.com,13419
2026-04-17,user056@example.com,8719
2026-04-17,user057@example.com,109091
2026-04-17,user058@example.com,28886
2026-04-17,user059@example.com,78936
2026-04-17,user060@example.com,7500
2026-04-17,user061@example.com,45049
2026-04-17,user062@example.com,31594
2026-04-17,user063@example.com,8805
2026-04-17,user064@example.com,22954
2026-04-17,user065@example.com,32671
2026-04-17,user066@example.com,27939
2026-04-17,user067@example.com,97935
2026-04-17,user068@example.com,8866
2026-04-17,user069@example.com,200448
2026-04-17,user070@example.com,6610
2026-04-17,user071@example.com,7273
2026-04-17,user072@example.com,32252
2026-04-17,user073@example.com,52410
2026-04-17,user074@example.com,10533
2026-04-17,user075@example.com,7599
2026-04-17,user076@example.com,11387
2026-04-17,user077@example.com,5953
2026-04-17,user078@example.com,68610
2026-04-17,user079@example.com,31171
2026-04-17,user080@example.com,67730
2026-04-17,user081@example.com,7366
2026-04-17,user082@example.com,42970
2026-04-17,user083@example.com,40229
2026-04-17,user084@example.com,81210
2026-04-17,user085@example.com,32241
2026-04-17,user086@example.com,30924
2026-04-17,user087@example.com,11693
2026-04-17,user088@example.com,61074
2026-04-17,user089@example.com,19208
2026-04-17,user090@example.com,32226
2026-04-17,user091@example.com,26945
2026-04-17,user092@example.com,22726
2026-04-17,user093@example.com,13435
2026-04-17,user094@example.com,77091
2026-04-17,user095@example.com,10456
2026-04-17,user096@example.com,46167
2026-04-17,user097@example.com,60984
2026-04-17,user098@example.com,55914
2026-04-17,user099@example.com,223886
2026-04-17,user100@example.com,73153
2026-04-18,user001@example.com,14452
2026-04-18,user002@example.com,11074
2026-04-18,user003@example.com,10994
2026-04-18,user004@example.com,36975
2026-04-18,user005@example.com,14172
2026-04-18,user006@example.com,14157
2026-04-18,user007@example.com,95148
2026-04-18,user008@example.com,12726
2026-04-18,user009@example.com,62626
2026-04-18,user010@example.com,8814
2026-04-18,user011@example.com,105815
2026-04-18,user012@example.com,11988
2026-04-18,user013@example.com,5213
2026-04-18,user014@example.com,30713
2026-04-18,user015@example.com,20026
2026-04-18,user016@example.com,21055
2026-04-18,user017@example.com,43101
2026-04-18,user018@example.com,38382
2026-04-18,user019@example.com,48552
2026-04-18,user020@example.com,19891
2026-04-18,user021@example.com,12869
2026-04-18,user022@example.com,104150
2026-04-18,user023@example.com,33395
2026-04-18,user024@example.com,55259
2026-04-18,user025@example.com,17974
2026-04-18,user026@example.com,8744
2026-04-18,user027@example.com,46803
2026-04-18,user028@example.com,33396
2026-04-18,user029@example.com,49885
2026-04-18,user030@example.com,50742
2026-04-18,user031@example.com,20488
2026-04-18,user032@example.com,42107
2026-04-18,user033@example.com,76668
2026-04-18,user034@example.com,12549
2026-04-18,user035@example.com,4981
2026-04-18,user036@example.com,7911
2026-04-18,user037@example.com,40827
2026-04-18,user038@example.com,103416
2026-04-18,user039@example.com,8944
2026-04-18,user040@example.com,19471
2026-04-18,user041@example.com,75580
2026-04-18,user042@example.com,45382
2026-04-18,user043@example.com,95781
2026-04-18,user044@example.com,19082
2026-04-18,user045@example.com,15500
2026-04-18,user046@example.com,7146
2026-04-18,user047@example.com,24377
2026-04-18,user048@example.com,37461
2026-04-18,user049@example.com,24378
2026-04-18,user050@example.com,19890
2026-04-18,user051@example.com,6415
2026-04-18,user052@example.com,13606
2026-04-18,user053@example.com,7905
2026-04-18,user054@example.com,8530
2026-04-18,user055@example.com,36240
2026-04-18,user056@example.com,8073
2026-04-18,user057@example.com,101340
2026-04-18,user058@example.com,30124
2026-04-18,user059@example.com,186863
2026-04-18,user060@example.com,20192
2026-04-18,user061@example.com,19685
2026-04-18,user062@example.com,33269
2026-04-18,user063@example.com,7915
2026-04-18,user064@example.com,29252
2026-04-18,user065@example.com,14009
2026-04-18,user066@example.com,16906
2026-04-18,user067@example.com,92257
2026-04-18,user068@example.com,11799
2026-04-18,user069@example.com,91934
2026-04-18,user070@example.com,5946
2026-04-18,user071@example.com,11399
2026-04-18,user072@example.com,66531
2026-04-18,user073@example.com,86901
2026-04-18,user074@example.com,8424
2026-04-18,user075@example.com,4725
2026-04-18,user076@example.com,9314
2026-04-18,user077@example.com,11480
2026-04-18,user078@example.com,83785
2026-04-18,user079@example.com,27092
2026-04-18,user080@example.com,48845
2026-04-18,user081@example.com,8175
2026-04-18,user082@example.com,26682
2026-04-18,user083@example.com,46586
2026-04-18,user084@example.com,87153
2026-04-18,user085@example.com,20807
2026-04-18,user086@example.com,15693
2026-04-18,user087@example.com,12279
2026-04-18,user088@example.com,29317
2026-04-18,user089@example.com,10322
2026-04-18,user090@example.com,36697
2026-04-18,user091@example.com,77772
2026-04-18,user092@example.com,9338
2026-04-18,user093@example.com,7478
2026-04-18,user094@example.com,44361
2026-04-18,user095@example.com,10074
2026-04-18,user096@example.com,27655
2026-04-18,user097@example.com,53809
2026-04-18,user098@example.com,40711
2026-04-18,user099@example.com,172634
2026-04-18,user100@example.com,32320
2026-04-19,user001@example.com,18369
2026-04-19,user002@example.com,10100
2026-04-19,user003@example.com,3484
2026-04-19,user004@example.com,15333
2026-04-19,user005@example.com,9448
2026-04-19,user006@example.com,11269
2026-04-19,user007@example.com,60476
2026-04-19,user008@example.com,6060
2026-04-19,user009@example.com,28305
2026-04-19,user010@example.com,5418
2026-04-19,user011@example.com,31638
2026-04-19,user012@example.com,5326
2026-04-19,user013@example.com,8823
2026-04-19,user014@example.com,26217
2026-04-19,user015@example.com,13100
2026-04-19,user016@example.com,17164
2026-04-19,user017@example.com,24287
2026-04-19,user018@example.com,22935
2026-04-19,user019@example.com,18586
2026-04-19,user020@example.com,13981
2026-04-19,user021@example.com,8572
2026-04-19,user022@example.com,56268
2026-04-19,user023@example.com,15060
2026-04-19,user024@example.com,18339
2026-04-19,user025@example.com,9200
2026-04-19,user026@example.com,3519
2026-04-19,user027@example.com,14445
2026-04-19,user028@example.com,23129
2026-04-19,user029@example.com,20311
2026-04-19,user030@example.com,20434
2026-04-19,user031@example.com,10858
2026-04-19,user032@example.com,27611
2026-04-19,user033@example.com,46039
2026-04-19,user034@example.com,4777
2026-04-19,user035@example.com,3616
2026-04-19,user036@example.com,4783
2026-04-19,user037@example.com,14845
2026-04-19,user038@example.com,67496
2026-04-19,user039@example.com,4607
2026-04-19,user040@example.com,12645
2026-04-19,user041@example.com,41897
2026-04-19,user042@example.com,20409
2026-04-19,user043@example.com,38911
2026-04-19,user044@example.com,5517
2026-04-19,user045@example.com,22477
2026-04-19,user046@example.com,2633
2026-04-19,user047@example.com,44376
2026-04-19,user048@example.com,17429
2026-04-19,user049@example.com,21167
2026-04-19,user050@example.com,8699
2026-04-19,user051@example.com,3238
2026-04-19,user052@example.com,6002
2026-04-19,user053@example.com,3861
2026-04-19,user054@example.com,5667
2026-04-19,user055@example.com,11036
2026-04-19,user056@example.com,8107
2026-04-19,user057@example.com,47595
2026-04-19,user058@example.com,19787
2026-04-19,user059@example.com,66502
2026-04-19,user060@example.com,8750
2026-04-19,user061@example.com,18495
2026-04-19,user062@example.com,21348
2026-04-19,user063@example.com,2326
2026-04-19,user064@example.com,26338
2026-04-19,user065@example.com,8609
2026-04-19,user066@example.com,10078
2026-04-19,user067@example.com,91069
2026-04-19,user068@example.com,4930
2026-04-19,user069@example.com,84076
2026-04-19,user070@example.com,5669
2026-04-19,user071@example.com,3384
2026-04-19,user072@example.com,32396
2026-04-19,user073@example.com,42738
2026-04-19,user074@example.com,13323
2026-04-19,user075@example.com,2912
2026-04-19,user076@example.com,6074
2026-04-19,user077@example.com,9617
2026-04-19,user078@example.com,62188
2026-04-19,user079@example.com,16532
2026-04-19,user080@example.com,35201
2026-04-19,user081@example.com,1996
2026-04-19,user082@example.com,26548
2026-04-19,user083@example.com,21573
2026-04-19,user084@example.com,63895
2026-04-19,user085@example.com,4495
2026-04-19,user086@example.com,9338
2026-04-19,user087@example.com,5508
2026-04-19,user088@example.com,21140
2026-04-19,user089@example.com,6748
2026-04-19,user090@example.com,11989
2026-04-19,user091@example.com,52981
2026-04-19,user092@example.com,4998
2026-04-19,user093@example.com,6892
2026-04-19,user094@example.com,24684
2026-04-19,user095@example.com,4235
2026-04-19,user096@example.com,13646
2026-04-19,user097@example.com,46580
2026-04-19,user098@example.com,22685
2026-04-19,user099@example.com,43449
2026-04-19,user100@example.com,40487
2026-04-20,user001@example.com,17076
2026-04-20,user002@example.com,5257
2026-04-20,user003@example.com,7355
2026-04-20,user004@example.com,21562
2026-04-20,user005@example.com,5057
2026-04-20,user006@example.com,14573
2026-04-20,user007@example.com,56031
2026-04-20,user008@example.com,6062
2026-04-20,user009@example.com,26252
2026-04-20,user010@example.com,3586
2026-04-20,user011@example.com,68554
2026-04-20,user012@example.com,6067
2026-04-20,user013@example.com,6250
2026-04-20,user014@example.com,25003
2026-04-20,user015@example.com,11098
2026-04-20,user016@example.com,17234
2026-04-20,user017@example.com,17982
2026-04-20,user018@example.com,14855
2026-04-20,user019@example.com,11915
2026-04-20,user020@example.com,12494
2026-04-20,user021@example.com,14704
2026-04-20,user022@example.com,97590
2026-04-20,user023@example.com,22718
2026-04-20,user024@example.com,17074
2026-04-20,user025@example.com,7601
2026-04-20,user026@example.com,4453
2026-04-20,user027@example.com,32666
2026-04-20,user028@example.com,22434
2026-04-20,user029@example.com,27572
2026-04-20,user030@example.com,31096
2026-04-20,user031@example.com,11145
2026-04-20,user032@example.com,17110
2026-04-20,user033@example.com,49262
2026-04-20,user034@example.com,5351
2026-04-20,user035@example.com,3600
2026-04-20,user036@example.com,3658
2026-04-20,user037@example.com,21133
2026-04-20,user038@example.com,38278
2026-04-20,user039@example.com,7650
2026-04-20,user040@example.com,11793
2026-04-20,user041@example.com,36008
2026-04-20,user042@example.com,17047
2026-04-20,user043@example.com,31517
2026-04-20,user044@example.com,8695
2026-04-20,user045@example.com,13942
2026-04-20,user046@example.com,2168
2026-04-20,user047@example.com,28924
2026-04-20,user048@example.com,23786
2026-04-20,user049@example.com,19703
2026-04-20,user050@example.com,20089
2026-04-20,user051@example.com,4129
2026-04-20,user052@example.com,3933
2026-04-20,user053@example.com,5708
2026-04-20,user054@example.com,5994
2026-04-20,user055@example.com,9296
2026-04-20,user056@example.com,4677
2026-04-20,user057@example.com,36030
2026-04-20,user058@example.com,24361
2026-04-20,user059@example.com,40460
2026-04-20,user060@example.com,8133
2026-04-20,user061@example.com,12609
2026-04-20,user062@example.com,25768
2026-04-20,user063@example.com,5320
2026-04-20,user064@example.com,14546
2026-04-20,user065@example.com,9617
2026-04-20,user066@example.com,8827
2026-04-20,user067@example.com,59703
2026-04-20,user068@example.com,7317
2026-04-20,user069@example.com,54936
2026-04-20,user070@example.com,4524
2026-04-20,user071@example.com,6370
2026-04-20,user072@example.com,18025
2026-04-20,user073@example.com,47060
2026-04-20,user074@example.com,11763
2026-04-20,user075@example.com,5551
2026-04-20,user076@example.com,2131
2026-04-20,user077@example.com,7395
2026-04-20,user078@example.com,50245
2026-04-20,user079@example.com,25191
2026-04-20,user080@example.com,25803
2026-04-20,user081@example.com,2852
2026-04-20,user082@example.com,17478
2026-04-20,user083@example.com,14098
2026-04-20,user084@example.com,73190
2026-04-20,user085@example.com,7593
2026-04-20,user086@example.com,10553
2026-04-20,user087@example.com,3453
2026-04-20,user088@example.com,24502
2026-04-20,user089@example.com,8584
2026-04-20,user090@example.com,10240
2026-04-20,user091@example.com,34483
2026-04-20,user092@example.com,7569
2026-04-20,user093@example.com,8416
2026-04-20,user094@example.com,21764
2026-04-20,user095@example.com,2623
2026-04-20,user096@example.com,7446
2026-04-20,user097@example.com,14988
2026-04-20,user098@example.com,17670
2026-04-20,user099@example.com,43742
2026-04-20,user100@example.com,35854
2026-04-21,user001@example.com,26359
2026-04-21,user002@example.com,10871
2026-04-21,user003@example.com,8110
2026-04-21,user004@example.com,79450
2026-04-21,user005@example.com,38207
2026-04-21,user006@example.com,58620
2026-04-21,user007@example.com,190199
2026-04-21,user008@example.com,10534
2026-04-21,user009@example.com,73074
2026-04-21,user010@example.com,8069
2026-04-21,user011@example.com,100800
2026-04-21,user012@example.com,15510
2026-04-21,user013@example.com,4365
2026-04-21,user014@example.com,80637
2026-04-21,user015@example.com,33239
2026-04-21,user016@example.com,35904
2026-04-21,user017@example.com,52827
2026-04-21,user018@example.com,44457
2026-04-21,user019@example.com,37309
2026-04-21,user020@example.com,34731
2026-04-21,user021@example.com,20245
2026-04-21,user022@example.com,168041
2026-04-21,user023@example.com,51105
2026-04-21,user024@example.com,42895
2026-04-21,user025@example.com,31869
2026-04-21,user026@example.com,6595
2026-04-21,user027@example.com,38498
2026-04-21,user028@example.com,45613
2026-04-21,user029@example.com,58311
2026-04-21,user030@example.com,42355
2026-04-21,user031@example.com,38402
2026-04-21,user032@example.com,44635
2026-04-21,user033@example.com,114467
2026-04-21,user034@example.com,8392
2026-04-21,user035@example.com,6059
2026-04-21,user036@example.com,13084
2026-04-21,user037@example.com,54606
2026-04-21,user038@example.com,107104
2026-04-21,user039@example.com,12876
2026-04-21,user040@example.com,33217
2026-04-21,user041@example.com,108854
2026-04-21,user042@example.com,52583
2026-04-21,user043@example.com,179523
2026-04-21,user044@example.com,18836
2026-04-21,user045@example.com,32348
2026-04-21,user046@example.com,9510
2026-04-21,user047@example.com,67945
2026-04-21,user048@example.com,46867
2026-04-21,user049@example.com,66658
2026-04-21,user050@example.com,38348
2026-04-21,user051@example.com,6532
2026-04-21,user052@example.com,10766
2026-04-21,user053@example.com,9580
2026-04-21,user054@example.com,18874
2026-04-21,user055@example.com,16121
2026-04-21,user056@example.com,10712
2026-04-21,user057@example.com,178747
2026-04-21,user058@example.com,63071
2026-04-21,user059@example.com,142860
2026-04-21,user060@example.com,17491
2026-04-21,user061@example.com,22865
2026-04-21,user062@example.com,35693
2026-04-21,user063@example.com,10144
2026-04-21,user064@example.com,43132
2026-04-21,user065@example.com,18613
2026-04-21,user066@example.com,53523
2026-04-21,user067@example.com,99012
2026-04-21,user068@example.com,19614
2026-04-21,user069@example.com,203071
2026-04-21,user070@example.com,11180
2026-04-21,user071@example.com,7317
2026-04-21,user072@example.com,60856
2026-04-21,user073@example.com,78311
2026-04-21,user074@example.com,18448
2026-04-21,user075@example.com,7955
2026-04-21,user076@example.com,8084
2026-04-21,user077@example.com,10259
2026-04-21,user078@example.com,51451
2026-04-21,user079@example.com,31970
2026-04-21,user080@example.com,120517
2026-04-21,user081@example.com,8102
2026-04-21,user082@example.com,50875
2026-04-21,user083@example.com,52813
2026-04-21,user084@example.com,252329
2026-04-21,user085@example.com,44506
2026-04-21,user086@example.com,22761
2026-04-21,user087@example.com,7977
2026-04-21,user088@example.com,95889
2026-04-21,user089@example.com,29675
2026-04-21,user090@example.com,29898
2026-04-21,user091@example.com,59809
2026-04-21,user092@example.com,22056
2026-04-21,user093@example.com,11791
2026-04-21,user094@example.com,44201
2026-04-21,user095@example.com,11165
2026-04-21,user096@example.com,35960
2026-04-21,user097@example.com,35645
2026-04-21,user098@example.com,37474
2026-04-21,user099@example.com,169042
2026-04-21,user100@example.com,97601
2026-04-22,user001@example.com,37965
2026-04-22,user002@example.com,23635
2026-04-22,user003@example.com,11683
2026-04-22,user004@example.com,53006
2026-04-22,user005@example.com,9299
2026-04-22,user006@example.com,29594
2026-04-22,user007@example.com,222745
2026-04-22,user008@example.com,11565
2026-04-22,user009@example.com,42296
2026-04-22,user010@example.com,6139
2026-04-22,user011@example.com,143537
2026-04-22,user012@example.com,20657
2026-04-22,user013@example.com,17701
2026-04-22,user014@example.com,27213
2026-04-22,user015@example.com,28653
2026-04-22,user016@example.com,31403
2026-04-22,user017@example.com,52985
2026-04-22,user018@example.com,36646
2026-04-22,user019@example.com,44112
2026-04-22,user020@example.com,40806
2026-04-22,user021@example.com,17733
2026-04-22,user022@example.com,317576
2026-04-22,user023@example.com,53852
2026-04-22,user024@example.com,49060
2026-04-22,user025@example.com,41631
2026-04-22,user026@example.com,6078
2026-04-22,user027@example.com,46320
2026-04-22,user028@example.com,43576
2026-04-22,user029@example.com,80305
2026-04-22,user030@example.com,86974
2026-04-22,user031@example.com,40547
2026-04-22,user032@example.com,47553
2026-04-22,user033@example.com,157235
2026-04-22,user034@example.com,26122
2026-04-22,user035@example.com,12525
2026-04-22,user036@example.com,9818
2026-04-22,user037@example.com,74042
2026-04-22,user038@example.com,162305
2026-04-22,user039@example.com,17341
2026-04-22,user040@example.com,44729
2026-04-22,user041@example.com,148707
2026-04-22,user042@example.com,55908
2026-04-22,user043@example.com,166003
2026-04-22,user044@example.com,12699
2026-04-22,user045@example.com,21942
2026-04-22,user046@example.com,9192
2026-04-22,user047@example.com,56913
2026-04-22,user048@example.com,25414
2026-04-22,user049@example.com,67288
2026-04-22,user050@example.com,11506
2026-04-22,user051@example.com,26129
2026-04-22,user052@example.com,28838
2026-04-22,user053@example.com,12102
2026-04-22,user054@example.com,14570
2026-04-22,user055@example.com,33699
2026-04-22,user056@example.com,8219
2026-04-22,user057@example.com,182378
2026-04-22,user058@example.com,43228
2026-04-22,user059@example.com,140516
2026-04-22,user060@example.com,32295
2026-04-22,user061@example.com,21872
2026-04-22,user062@example.com,59268
2026-04-22,user063@example.com,14040
2026-04-22,user064@example.com,52090
2026-04-22,user065@example.com,28103
2026-04-22,user066@example.com,51584
2026-04-22,user067@example.com,150638
2026-04-22,user068@example.com,14358
2026-04-22,user069@example.com,228692
2026-04-22,user070@example.com,8597
2026-04-22,user071@example.com,10890
2026-04-22,user072@example.com,56513
2026-04-22,user073@example.com,204471
2026-04-22,user074@example.com,13270
2026-04-22,user075@example.com,13853
2026-04-22,user076@example.com,9743
2026-04-22,user077@example.com,12620
2026-04-22,user078@example.com,168195
2026-04-22,user079@example.com,44757
2026-04-22,user080@example.com,109844
2026-04-22,user081@example.com,3886
2026-04-22,user082@example.com,58559
2026-04-22,user083@example.com,38708
2026-04-22,user084@example.com,100100
2026-04-22,user085@example.com,24973
2026-04-22,user086@example.com,28337
2026-04-22,user087@example.com,16765
2026-04-22,user088@example.com,28171
2026-04-22,user089@example.com,16222
2026-04-22,user090@example.com,48892
2026-04-22,user091@example.com,111467
2026-04-22,user092@example.com,22628
2026-04-22,user093@example.com,19449
2026-04-22,user094@example.com,76758
2026-04-22,user095@example.com,17009
2026-04-22,user096@example.com,29085
2026-04-22,user097@example.com,45456
2026-04-22,user098@example.com,59806
2026-04-22,user099@example.com,186087
2026-04-22,user100@example.com,115975
2026-04-23,user001@example.com,53300
2026-04-23,user002@example.com,13595
2026-04-23,user003@example.com,12226
2026-04-23,user004@example.com,28063
2026-04-23,user005@example.com,50832
2026-04-23,user006@example.com,24456
2026-04-23,user007@example.com,121572
2026-04-23,user008@example.com,9328
2026-04-23,user009@example.com,31559
2026-04-23,user010@example.com,5440
2026-04-23,user011@example.com,66809
2026-04-23,user012@example.com,8396
2026-04-23,user013@example.com,8001
2026-04-23,user014@example.com,78236
2026-04-23,user015@example.com,31144
2026-04-23,user016@example.com,38045
2026-04-23,user017@example.com,70103
2026-04-23,user018@example.com,68618
2026-04-23,user019@example.com,21275
2026-04-23,user020@example.com,15653
2026-04-23,user021@example.com,20768
2026-04-23,user022@example.com,114889
2026-04-23,user023@example.com,32505
2026-04-23,user024@example.com,33824
2026-04-23,user025@example.com,25996
2026-04-23,user026@example.com,8125
2026-04-23,user027@example.com,36051
2026-04-23,user028@example.com,16863
2026-04-23,user029@example.com,27940
2026-04-23,user030@example.com,57938
2026-04-23,user031@example.com,25235
2026-04-23,user032@example.com,31266
2026-04-23,user033@example.com,88702
2026-04-23,user034@example.com,7764
2026-04-23,user035@example.com,6719
2026-04-23,user036@example.com,5512
2026-04-23,user037@example.com,34495
2026-04-23,user038@example.com,66622
2026-04-23,user039@example.com,10932
2026-04-23,user040@example.com,17776
2026-04-23,user041@example.com,110223
2026-04-23,user042@example.com,53516
2026-04-23,user043@example.com,102783
2026-04-23,user044@example.com,8726
2026-04-23,user045@example.com,27504
2026-04-23,user046@example.com,10220
2026-04-23,user047@example.com,48808
2026-04-23,user048@example.com,63302
2026-04-23,user049@example.com,46454
2026-04-23,user050@example.com,33146
2026-04-23,user051@example.com,8409
2026-04-23,user052@example.com,17154
2026-04-23,user053@example.com,7970
2026-04-23,user054@example.com,9825
2026-04-23,user055@example.com,27205
2026-04-23,user056@example.com,9045
2026-04-23,user057@example.com,161749
2026-04-23,user058@example.com,53077
2026-04-23,user059@example.com,70057
2026-04-23,user060@example.com,17118
2026-04-23,user061@example.com,29816
2026-04-23,user062@example.com,36032
2026-04-23,user063@example.com,34353
2026-04-23,user064@example.com,47375
2026-04-23,user065@example.com,23423
2026-04-23,user066@example.com,22972
2026-04-23,user067@example.com,114471
2026-04-23,user068@example.com,10644
2026-04-23,user069@example.com,119969
2026-04-23,user070@example.com,5984
2026-04-23,user071@example.com,7293
2026-04-23,user072@example.com,74324
2026-04-23,user073@example.com,170997
2026-04-23,user074@example.com,12599
2026-04-23,user075@example.com,4390
2026-04-23,user076@example.com,9688
2026-04-23,user077@example.com,23332
2026-04-23,user078@example.com,170118
2026-04-23,user079@example.com,51144
2026-04-23,user080@example.com,115521
2026-04-23,user081@example.com,8176
2026-04-23,user082@example.com,57844
2026-04-23,user083@example.com,28455
2026-04-23,user084@example.com,127782
2026-04-23,user085@example.com,38340
2026-04-23,user086@example.com,22384
2026-04-23,user087@example.com,10017
2026-04-23,user088@example.com,37364
2026-04-23,user089@example.com,10654
2026-04-23,user090@example.com,30215
2026-04-23,user091@example.com,68476
2026-04-23,user092@example.com,24711
2026-04-23,user093@example.com,6706
2026-04-23,user094@example.com,61338
2026-04-23,user095@example.com,5371
2026-04-23,user096@example.com,14673
2026-04-23,user097@example.com,50460
2026-04-23,user098@example.com,33033
2026-04-23,user099@example.com,78231
2026-04-23,user100@example.com,38983
2026-04-24,user001@example.com,26969
2026-04-24,user002@example.com,18732
2026-04-24,user003@example.com,12706
2026-04-24,user004@example.com,39660
2026-04-24,user005@example.com,27985
2026-04-24,user006@example.com,26791
2026-04-24,user007@example.com,80711
2026-04-24,user008@example.com,6296
2026-04-24,user009@example.com,36212
2026-04-24,user010@example.com,6525
2026-04-24,user011@example.com,106259
2026-04-24,user012@example.com,17352
2026-04-24,user013@example.com,12797
2026-04-24,user014@example.com,35248
2026-04-24,user015@example.com,14597
2026-04-24,user016@example.com,31244
2026-04-24,user017@example.com,54852
2026-04-24,user018@example.com,15387
2026-04-24,user019@example.com,29034
2026-04-24,user020@example.com,18582
2026-04-24,user021@example.com,28191
2026-04-24,user022@example.com,100496
2026-04-24,user023@example.com,35029
2026-04-24,user024@example.com,36119
2026-04-24,user025@example.com,22383
2026-04-24,user026@example.com,6138
2026-04-24,user027@example.com,36496
2026-04-24,user028@example.com,24323
2026-04-24,user029@example.com,44413
2026-04-24,user030@example.com,84301
2026-04-24,user031@example.com,20653
2026-04-24,user032@example.com,77717
2026-04-24,user033@example.com,92746
2026-04-24,user034@example.com,19373
2026-04-24,user035@example.com,5513
2026-04-24,user036@example.com,3880
2026-04-24,user037@example.com,52541
2026-04-24,user038@example.com,112952
2026-04-24,user039@example.com,11477
2026-04-24,user040@example.com,18901
2026-04-24,user041@example.com,77940
2026-04-24,user042@example.com,38164
2026-04-24,user043@example.com,93145
2026-04-24,user044@example.com,15225
2026-04-24,user045@example.com,25243
2026-04-24,user046@example.com,9766
2026-04-24,user047@example.com,42085
2026-04-24,user048@example.com,31495
2026-04-24,user049@example.com,25965
2026-04-24,user050@example.com,20791
2026-04-24,user051@example.com,2467
2026-04-24,user052@example.com,10827
2026-04-24,user053@example.com,10062
2026-04-24,user054@example.com,13813
2026-04-24,user055@example.com,21541
2026-04-24,user056@example.com,8908
2026-04-24,user057@example.com,62076
2026-04-24,user058@example.com,34801
2026-04-24,user059@example.com,63000
2026-04-24,user060@example.com,15504
2026-04-24,user061@example.com,25331
2026-04-24,user062@example.com,71345
2026-04-24,user063@example.com,11790
2026-04-24,user064@example.com,39130
2026-04-24,user065@example.com,23505
2026-04-24,user066@example.com,21069
2026-04-24,user067@example.com,110046
2026-04-24,user068@example.com,12024
2026-04-24,user069@example.com,69830
2026-04-24,user070@example.com,8495
2026-04-24,user071@example.com,6884
2026-04-24,user072@example.com,60933
2026-04-24,user073@example.com,144945
2026-04-24,user074@example.com,6314
2026-04-24,user075@example.com,5631
2026-04-24,user076@example.com,5847
2026-04-24,user077@example.com,7058
2026-04-24,user078@example.com,72139
2026-04-24,user079@example.com,91373
2026-04-24,user080@example.com,85442
2026-04-24,user081@example.com,15432
2026-04-24,user082@example.com,61010
2026-04-24,user083@example.com,27382
2026-04-24,user084@example.com,99219
2026-04-24,user085@example.com,29078
2026-04-24,user086@example.com,31523
2026-04-24,user087@example.com,10877
2026-04-24,user088@example.com,20926
2026-04-24,user089@example.com,35841
2026-04-24,user090@example.com,22525
2026-04-24,user091@example.com,70388
2026-04-24,user092@example.com,13850
2026-04-24,user093@example.com,9510
2026-04-24,user094@example.com,40587
2026-04-24,user095@example.com,10831
2026-04-24,user096@example.com,25893
2026-04-24,user097@example.com,30383
2026-04-24,user098@example.com,33546
2026-04-24,user099@example.com,96391
2026-04-24,user100@example.com,113621
2026-04-25,user001@example.com,38427
2026-04-25,user002@example.com,13033
2026-04-25,user003@example.com,6241
2026-04-25,user004@example.com,23872
2026-04-25,user005@example.com,22435
2026-04-25,user006@example.com,28691
2026-04-25,user007@example.com,110106
2026-04-25,user008@example.com,8254
2026-04-25,user009@example.com,29793
2026-04-25,user010@example.com,6457
2026-04-25,user011@example.com,32309
2026-04-25,user012@example.com,8538
2026-04-25,user013@example.com,7840
2026-04-25,user014@example.com,55947
2026-04-25,user015@example.com,16785
2026-04-25,user016@example.com,27168
2026-04-25,user017@example.com,46591
2026-04-25,user018@example.com,52724
2026-04-25,user019@example.com,57035
2026-04-25,user020@example.com,21872
2026-04-25,user021@example.com,21595
2026-04-25,user022@example.com,99506
2026-04-25,user023@example.com,30766
2026-04-25,user024@example.com,31496
2026-04-25,user025@example.com,27088
2026-04-25,user026@example.com,8617
2026-04-25,user027@example.com,52945
2026-04-25,user028@example.com,52016
2026-04-25,user029@example.com,70370
2026-04-25,user030@example.com,67993
2026-04-25,user031@example.com,37474
2026-04-25,user032@example.com,38055
2026-04-25,user033@example.com,147820
2026-04-25,user034@example.com,15504
2026-04-25,user035@example.com,9263
2026-04-25,user036@example.com,7687
2026-04-25,user037@example.com,34062
2026-04-25,user038@example.com,59928
2026-04-25,user039@example.com,10544
2026-04-25,user040@example.com,38163
2026-04-25,user041@example.com,66744
2026-04-25,user042@example.com,56651
2026-04-25,user043@example.com,131187
2026-04-25,user044@example.com,9681
2026-04-25,user045@example.com,35376
2026-04-25,user046@example.com,2687
2026-04-25,user047@example.com,28054
2026-04-25,user048@example.com,24295
2026-04-25,user049@example.com,27518
2026-04-25,user050@example.com,25102
2026-04-25,user051@example.com,8233
2026-04-25,user052@example.com,14409
2026-04-25,user053@example.com,12029
2026-04-25,user054@example.com,7667
2026-04-25,user055@example.com,14570
2026-04-25,user056@example.com,8545
2026-04-25,user057@example.com,100683
2026-04-25,user058@example.com,19319
2026-04-25,user059@example.com,150232
2026-04-25,user060@example.com,36365
2026-04-25,user061@example.com,43986
2026-04-25,user062@example.com,45951
2026-04-25,user063@example.com,12155
2026-04-25,user064@example.com,59218
2026-04-25,user065@example.com,17829
2026-04-25,user066@example.com,37622
2026-04-25,user067@example.com,138234
2026-04-25,user068@example.com,13443
2026-04-25,user069@example.com,114130
2026-04-25,user070@example.com,10245
2026-04-25,user071@example.com,8043
2026-04-25,user072@example.com,25602
2026-04-25,user073@example.com,162295
2026-04-25,user074@example.com,7675
2026-04-25,user075@example.com,10091
2026-04-25,user076@example.com,7207
2026-04-25,user077@example.com,18945
2026-04-25,user078@example.com,145244
2026-04-25,user079@example.com,42620
2026-04-25,user080@example.com,77770
2026-04-25,user081@example.com,8624
2026-04-25,user082@example.com,21268
2026-04-25,user083@example.com,34890
2026-04-25,user084@example.com,72355
2026-04-25,user085@example.com,23695
2026-04-25,user086@example.com,17095
2026-04-25,user087@example.com,8290
2026-04-25,user088@example.com,58705
2026-04-25,user089@example.com,15547
2026-04-25,user090@example.com,22284
2026-04-25,user091@example.com,79359
2026-04-25,user092@example.com,11509
2026-04-25,user093@example.com,11918
2026-04-25,user094@example.com,28937
2026-04-25,user095@example.com,9216
2026-04-25,user096@example.com,23342
2026-04-25,user097@example.com,37158
2026-04-25,user098@example.com,33730
2026-04-25,user099@example.com,86949
2026-04-25,user100@example.com,73027
2026-04-26,user001@example.com,12265
2026-04-26,user002@example.com,8584
2026-04-26,user003@example.com,8673
2026-04-26,user004@example.com,16543
2026-04-26,user005@example.com,12373
2026-04-26,user006@example.com,17397
2026-04-26,user007@example.com,62550
2026-04-26,user008@example.com,6667
2026-04-26,user009@example.com,25844
2026-04-26,user010@example.com,5520
2026-04-26,user011@example.com,34924
2026-04-26,user012@example.com,5237
2026-04-26,user013@example.com,5087
2026-04-26,user014@example.com,15165
2026-04-26,user015@example.com,15782
2026-04-26,user016@example.com,9858
2026-04-26,user017@example.com,56522
2026-04-26,user018@example.com,30579
2026-04-26,user019@example.com,21374
2026-04-26,user020@example.com,17548
2026-04-26,user021@example.com,8347
2026-04-26,user022@example.com,176215
2026-04-26,user023@example.com,15803
2026-04-26,user024@example.com,20401
2026-04-26,user025@example.com,6764
2026-04-26,user026@example.com,5118
2026-04-26,user027@example.com,16960
2026-04-26,user028@example.com,20132
2026-04-26,user029@example.com,17588
2026-04-26,user030@example.com,25908
2026-04-26,user031@example.com,11170
2026-04-26,user032@example.com,27033
2026-04-26,user033@example.com,36186
2026-04-26,user034@example.com,4775
2026-04-26,user035@example.com,4765
2026-04-26,user036@example.com,10735
2026-04-26,user037@example.com,29524
2026-04-26,user038@example.com,41105
2026-04-26,user039@example.com,5457
2026-04-26,user040@example.com,13096
2026-04-26,user041@example.com,38205
2026-04-26,user042@example.com,34266
2026-04-26,user043@example.com,61149
2026-04-26,user044@example.com,8527
2026-04-26,user045@example.com,11603
2026-04-26,user046@example.com,6865
2026-04-26,user047@example.com,23565
2026-04-26,user048@example.com,13829
2026-04-26,user049@example.com,45594
2026-04-26,user050@example.com,6837
2026-04-26,user051@example.com,3333
2026-04-26,user052@example.com,5850
2026-04-26,user053@example.com,13633
2026-04-26,user054@example.com,11682
2026-04-26,user055@example.com,21849
2026-04-26,user056@example.com,3845
2026-04-26,user057@example.com,170319
2026-04-26,user058@example.com,22102
2026-04-26,user059@example.com,87376
2026-04-26,user060@example.com,13792
2026-04-26,user061@example.com,14548
2026-04-26,user062@example.com,22872
2026-04-26,user063@example.com,5265
2026-04-26,user064@example.com,26330
2026-04-26,user065@example.com,14729
2026-04-26,user066@example.com,14640
2026-04-26,user067@example.com,123575
2026-04-26,user068@example.com,2006
2026-04-26,user069@example.com,74190
2026-04-26,user070@example.com,4855
2026-04-26,user071@example.com,6450
2026-04-26,user072@example.com,24419
2026-04-26,user073@example.com,60944
2026-04-26,user074@example.com,8763
2026-04-26,user075@example.com,6366
2026-04-26,user076@example.com,3886
2026-04-26,user077@example.com,7998
2026-04-26,user078@example.com,101972
2026-04-26,user079@example.com,10118
2026-04-26,user080@example.com,29673
2026-04-26,user081@example.com,7211
2026-04-26,user082@example.com,36615
2026-04-26,user083@example.com,23327
2026-04-26,user084@example.com,53047
2026-04-26,user085@example.com,9512
2026-04-26,user086@example.com,12036
2026-04-26,user087@example.com,12525
2026-04-26,user088@example.com,15592
2026-04-26,user089@example.com,6430
2026-04-26,user090@example.com,9948
2026-04-26,user091@example.com,57988
2026-04-26,user092@example.com,6033
2026-04-26,user093@example.com,5477
2026-04-26,user094@example.com,11804
2026-04-26,user095@example.com,2148
2026-04-26,user096@example.com,14842
2026-04-26,user097@example.com,15709
2026-04-26,user098@example.com,40591
2026-04-26,user099@example.com,30164
2026-04-26,user100@example.com,28550
2026-04-27,user001@example.com,12213
2026-04-27,user002@example.com,5259
2026-04-27,user003@example.com,3157
2026-04-27,user004@example.com,12481
2026-04-27,user005@example.com,7510
2026-04-27,user006@example.com,10982
2026-04-27,user007@example.com,118335
2026-04-27,user008@example.com,4776
2026-04-27,user009@example.com,26406
2026-04-27,user010@example.com,3700
2026-04-27,user011@example.com,52297
2026-04-27,user012@example.com,2242
2026-04-27,user013@example.com,4178
2026-04-27,user014@example.com,27579
2026-04-27,user015@example.com,8696
2026-04-27,user016@example.com,22499
2026-04-27,user017@example.com,34441
2026-04-27,user018@example.com,13522
2026-04-27,user019@example.com,14636
2026-04-27,user020@example.com,7451
2026-04-27,user021@example.com,9739
2026-04-27,user022@example.com,38820
2026-04-27,user023@example.com,18517
2026-04-27,user024@example.com,10484
2026-04-27,user025@example.com,13124
2026-04-27,user026@example.com,4412
2026-04-27,user027@example.com,11455
2026-04-27,user028@example.com,27413
2026-04-27,user029@example.com,20891
2026-04-27,user030@example.com,40283
2026-04-27,user031@example.com,9311
2026-04-27,user032@example.com,25476
2026-04-27,user033@example.com,68942
2026-04-27,user034@example.com,4917
2026-04-27,user035@example.com,6244
2026-04-27,user036@example.com,3596
2026-04-27,user037@example.com,30543
2026-04-27,user038@example.com,51500
2026-04-27,user039@example.com,6248
2026-04-27,user040@example.com,5918
2026-04-27,user041@example.com,40324
2026-04-27,user042@example.com,15842
2026-04-27,user043@example.com,34563
2026-04-27,user044@example.com,9373
2026-04-27,user045@example.com,9858
2026-04-27,user046@example.com,2491
2026-04-27,user047@example.com,18068
2026-04-27,user048@example.com,10107
2026-04-27,user049@example.com,28830
2026-04-27,user050@example.com,8328
2026-04-27,user051@example.com,4262
2026-04-27,user052@example.com,9605
2026-04-27,user053@example.com,3901
2026-04-27,user054@example.com,6131
2026-04-27,user055@example.com,7408
2026-04-27,user056@example.com,8336
2026-04-27,user057@example.com,82937
2026-04-27,user058@example.com,14897
2026-04-27,user059@example.com,38842
2026-04-27,user060@example.com,10208
2026-04-27,user061@example.com,10780
2026-04-27,user062@example.com,40587
2026-04-27,user063@example.com,3027
2026-04-27,user064@example.com,18297
2026-04-27,user065@example.com,10555
2026-04-27,user066@example.com,11652
2026-04-27,user067@example.com,57531
2026-04-27,user068@example.com,4462
2026-04-27,user069@example.com,69101
2026-04-27,user070@example.com,3834
2026-04-27,user071@example.com,4100
2026-04-27,user072@example.com,7085
2026-04-27,user073@example.com,51622
2026-04-27,user074@example.com,2851
2026-04-27,user075@example.com,3885
2026-04-27,user076@example.com,5933
2026-04-27,user077@example.com,4321
2026-04-27,user078@example.com,42411
2026-04-27,user079@example.com,14151
2026-04-27,user080@example.com,47749
2026-04-27,user081@example.com,3661
2026-04-27,user082@example.com,37518
2026-04-27,user083@example.com,18419
2026-04-27,user084@example.com,55415
2026-04-27,user085@example.com,10880
2026-04-27,user086@example.com,16166
2026-04-27,user087@example.com,3253
2026-04-27,user088@example.com,16419
2026-04-27,user089@example.com,4967
2026-04-27,user090@example.com,13695
2026-04-27,user091@example.com,33162
2026-04-27,user092@example.com,4154
2026-04-27,user093@example.com,4660
2026-04-27,user094@example.com,11947
2026-04-27,user095@example.com,1579
2026-04-27,user096@example.com,15660
2026-04-27,user097@example.com,25093
2026-04-27,user098@example.com,18766
2026-04-27,user099@example.com,80320
2026-04-27,user100@example.com,24551
2026-04-28,user001@example.com,16719
2026-04-28,user002@example.com,13250
2026-04-28,user003@example.com,9351
2026-04-28,user004@example.com,29534
2026-04-28,user005@example.com,23476
2026-04-28,user006@example.com,22273
2026-04-28,user007@example.com,71417
2026-04-28,user008@example.com,9049
2026-04-28,user009@example.com,26645
2026-04-28,user010@example.com,7636
2026-04-28,user011@example.com,63962
2026-04-28,user012@example.com,20038
2026-04-28,user013@example.com,18515
2026-04-28,user014@example.com,50307
2026-04-28,user015@example.com,14027
2026-04-28,user016@example.com,46725
2026-04-28,user017@example.com,80818
2026-04-28,user018@example.com,36450
2026-04-28,user019@example.com,63016
2026-04-28,user020@example.com,19902
2026-04-28,user021@example.com,14357
2026-04-28,user022@example.com,104068
2026-04-28,user023@example.com,66330
2026-04-28,user024@example.com,23534
2026-04-28,user025@example.com,24136
2026-04-28,user026@example.com,8143
2026-04-28,user027@example.com,38907
2026-04-28,user028@example.com,31005
2026-04-28,user029@example.com,40676
2026-04-28,user030@example.com,57836
2026-04-28,user031@example.com,16773
2026-04-28,user032@example.com,50197
2026-04-28,user033@example.com,153778
2026-04-28,user034@example.com,15682
2026-04-28,user035@example.com,5303
2026-04-28,user036@example.com,5194
2026-04-28,user037@example.com,42149
2026-04-28,user038@example.com,182831
2026-04-28,user039@example.com,14500
2026-04-28,user040@example.com,30886
2026-04-28,user041@example.com,109876
2026-04-28,user042@example.com,53945
2026-04-28,user043@example.com,110173
2026-04-28,user044@example.com,14585
2026-04-28,user045@example.com,19940
2026-04-28,user046@example.com,4905
2026-04-28,user047@example.com,59965
2026-04-28,user048@example.com,55845
2026-04-28,user049@example.com,26815
2026-04-28,user050@example.com,32188
2026-04-28,user051@example.com,14491
2026-04-28,user052@example.com,13569
2026-04-28,user053@example.com,7931
2026-04-28,user054@example.com,12076
2026-04-28,user055@example.com,19910
2026-04-28,user056@example.com,6485
2026-04-28,user057@example.com,158026
2026-04-28,user058@example.com,20657
2026-04-28,user059@example.com,69785
2026-04-28,user060@example.com,24305
2026-04-28,user061@example.com,27375
2026-04-28,user062@example.com,52508
2026-04-28,user063@example.com,20359
2026-04-28,user064@example.com,41138
2026-04-28,user065@example.com,29763
2026-04-28,user066@example.com,19609
2026-04-28,user067@example.com,177670
2026-04-28,user068@example.com,8785
2026-04-28,user069@example.com,118606
2026-04-28,user070@example.com,6777
2026-04-28,user071@example.com,11552
2026-04-28,user072@example.com,29435
2026-04-28,user073@example.com,47498
2026-04-28,user074@example.com,10735
2026-04-28,user075@example.com,8295
2026-04-28,user076@example.com,8487
2026-04-28,user077@example.com,20902
2026-04-28,user078@example.com,123090
2026-04-28,user079@example.com,32557
2026-04-28,user080@example.com,31201
2026-04-28,user081@example.com,7406
2026-04-28,user082@example.com,66719
2026-04-28,user083@example.com,31569
2026-04-28,user084@example.com,116830
2026-04-28,user085@example.com,27978
2026-04-28,user086@example.com,19338
2026-04-28,user087@example.com,16889
2026-04-28,user088@example.com,64224
2026-04-28,user089@example.com,10888
2026-04-28,user090@example.com,16260
2026-04-28,user091@example.com,78616
2026-04-28,user092@example.com,6234
2026-04-28,user093@example.com,11883
2026-04-28,user094@example.com,46463
2026-04-28,user095@example.com,12658
2026-04-28,user096@example.com,25779
2026-04-28,user097@example.com,53715
2026-04-28,user098@example.com,26787
2026-04-28,user099@example.com,102111
2026-04-28,user100@example.com,41287
2026-04-29,user001@example.com,26343
2026-04-29,user002@example.com,12473
2026-04-29,user003@example.com,11987
2026-04-29,user004@example.com,32589
2026-04-29,user005@example.com,25406
2026-04-29,user006@example.com,25095
2026-04-29,user007@example.com,123598
2026-04-29,user008@example.com,11103
2026-04-29,user009@example.com,41118
2026-04-29,user010@example.com,9393
2026-04-29,user011@example.com,78853
2026-04-29,user012@example.com,12280
2026-04-29,user013@example.com,10134
2026-04-29,user014@example.com,31568
2026-04-29,user015@example.com,21755
2026-04-29,user016@example.com,57414
2026-04-29,user017@example.com,34577
2026-04-29,user018@example.com,33573
2026-04-29,user019@example.com,35397
2026-04-29,user020@example.com,22631
2026-04-29,user021@example.com,25114
2026-04-29,user022@example.com,153054
2026-04-29,user023@example.com,20343
2026-04-29,user024@example.com,58280
2026-04-29,user025@example.com,30791
2026-04-29,user026@example.com,5323
2026-04-29,user027@example.com,21508
2026-04-29,user028@example.com,26293
2026-04-29,user029@example.com,37238
2026-04-29,user030@example.com,177572
2026-04-29,user031@example.com,34105
2026-04-29,user032@example.com,25279
2026-04-29,user033@example.com,84805
2026-04-29,user034@example.com,11606
2026-04-29,user035@example.com,7864
2026-04-29,user036@example.com,5192
2026-04-29,user037@example.com,45394
2026-04-29,user038@example.com,83978
2026-04-29,user039@example.com,8034
2026-04-29,user040@example.com,27022
2026-04-29,user041@example.com,107841
2026-04-29,user042@example.com,63878
2026-04-29,user043@example.com,131997
2026-04-29,user044@example.com,9934
2026-04-29,user045@example.com,31688
2026-04-29,user046@example.com,9165
2026-04-29,user047@example.com,49874
2026-04-29,user048@example.com,29880
2026-04-29,user049@example.com,34068
2026-04-29,user050@example.com,25322
2026-04-29,user051@example.com,19321
2026-04-29,user052@example.com,15424
2026-04-29,user053@example.com,8715
2026-04-29,user054@example.com,8836
2026-04-29,user055@example.com,20774
2026-04-29,user056@example.com,17624
2026-04-29,user057@example.com,120701
2026-04-29,user058@example.com,50841
2026-04-29,user059@example.com,103662
2026-04-29,user060@example.com,27038
2026-04-29,user061@example.com,37206
2026-04-29,user062@example.com,38956
2026-04-29,user063@example.com,8625
2026-04-29,user064@example.com,72448
2026-04-29,user065@example.com,34829
2026-04-29,user066@example.com,37191
2026-04-29,user067@example.com,182838
2026-04-29,user068@example.com,12679
2026-04-29,user069@example.com,239592
2026-04-29,user070@example.com,7308
2026-04-29,user071@example.com,10067
2026-04-29,user072@example.com,28639
2026-04-29,user073@example.com,80883
2026-04-29,user074@example.com,7766
2026-04-29,user075@example.com,11241
2026-04-29,user076@example.com,3366
2026-04-29,user077@example.com,12056
2026-04-29,user078@example.com,37862
2026-04-29,user079@example.com,30306
2026-04-29,user080@example.com,60609
2026-04-29,user081@example.com,13356
2026-04-29,user082@example.com,54676
2026-04-29,user083@example.com,27651
2026-04-29,user084@example.com,171709
2026-04-29,user085@example.com,24830
2026-04-29,user086@example.com,28574
2026-04-29,user087@example.com,9111
2026-04-29,user088@example.com,26174
2026-04-29,user089@example.com,8857
2026-04-29,user090@example.com,25080
2026-04-29,user091@example.com,84526
2026-04-29,user092@example.com,23829
2026-04-29,user093@example.com,12352
2026-04-29,user094@example.com,15716
2026-04-29,user095@example.com,7889
2026-04-29,user096@example.com,16977
2026-04-29,user097@example.com,33938
2026-04-29,user098@example.com,27856
2026-04-29,user099@example.com,93741
2026-04-29,user100@example.com,44478
2026-04-30,user001@example.com,30065
2026-04-30,user002@example.com,8411
2026-04-30,user003@example.com,12143
2026-04-30,user004@example.com,88062
2026-04-30,user005@example.com,15385
2026-04-30,user006@example.com,25345
2026-04-30,user007@example.com,56977
2026-04-30,user008@example.com,9646
2026-04-30,user009@example.com,50403
2026-04-30,user010@example.com,9195
2026-04-30,user011@example.com,83906
2026-04-30,user012@example.com,18813
2026-04-30,user013@example.com,26130
2026-04-30,user014@example.com,73288
2026-04-30,user015@example.com,20405
2026-04-30,user016@example.com,16849
2026-04-30,user017@example.com,40988
2026-04-30,user018@example.com,26381
2026-04-30,user019@example.com,47137
2026-04-30,user020@example.com,16204
2026-04-30,user021@example.com,27294
2026-04-30,user022@example.com,184782
2026-04-30,user023@example.com,35476
2026-04-30,user024@example.com,28901
2026-04-30,user025@example.com,36960
2026-04-30,user026@example.com,4230
2026-04-30,user027@example.com,42128
2026-04-30,user028@example.com,36216
2026-04-30,user029@example.com,40473
2026-04-30,user030@example.com,76116
2026-04-30,user031@example.com,34668
2026-04-30,user032@example.com,46667
2026-04-30,user033@example.com,94229
2026-04-30,user034@example.com,10178
2026-04-30,user035@example.com,5768
2026-04-30,user036@example.com,10759
2026-04-30,user037@example.com,37681
2026-04-30,user038@example.com,144161
2026-04-30,user039@example.com,11818
2026-04-30,user040@example.com,20414
2026-04-30,user041@example.com,101399
2026-04-30,user042@example.com,36627
2026-04-30,user043@example.com,134010
2026-04-30,user044@example.com,12647
2026-04-30,user045@example.com,19884
2026-04-30,user046@example.com,9826
2026-04-30,user047@example.com,57210
2026-04-30,user048@example.com,55106
2026-04-30,user049@example.com,56443
2026-04-30,user050@example.com,29096
2026-04-30,user051@example.com,5503
2026-04-30,user052@example.com,32469
2026-04-30,user053@example.com,6557
2026-04-30,user054@example.com,16366
2026-04-30,user055@example.com,28491
2026-04-30,user056@example.com,5414
2026-04-30,user057@example.com,131943
2026-04-30,user058@example.com,35749
2026-04-30,user059@example.com,185393
2026-04-30,user060@example.com,19087
2026-04-30,user061@example.com,25546
2026-04-30,user062@example.com,20858
2026-04-30,user063@example.com,19670
2026-04-30,user064@example.com,27672
2026-04-30,user065@example.com,27469
2026-04-30,user066@example.com,27022
2026-04-30,user067@example.com,133164
2026-04-30,user068@example.com,14231
2026-04-30,user069@example.com,210708
2026-04-30,user070@example.com,7802
2026-04-30,user071@example.com,10270
2026-04-30,user072@example.com,53013
2026-04-30,user073@example.com,153040
2026-04-30,user074@example.com,9983
2026-04-30,user075@example.com,10411
2026-04-30,user076@example.com,12045
2026-04-30,user077@example.com,20129
2026-04-30,user078@example.com,85072
2026-04-30,user079@example.com,37946
2026-04-30,user080@example.com,77704
2026-04-30,user081@example.com,5054
2026-04-30,user082@example.com,82570
2026-04-30,user083@example.com,36591
2026-04-30,user084@example.com,129658
2026-04-30,user085@example.com,20018
2026-04-30,user086@example.com,17597
2026-04-30,user087@example.com,11154
2026-04-30,user088@example.com,39679
2026-04-30,user089@example.com,14858
2026-04-30,user090@example.com,25926
2026-04-30,user091@example.com,92201
2026-04-30,user092@example.com,12247
2026-04-30,user093@example.com,12750
2026-04-30,user094@example.com,67632
2026-04-30,user095@example.com,9144
2026-04-30,user096@example.com,37171
2026-04-30,user097@example.com,52370
2026-04-30,user098@example.com,21715
2026-04-30,user099@example.com,81442
2026-04-30,user100@example.com,83789
2026-05-01,user001@example.com,27418
2026-05-01,user002@example.com,15801
2026-05-01,user003@example.com,18946
2026-05-01,user004@example.com,51011
2026-05-01,user005@example.com,37417
2026-05-01,user006@example.com,28450
2026-05-01,user007@example.com,102126
2026-05-01,user008@example.com,10324
2026-05-01,user009@example.com,29852
2026-05-01,user010@example.com,12118
2026-05-01,user011@example.com,105861
2026-05-01,user012@example.com,16253
2026-05-01,user013@example.com,16239
2026-05-01,user014@example.com,19510
2026-05-01,user015@example.com,29588
2026-05-01,user016@example.com,17397
2026-05-01,user017@example.com,46327
2026-05-01,user018@example.com,32391
2026-05-01,user019@example.com,49877
2026-05-01,user020@example.com,26085
2026-05-01,user021@example.com,44073
2026-05-01,user022@example.com,109735
2026-05-01,user023@example.com,46302
2026-05-01,user024@example.com,41877
2026-05-01,user025@example.com,13587
2026-05-01,user026@example.com,5820
2026-05-01,user027@example.com,44073
2026-05-01,user028@example.com,53318
2026-05-01,user029@example.com,46537
2026-05-01,user030@example.com,46680
2026-05-01,user031@example.com,26204
2026-05-01,user032@example.com,94115
2026-05-01,user033@example.com,109547
2026-05-01,user034@example.com,10291
2026-05-01,user035@example.com,8343
2026-05-01,user036@example.com,10487
2026-05-01,user037@example.com,39593
2026-05-01,user038@example.com,125627
2026-05-01,user039@example.com,10284
2026-05-01,user040@example.com,30977
2026-05-01,user041@example.com,85190
2026-05-01,user042@example.com,54979
2026-05-01,user043@example.com,80778
2026-05-01,user044@example.com,8657
2026-05-01,user045@example.com,33530
2026-05-01,user046@example.com,7806
2026-05-01,user047@example.com,51319
2026-05-01,user048@example.com,32451
2026-05-01,user049@example.com,54191
2026-05-01,user050@example.com,19467
2026-05-01,user051@example.com,7655
2026-05-01,user052@example.com,17837
2026-05-01,user053@example.com,15885
2026-05-01,user054@example.com,9606
2026-05-01,user055@example.com,47817
2026-05-01,user056@example.com,8957
2026-05-01,user057@example.com,94039
2026-05-01,user058@example.com,41105
2026-05-01,user059@example.com,100922
2026-05-01,user060@example.com,28034
2026-05-01,user061@example.com,27114
2026-05-01,user062@example.com,47669
2026-05-01,user063@example.com,7657
2026-05-01,user064@example.com,55952
2026-05-01,user065@example.com,16068
2026-05-01,user066@example.com,18671
2026-05-01,user067@example.com,154055
2026-05-01,user068@example.com,18464
2026-05-01,user069@example.com,102002
2026-05-01,user070@example.com,8976
2026-05-01,user071@example.com,11688
2026-05-01,user072@example.com,61771
2026-05-01,user073@example.com,94490
2026-05-01,user074@example.com,7877
2026-05-01,user075@example.com,3243
2026-05-01,user076@example.com,7321
2026-05-01,user077@example.com,20460
2026-05-01,user078@example.com,71091
2026-05-01,user079@example.com,50553
2026-05-01,user080@example.com,50370
2026-05-01,user081@example.com,8331
2026-05-01,user082@example.com,59502
2026-05-01,user083@example.com,28679
2026-05-01,user084@example.com,122494
2026-05-01,user085@example.com,20827
2026-05-01,user086@example.com,35227
2026-05-01,user087@example.com,14708
2026-05-01,user088@example.com,36846
2026-05-01,user089@example.com,19910
2026-05-01,user090@example.com,30365
2026-05-01,user091@example.com,63045
2026-05-01,user092@example.com,13146
2026-05-01,user093@example.com,10260
2026-05-01,user094@example.com,40693
2026-05-01,user095@example.com,16996
2026-05-01,user096@example.com,31338
2026-05-01,user097@example.com,22776
2026-05-01,user098@example.com,29873
2026-05-01,user099@example.com,58678
2026-05-01,user100@example.com,62586
2026-05-02,user001@example.com,12945
2026-05-02,user002@example.com,9415
2026-05-02,user003@example.com,5834
2026-05-02,user004@example.com,42675
2026-05-02,user005@example.com,22713
2026-05-02,user006@example.com,28856
2026-05-02,user007@example.com,123146
2026-05-02,user008@example.com,6099
2026-05-02,user009@example.com,44652
2026-05-02,user010@example.com,12979
2026-05-02,user011@example.com,87351
2026-05-02,user012@example.com,11004
2026-05-02,user013@example.com,6027
2026-05-02,user014@example.com,27149
2026-05-02,user015@example.com,26610
2026-05-02,user016@example.com,37783
2026-05-02,user017@example.com,47982
2026-05-02,user018@example.com,45067
2026-05-02,user019@example.com,47792
2026-05-02,user020@example.com,27114
2026-05-02,user021@example.com,20610
2026-05-02,user022@example.com,135752
2026-05-02,user023@example.com,25311
2026-05-02,user024@example.com,37534
2026-05-02,user025@example.com,25496
2026-05-02,user026@example.com,13621
2026-05-02,user027@example.com,27690
2026-05-02,user028@example.com,40315
2026-05-02,user029@example.com,62654
2026-05-02,user030@example.com,86382
2026-05-02,user031@example.com,34736
2026-05-02,user032@example.com,53796
2026-05-02,user033@example.com,156501
2026-05-02,user034@example.com,7436
2026-05-02,user035@example.com,4078
2026-05-02,user036@example.com,7552
2026-05-02,user037@example.com,20555
2026-05-02,user038@example.com,152838
2026-05-02,user039@example.com,16681
2026-05-02,user040@example.com,19513
2026-05-02,user041@example.com,66483
2026-05-02,user042@example.com,42700
2026-05-02,user043@example.com,101175
2026-05-02,user044@example.com,11376
2026-05-02,user045@example.com,27608
2026-05-02,user046@example.com,7125
2026-05-02,user047@example.com,60924
2026-05-02,user048@example.com,39817
2026-05-02,user049@example.com,30166
2026-05-02,user050@example.com,36235
2026-05-02,user051@example.com,4705
2026-05-02,user052@example.com,12368
2026-05-02,user053@example.com,13935
2026-05-02,user054@example.com,8447
2026-05-02,user055@example.com,25307
2026-05-02,user056@example.com,9154
2026-05-02,user057@example.com,94517
2026-05-02,user058@example.com,33209
2026-05-02,user059@example.com,103011
2026-05-02,user060@example.com,18720
2026-05-02,user061@example.com,58082
2026-05-02,user062@example.com,33530
2026-05-02,user063@example.com,14122
2026-05-02,user064@example.com,32514
2026-05-02,user065@example.com,15524
2026-05-02,user066@example.com,26903
2026-05-02,user067@example.com,160316
2026-05-02,user068@example.com,13712
2026-05-02,user069@example.com,187994
2026-05-02,user070@example.com,18568
2026-05-02,user071@example.com,8263
2026-05-02,user072@example.com,34724
2026-05-02,user073@example.com,116414
2026-05-02,user074@example.com,9913
2026-05-02,user075@example.com,9158
2026-05-02,user076@example.com,4807
2026-05-02,user077@example.com,29262
2026-05-02,user078@example.com,134058
2026-05-02,user079@example.com,20693
2026-05-02,user080@example.com,51677
2026-05-02,user081@example.com,10071
2026-05-02,user082@example.com,66105
2026-05-02,user083@example.com,21821
2026-05-02,user084@example.com,139656
2026-05-02,user085@example.com,11485
2026-05-02,user086@example.com,25153
2026-05-02,user087@example.com,18852
2026-05-02,user088@example.com,28084
2026-05-02,user089@example.com,6421
2026-05-02,user090@example.com,23901
2026-05-02,user091@example.com,61256
2026-05-02,user092@example.com,15922
2026-05-02,user093@example.com,7287
2026-05-02,user094@example.com,28467
2026-05-02,user095@example.com,3263
2026-05-02,user096@example.com,27543
2026-05-02,user097@example.com,41397
2026-05-02,user098@example.com,22471
2026-05-02,user099@example.com,116448
2026-05-02,user100@example.com,94884
2026-05-03,user001@example.com,13967
2026-05-03,user002@example.com,8142
2026-05-03,user003@example.com,6344
2026-05-03,user004@example.com,14204
2026-05-03,user005@example.com,27070
2026-05-03,user006@example.com,12773
2026-05-03,user007@example.com,93272
2026-05-03,user008@example.com,7546
2026-05-03,user009@example.com,20619
2026-05-03,user010@example.com,4753
2026-05-03,user011@example.com,47879
2026-05-03,user012@example.com,4512
2026-05-03,user013@example.com,5132
2026-05-03,user014@example.com,17474
2026-05-03,user015@example.com,11212
2026-05-03,user016@example.com,9542
2026-05-03,user017@example.com,37701
2026-05-03,user018@example.com,34633
2026-05-03,user019@example.com,30489
2026-05-03,user020@example.com,20560
2026-05-03,user021@example.com,13350
2026-05-03,user022@example.com,59335
2026-05-03,user023@example.com,15053
2026-05-03,user024@example.com,27126
2026-05-03,user025@example.com,14270
2026-05-03,user026@example.com,4276
2026-05-03,user027@example.com,39994
2026-05-03,user028@example.com,22779
2026-05-03,user029@example.com,16143
2026-05-03,user030@example.com,30288
2026-05-03,user031@example.com,19122
2026-05-03,user032@example.com,36599
2026-05-03,user033@example.com,69940
2026-05-03,user034@example.com,12265
2026-05-03,user035@example.com,6812
2026-05-03,user036@example.com,5126
2026-05-03,user037@example.com,18953
2026-05-03,user038@example.com,36455
2026-05-03,user039@example.com,5513
2026-05-03,user040@example.com,17154
2026-05-03,user041@example.com,83258
2026-05-03,user042@example.com,29416
2026-05-03,user043@example.com,86801
2026-05-03,user044@example.com,5795
2026-05-03,user045@example.com,16389
2026-05-03,user046@example.com,5860
2026-05-03,user047@example.com,12712
2026-05-03,user048@example.com,17105
2026-05-03,user049@example.com,30189
2026-05-03,user050@example.com,14508
2026-05-03,user051@example.com,2889
2026-05-03,user052@example.com,3167
2026-05-03,user053@example.com,5072
2026-05-03,user054@example.com,6159
2026-05-03,user055@example.com,9672
2026-05-03,user056@example.com,4619
2026-05-03,user057@example.com,88509
2026-05-03,user058@example.com,24999
2026-05-03,user059@example.com,27686
2026-05-03,user060@example.com,8320
2026-05-03,user061@example.com,13538
2026-05-03,user062@example.com,31052
2026-05-03,user063@example.com,6842
2026-05-03,user064@example.com,25539
2026-05-03,user065@example.com,11524
2026-05-03,user066@example.com,13430
2026-05-03,user067@example.com,57453
2026-05-03,user068@example.com,7544
2026-05-03,user069@example.com,45758
2026-05-03,user070@example.com,5176
2026-05-03,user071@example.com,4724
2026-05-03,user072@example.com,25020
2026-05-03,user073@example.com,45820
2026-05-03,user074@example.com,3929
2026-05-03,user075@example.com,3064
2026-05-03,user076@example.com,3913
2026-05-03,user077@example.com,3235
2026-05-03,user078@example.com,53812
2026-05-03,user079@example.com,29923
2026-05-03,user080@example.com,46881
2026-05-03,user081@example.com,3692
2026-05-03,user082@example.com,25838
2026-05-03,user083@example.com,16272
2026-05-03,user084@example.com,66526
2026-05-03,user085@example.com,22593
2026-05-03,user086@example.com,21139
2026-05-03,user087@example.com,8896
2026-05-03,user088@example.com,16636
2026-05-03,user089@example.com,8210
2026-05-03,user090@example.com,7302
2026-05-03,user091@example.com,40217
2026-05-03,user092@example.com,9093
2026-05-03,user093@example.com,7471
2026-05-03,user094@example.com,27373
2026-05-03,user095@example.com,4262
2026-05-03,user096@example.com,14065
2026-05-03,user097@example.com,30683
2026-05-03,user098@example.com,14161
2026-05-03,user099@example.com,46988
2026-05-03,user100@example.com,39279
2026-05-04,user001@example.com,14438
2026-05-04,user002@example.com,3530
2026-05-04,user003@example.com,6100
2026-05-04,user004@example.com,25601
2026-05-04,user005@example.com,11572
2026-05-04,user006@example.com,31197
2026-05-04,user007@example.com,52665
2026-05-04,user008@example.com,4583
2026-05-04,user009@example.com,17012
2026-05-04,user010@example.com,3376
2026-05-04,user011@example.com,35327
2026-05-04,user012@example.com,4086
2026-05-04,user013@example.com,4295
2026-05-04,user014@example.com,18878
2026-05-04,user015@example.com,18279
2026-05-04,user016@example.com,29372
2026-05-04,user017@example.com,36596
2026-05-04,user018@example.com,13596
2026-05-04,user019@example.com,15312
2026-05-04,user020@example.com,11245
2026-05-04,user021@example.com,25377
2026-05-04,user022@example.com,63123
2026-05-04,user023@example.com,11207
2026-05-04,user024@example.com,16390
2026-05-04,user025@example.com,15497
2026-05-04,user026@example.com,5046
2026-05-04,user027@example.com,21380
2026-05-04,user028@example.com,22655
2026-05-04,user029@example.com,8815
2026-05-04,user030@example.com,35965
2026-05-04,user031@example.com,18365
2026-05-04,user032@example.com,17133
2026-05-04,user033@example.com,38820
2026-05-04,user034@example.com,2964
2026-05-04,user035@example.com,6049
2026-05-04,user036@example.com,3080
2026-05-04,user037@example.com,24950
2026-05-04,user038@example.com,64266
2026-05-04,user039@example.com,9672
2026-05-04,user040@example.com,11266
2026-05-04,user041@example.com,32816
2026-05-04,user042@example.com,24364
2026-05-04,user043@example.com,81540
2026-05-04,user044@example.com,5367
2026-05-04,user045@example.com,8511
2026-05-04,user046@example.com,2311
2026-05-04,user047@example.com,14956
2026-05-04,user048@example.com,24136
2026-05-04,user049@example.com,17461
2026-05-04,user050@example.com,9612
2026-05-04,user051@example.com,3085
2026-05-04,user052@example.com,6890
2026-05-04,user053@example.com,4783
2026-05-04,user054@example.com,5178
2026-05-04,user055@example.com,19068
2026-05-04,user056@example.com,6790
2026-05-04,user057@example.com,38072
2026-05-04,user058@example.com,20002
2026-05-04,user059@example.com,43411
2026-05-04,user060@example.com,10901
2026-05-04,user061@example.com,15142
2026-05-04,user062@example.com,21287
2026-05-04,user063@example.com,5638
2026-05-04,user064@example.com,24723
2026-05-04,user065@example.com,13181
2026-05-04,user066@example.com,10836
2026-05-04,user067@example.com,53664
2026-05-04,user068@example.com,3142
2026-05-04,user069@example.com,42256
2026-05-04,user070@example.com,6891
2026-05-04,user071@example.com,3003
2026-05-04,user072@example.com,15102
2026-05-04,user073@example.com,58186
2026-05-04,user074@example.com,5481
2026-05-04,user075@example.com,3239
2026-05-04,user076@example.com,6490
2026-05-04,user077@example.com,8105
2026-05-04,user078@example.com,43214
2026-05-04,user079@example.com,16837
2026-05-04,user080@example.com,29087
2026-05-04,user081@example.com,5383
2026-05-04,user082@example.com,20586
2026-05-04,user083@example.com,9522
2026-05-04,user084@example.com,56021
2026-05-04,user085@example.com,6943
2026-05-04,user086@example.com,29188
2026-05-04,user087@example.com,4770
2026-05-04,user088@example.com,16854
2026-05-04,user089@example.com,6237
2026-05-04,user090@example.com,10747
2026-05-04,user091@example.com,35809
2026-05-04,user092@example.com,7751
2026-05-04,user093@example.com,8874
2026-05-04,user094@example.com,25555
2026-05-04,user095@example.com,5818
2026-05-04,user096@example.com,9421
2026-05-04,user097@example.com,25626
2026-05-04,user098@example.com,18832
2026-05-04,user099@example.com,64426
2026-05-04,user100@example.com,56142
2026-05-05,user001@example.com,30661
2026-05-05,user002@example.com,14145
2026-05-05,user003@example.com,15286
2026-05-05,user004@example.com,25554
2026-05-05,user005@example.com,26678
2026-05-05,user006@example.com,31603
2026-05-05,user007@example.com,118133
2026-05-05,user008@example.com,18357
2026-05-05,user009@example.com,32831
2026-05-05,user010@example.com,8061
2026-05-05,user011@example.com,107050
2026-05-05,user012@example.com,26181
2026-05-05,user013@example.com,12633
2026-05-05,user014@example.com,66076
2026-05-05,user015@example.com,37037
2026-05-05,user016@example.com,34586
2026-05-05,user017@example.com,38174
2026-05-05,user018@example.com,26314
2026-05-05,user019@example.com,49423
2026-05-05,user020@example.com,23970
2026-05-05,user021@example.com,45695
2026-05-05,user022@example.com,211662
2026-05-05,user023@example.com,40754
2026-05-05,user024@example.com,31752
2026-05-05,user025@example.com,34656
2026-05-05,user026@example.com,6765
2026-05-05,user027@example.com,42864
2026-05-05,user028@example.com,30858
2026-05-05,user029@example.com,45361
2026-05-05,user030@example.com,127322
2026-05-05,user031@example.com,33064
2026-05-05,user032@example.com,47864
2026-05-05,user033@example.com,74341
2026-05-05,user034@example.com,16848
2026-05-05,user035@example.com,6433
2026-05-05,user036@example.com,10066
2026-05-05,user037@example.com,49379
2026-05-05,user038@example.com,170033
2026-05-05,user039@example.com,13144
2026-05-05,user040@example.com,28391
2026-05-05,user041@example.com,114515
2026-05-05,user042@example.com,116854
2026-05-05,user043@example.com,173050
2026-05-05,user044@example.com,13463
2026-05-05,user045@example.com,29014
2026-05-05,user046@example.com,8039
2026-05-05,user047@example.com,40085
2026-05-05,user048@example.com,35827
2026-05-05,user049@example.com,36339
2026-05-05,user050@example.com,36429
2026-05-05,user051@example.com,6640
2026-05-05,user052@example.com,25997
2026-05-05,user053@example.com,16497
2026-05-05,user054@example.com,13988
2026-05-05,user055@example.com,28986
2026-05-05,user056@example.com,7949
2026-05-05,user057@example.com,179194
2026-05-05,user058@example.com,63625
2026-05-05,user059@example.com,108580
2026-05-05,user060@example.com,16945
2026-05-05,user061@example.com,42367
2026-05-05,user062@example.com,62616
2026-05-05,user063@example.com,8566
2026-05-05,user064@example.com,36835
2026-05-05,user065@example.com,21457
2026-05-05,user066@example.com,25705
2026-05-05,user067@example.com,145568
2026-05-05,user068@example.com,11551
2026-05-05,user069@example.com,110588
2026-05-05,user070@example.com,6482
2026-05-05,user071@example.com,8917
2026-05-05,user072@example.com,59274
2026-05-05,user073@example.com,113514
2026-05-05,user074@example.com,20834
2026-05-05,user075@example.com,10098
2026-05-05,user076@example.com,5536
2026-05-05,user077@example.com,19582
2026-05-05,user078@example.com,156736
2026-05-05,user079@example.com,40894
2026-05-05,user080@example.com,50090
2026-05-05,user081@example.com,9688
2026-05-05,user082@example.com,55746
2026-05-05,user083@example.com,29359
2026-05-05,user084@example.com,83569
2026-05-05,user085@example.com,28108
2026-05-05,user086@example.com,30528
2026-05-05,user087@example.com,14088
2026-05-05,user088@example.com,42224
2026-05-05,user089@example.com,9440
2026-05-05,user090@example.com,24891
2026-05-05,user091@example.com,116437
2026-05-05,user092@example.com,14423
2026-05-05,user093@example.com,7063
2026-05-05,user094@example.com,40354
2026-05-05,user095@example.com,5812
2026-05-05,user096@example.com,36370
2026-05-05,user097@example.com,62496
2026-05-05,user098@example.com,24328
2026-05-05,user099@example.com,181137
2026-05-05,user100@example.com,57277
2026-05-06,user001@example.com,61894
2026-05-06,user002@example.com,17352
2026-05-06,user003@example.com,8876
2026-05-06,user004@example.com,34569
2026-05-06,user005@example.com,35447
2026-05-06,user006@example.com,31274
2026-05-06,user007@example.com,170649
2026-05-06,user008@example.com,24143
2026-05-06,user009@example.com,40362
2026-05-06,user010@example.com,9347
2026-05-06,user011@example.com,171937
2026-05-06,user012@example.com,19404
2026-05-06,user013@example.com,7824
2026-05-06,user014@example.com,61531
2026-05-06,user015@example.com,20887
2026-05-06,user016@example.com,58681
2026-05-06,user017@example.com,45376
2026-05-06,user018@example.com,133088
2026-05-06,user019@example.com,86162
2026-05-06,user020@example.com,23746
2026-05-06,user021@example.com,36117
2026-05-06,user022@example.com,229800
2026-05-06,user023@example.com,61926
2026-05-06,user024@example.com,60187
2026-05-06,user025@example.com,48640
2026-05-06,user026@example.com,10019
2026-05-06,user027@example.com,53231
2026-05-06,user028@example.com,41690
2026-05-06,user029@example.com,69621
2026-05-06,user030@example.com,104007
2026-05-06,user031@example.com,39714
2026-05-06,user032@example.com,79943
2026-05-06,user033@example.com,66970
2026-05-06,user034@example.com,16760
2026-05-06,user035@example.com,9879
2026-05-06,user036@example.com,18758
2026-05-06,user037@example.com,35444
2026-05-06,user038@example.com,236781
2026-05-06,user039@example.com,15439
2026-05-06,user040@example.com,37238
2026-05-06,user041@example.com,188059
2026-05-06,user042@example.com,73645
2026-05-06,user043@example.com,157944
2026-05-06,user044@example.com,16368
2026-05-06,user045@example.com,26495
2026-05-06,user046@example.com,10357
2026-05-06,user047@example.com,47113
2026-05-06,user048@example.com,46343
2026-05-06,user049@example.com,22761
2026-05-06,user050@example.com,36465
2026-05-06,user051@example.com,10023
2026-05-06,user052@example.com,15692
2026-05-06,user053@example.com,14827
2026-05-06,user054@example.com,9105
2026-05-06,user055@example.com,61649
2026-05-06,user056@example.com,10090
2026-05-06,user057@example.com,167734
2026-05-06,user058@example.com,33575
2026-05-06,user059@example.com,151634
2026-05-06,user060@example.com,50991
2026-05-06,user061@example.com,51538
2026-05-06,user062@example.com,81618
2026-05-06,user063@example.com,16623
2026-05-06,user064@example.com,45475
2026-05-06,user065@example.com,18890
2026-05-06,user066@example.com,33427
2026-05-06,user067@example.com,162532
2026-05-06,user068@example.com,19818
2026-05-06,user069@example.com,167565
2026-05-06,user070@example.com,16092
2026-05-06,user071@example.com,15906
2026-05-06,user072@example.com,51584
2026-05-06,user073@example.com,73246
2026-05-06,user074@example.com,24420
2026-05-06,user075@example.com,14729
2026-05-06,user076@example.com,6484
2026-05-06,user077@example.com,29936
2026-05-06,user078@example.com,156939
2026-05-06,user079@example.com,54538
2026-05-06,user080@example.com,161067
2026-05-06,user081@example.com,16746
2026-05-06,user082@example.com,76016
2026-05-06,user083@example.com,55550
2026-05-06,user084@example.com,186574
2026-05-06,user085@example.com,27281
2026-05-06,user086@example.com,35179
2026-05-06,user087@example.com,12872
2026-05-06,user088@example.com,41893
2026-05-06,user089@example.com,13226
2026-05-06,user090@example.com,25124
2026-05-06,user091@example.com,109732
2026-05-06,user092@example.com,15759
2026-05-06,user093@example.com,16368
2026-05-06,user094@example.com,29219
2026-05-06,user095@example.com,8797
2026-05-06,user096@example.com,37555
2026-05-06,user097@example.com,54285
2026-05-06,user098@example.com,44315
2026-05-06,user099@example.com,86336
2026-05-06,user100@example.com,103692
2026-05-07,user001@example.com,35731
2026-05-07,user002@example.com,16662
2026-05-07,user003@example.com,15685
2026-05-07,user004@example.com,43939
2026-05-07,user005@example.com,29470
2026-05-07,user006@example.com,30085
2026-05-07,user007@example.com,178342
2026-05-07,user008@example.com,6278
2026-05-07,user009@example.com,29949
2026-05-07,user010@example.com,12668
2026-05-07,user011@example.com,35116
2026-05-07,user012@example.com,13349
2026-05-07,user013@example.com,16435
2026-05-07,user014@example.com,39631
2026-05-07,user015@example.com,21630
2026-05-07,user016@example.com,29805
2026-05-07,user017@example.com,42479
2026-05-07,user018@example.com,37792
2026-05-07,user019@example.com,32236
2026-05-07,user020@example.com,36740
2026-05-07,user021@example.com,46876
2026-05-07,user022@example.com,133803
2026-05-07,user023@example.com,23012
2026-05-07,user024@example.com,34088
2026-05-07,user025@example.com,23369
2026-05-07,user026@example.com,9916
2026-05-07,user027@example.com,33778
2026-05-07,user028@example.com,28562
2026-05-07,user029@example.com,48960
2026-05-07,user030@example.com,100979
2026-05-07,user031@example.com,22915
2026-05-07,user032@example.com,30144
2026-05-07,user033@example.com,344190
2026-05-07,user034@example.com,15709
2026-05-07,user035@example.com,6620
2026-05-07,user036@example.com,11261
2026-05-07,user037@example.com,46019
2026-05-07,user038@example.com,147711
2026-05-07,user039@example.com,12627
2026-05-07,user040@example.com,25733
2026-05-07,user041@example.com,79843
2026-05-07,user042@example.com,28963
2026-05-07,user043@example.com,214880
2026-05-07,user044@example.com,8589
2026-05-07,user045@example.com,15484
2026-05-07,user046@example.com,7711
2026-05-07,user047@example.com,34332
2026-05-07,user048@example.com,36716
2026-05-07,user049@example.com,52091
2026-05-07,user050@example.com,35311
2026-05-07,user051@example.com,11049
2026-05-07,user052@example.com,12598
2026-05-07,user053@example.com,11094
2026-05-07,user054@example.com,13775
2026-05-07,user055@example.com,13472
2026-05-07,user056@example.com,10144
2026-05-07,user057@example.com,84183
2026-05-07,user058@example.com,76357
2026-05-07,user059@example.com,103662
2026-05-07,user060@example.com,23363
2026-05-07,user061@example.com,21757
2026-05-07,user062@example.com,38557
2026-05-07,user063@example.com,24169
2026-05-07,user064@example.com,56906
2026-05-07,user065@example.com,14491
2026-05-07,user066@example.com,48224
2026-05-07,user067@example.com,212874
2026-05-07,user068@example.com,9881
2026-05-07,user069@example.com,132962
2026-05-07,user070@example.com,7231
2026-05-07,user071@example.com,16571
2026-05-07,user072@example.com,36377
2026-05-07,user073@example.com,114761
2026-05-07,user074@example.com,10280
2026-05-07,user075@example.com,4402
2026-05-07,user076@example.com,17891
2026-05-07,user077@example.com,9270
2026-05-07,user078@example.com,117778
2026-05-07,user079@example.com,22265
2026-05-07,user080@example.com,63218
2026-05-07,user081@example.com,9630
2026-05-07,user082@example.com,36015
2026-05-07,user083@example.com,45909
2026-05-07,user084@example.com,108696
2026-05-07,user085@example.com,37406
2026-05-07,user086@example.com,45878
2026-05-07,user087@example.com,11417
2026-05-07,user088@example.com,38404
2026-05-07,user089@example.com,12734
2026-05-07,user090@example.com,30958
2026-05-07,user091@example.com,83500
2026-05-07,user092@example.com,14984
2026-05-07,user093@example.com,10015
2026-05-07,user094@example.com,42632
2026-05-07,user095@example.com,11449
2026-05-07,user096@example.com,35712
2026-05-07,user097@example.com,61440
2026-05-07,user098@example.com,48153
2026-05-07,user099@example.com,113170
2026-05-07,user100@example.com,81278
2026-05-08,user001@example.com,19152
2026-05-08,user002@example.com,21485
2026-05-08,user003@example.com,4046
2026-05-08,user004@example.com,39040
2026-05-08,user005@example.com,36524
2026-05-08,user006@example.com,17371
2026-05-08,user007@example.com,158509
2026-05-08,user008@example.com,8446
2026-05-08,user009@example.com,35376
2026-05-08,user010@example.com,9949
2026-05-08,user011@example.com,87527
2026-05-08,user012@example.com,6761
2026-05-08,user013@example.com,7615
2026-05-08,user014@example.com,56626
2026-05-08,user015@example.com,28667
2026-05-08,user016@example.com,51627
2026-05-08,user017@example.com,85147
2026-05-08,user018@example.com,32600
2026-05-08,user019@example.com,96663
2026-05-08,user020@example.com,24711
2026-05-08,user021@example.com,19990
2026-05-08,user022@example.com,110401
2026-05-08,user023@example.com,16681
2026-05-08,user024@example.com,70637
2026-05-08,user025@example.com,42812
2026-05-08,user026@example.com,5724
2026-05-08,user027@example.com,43627
2026-05-08,user028@example.com,38001
2026-05-08,user029@example.com,28759
2026-05-08,user030@example.com,38660
2026-05-08,user031@example.com,26011
2026-05-08,user032@example.com,42227
2026-05-08,user033@example.com,93562
2026-05-08,user034@example.com,12691
2026-05-08,user035@example.com,11784
2026-05-08,user036@example.com,7345
2026-05-08,user037@example.com,50154
2026-05-08,user038@example.com,138238
2026-05-08,user039@example.com,14252
2026-05-08,user040@example.com,19759
2026-05-08,user041@example.com,84468
2026-05-08,user042@example.com,57230
2026-05-08,user043@example.com,72216
2026-05-08,user044@example.com,18268
2026-05-08,user045@example.com,40436
2026-05-08,user046@example.com,6340
2026-05-08,user047@example.com,50563
2026-05-08,user048@example.com,46012
2026-05-08,user049@example.com,33253
2026-05-08,user050@example.com,28998
2026-05-08,user051@example.com,8645
2026-05-08,user052@example.com,8244
2026-05-08,user053@example.com,12587
2026-05-08,user054@example.com,7987
2026-05-08,user055@example.com,34034
2026-05-08,user056@example.com,6457
2026-05-08,user057@example.com,130247
2026-05-08,user058@example.com,59408
2026-05-08,user059@example.com,139669
2026-05-08,user060@example.com,16790
2026-05-08,user061@example.com,19628
2026-05-08,user062@example.com,38308
2026-05-08,user063@example.com,12306
2026-05-08,user064@example.com,45626
2026-05-08,user065@example.com,18239
2026-05-08,user066@example.com,18608
2026-05-08,user067@example.com,152086
2026-05-08,user068@example.com,10057
2026-05-08,user069@example.com,249777
2026-05-08,user070@example.com,7238
2026-05-08,user071@example.com,15410
2026-05-08,user072@example.com,31368
2026-05-08,user073@example.com,61802
2026-05-08,user074@example.com,7931
2026-05-08,user075@example.com,10834
2026-05-08,user076@example.com,15099
2026-05-08,user077@example.com,10480
2026-05-08,user078@example.com,91228
2026-05-08,user079@example.com,26734
2026-05-08,user080@example.com,37903
2026-05-08,user081@example.com,10501
2026-05-08,user082@example.com,51085
2026-05-08,user083@example.com,36884
2026-05-08,user084@example.com,71918
2026-05-08,user085@example.com,43495
2026-05-08,user086@example.com,23477
2026-05-08,user087@example.com,16610
2026-05-08,user088@example.com,22088
2026-05-08,user089@example.com,10981
2026-05-08,user090@example.com,27130
2026-05-08,user091@example.com,91570
2026-05-08,user092@example.com,14547
2026-05-08,user093@example.com,12744
2026-05-08,user094@example.com,27097
2026-05-08,user095@example.com,7656
2026-05-08,user096@example.com,29137
2026-05-08,user097@example.com,51240
2026-05-08,user098@example.com,37691
2026-05-08,user099@example.com,75182
2026-05-08,user100@example.com,45054
2026-05-09,user001@example.com,12163
2026-05-09,user002@example.com,17298
2026-05-09,user003@example.com,13502
2026-05-09,user004@example.com,50984
2026-05-09,user005@example.com,25720
2026-05-09,user006@example.com,12514
2026-05-09,user007@example.com,90715
2026-05-09,user008@example.com,10727
2026-05-09,user009@example.com,39793
2026-05-09,user010@example.com,6232
2026-05-09,user011@example.com,87614
2026-05-09,user012@example.com,13046
2026-05-09,user013@example.com,10542
2026-05-09,user014@example.com,30344
2026-05-09,user015@example.com,32575
2026-05-09,user016@example.com,22705
2026-05-09,user017@example.com,27963
2026-05-09,user018@example.com,26456
2026-05-09,user019@example.com,33593
2026-05-09,user020@example.com,32711
2026-05-09,user021@example.com,26011
2026-05-09,user022@example.com,121743
2026-05-09,user023@example.com,22382
2026-05-09,user024@example.com,49959
2026-05-09,user025@example.com,18387
2026-05-09,user026@example.com,7435
2026-05-09,user027@example.com,74790
2026-05-09,user028@example.com,41404
2026-05-09,user029@example.com,21465
2026-05-09,user030@example.com,36268
2026-05-09,user031@example.com,25812
2026-05-09,user032@example.com,29142
2026-05-09,user033@example.com,126817
2026-05-09,user034@example.com,11233
2026-05-09,user035@example.com,7139
2026-05-09,user036@example.com,6012
2026-05-09,user037@example.com,81951
2026-05-09,user038@example.com,273325
2026-05-09,user039@example.com,10040
2026-05-09,user040@example.com,26139
2026-05-09,user041@example.com,79672
2026-05-09,user042@example.com,40679
2026-05-09,user043@example.com,75530
2026-05-09,user044@example.com,7572
2026-05-09,user045@example.com,15524
2026-05-09,user046@example.com,8873
2026-05-09,user047@example.com,37142
2026-05-09,user048@example.com,14054
2026-05-09,user049@example.com,44344
2026-05-09,user050@example.com,22793
2026-05-09,user051@example.com,12336
2026-05-09,user052@example.com,14807
2026-05-09,user053@example.com,6024
2026-05-09,user054@example.com,5071
2026-05-09,user055@example.com,17958
2026-05-09,user056@example.com,6186
2026-05-09,user057@example.com,180761
2026-05-09,user058@example.com,34542
2026-05-09,user059@example.com,164600
2026-05-09,user060@example.com,14530
2026-05-09,user061@example.com,37011
2026-05-09,user062@example.com,57339
2026-05-09,user063@example.com,4986
2026-05-09,user064@example.com,60292
2026-05-09,user065@example.com,23868
2026-05-09,user066@example.com,30283
2026-05-09,user067@example.com,96001
2026-05-09,user068@example.com,15792
2026-05-09,user069@example.com,73088
2026-05-09,user070@example.com,9015
2026-05-09,user071@example.com,10261
2026-05-09,user072@example.com,31678
2026-05-09,user073@example.com,202338
2026-05-09,user074@example.com,12003
2026-05-09,user075@example.com,8470
2026-05-09,user076@example.com,4511
2026-05-09,user077@example.com,27266
2026-05-09,user078@example.com,65835
2026-05-09,user079@example.com,54326
2026-05-09,user080@example.com,47566
2026-05-09,user081@example.com,6199
2026-05-09,user082@example.com,58714
2026-05-09,user083@example.com,49647
2026-05-09,user084@example.com,70936
2026-05-09,user085@example.com,33835
2026-05-09,user086@example.com,38058
2026-05-09,user087@example.com,9357
2026-05-09,user088@example.com,60632
2026-05-09,user089@example.com,6647
2026-05-09,user090@example.com,18563
2026-05-09,user091@example.com,91056
2026-05-09,user092@example.com,9638
2026-05-09,user093@example.com,11083
2026-05-09,user094@example.com,41291
2026-05-09,user095@example.com,6311
2026-05-09,user096@example.com,35329
2026-05-09,user097@example.com,41128
2026-05-09,user098@example.com,37576
2026-05-09,user099@example.com,165338
2026-05-09,user100@example.com,88856
2026-05-10,user001@example.com,20173
2026-05-10,user002@example.com,5044
2026-05-10,user003@example.com,7047
2026-05-10,user004@example.com,16194
2026-05-10,user005@example.com,8560
2026-05-10,user006@example.com,14941
2026-05-10,user007@example.com,54950
2026-05-10,user008@example.com,7735
2026-05-10,user009@example.com,29290
2026-05-10,user010@example.com,2008
2026-05-10,user011@example.com,33440
2026-05-10,user012@example.com,4523
2026-05-10,user013@example.com,4988
2026-05-10,user014@example.com,25827
2026-05-10,user015@example.com,12316
2026-05-10,user016@example.com,12463
2026-05-10,user017@example.com,40754
2026-05-10,user018@example.com,8975
2026-05-10,user019@example.com,33956
2026-05-10,user020@example.com,11080
2026-05-10,user021@example.com,14907
2026-05-10,user022@example.com,62701
2026-05-10,user023@example.com,34508
2026-05-10,user024@example.com,14315
2026-05-10,user025@example.com,13460
2026-05-10,user026@example.com,5374
2026-05-10,user027@example.com,14711
2026-05-10,user028@example.com,14573
2026-05-10,user029@example.com,20910
2026-05-10,user030@example.com,28668
2026-05-10,user031@example.com,11516
2026-05-10,user032@example.com,22874
2026-05-10,user033@example.com,73625
2026-05-10,user034@example.com,5697
2026-05-10,user035@example.com,5702
2026-05-10,user036@example.com,3151
2026-05-10,user037@example.com,16681
2026-05-10,user038@example.com,115106
2026-05-10,user039@example.com,5102
2026-05-10,user040@example.com,8473
2026-05-10,user041@example.com,24287
2026-05-10,user042@example.com,37666
2026-05-10,user043@example.com,52047
2026-05-10,user044@example.com,5878
2026-05-10,user045@example.com,12679
2026-05-10,user046@example.com,6370
2026-05-10,user047@example.com,24279
2026-05-10,user048@example.com,45678
2026-05-10,user049@example.com,23079
2026-05-10,user050@example.com,19440
2026-05-10,user051@example.com,5923
2026-05-10,user052@example.com,7445
2026-05-10,user053@example.com,4775
2026-05-10,user054@example.com,7215
2026-05-10,user055@example.com,16025
2026-05-10,user056@example.com,3657
2026-05-10,user057@example.com,79931
2026-05-10,user058@example.com,30995
2026-05-10,user059@example.com,132566
2026-05-10,user060@example.com,18078
2026-05-10,user061@example.com,29407
2026-05-10,user062@example.com,20743
2026-05-10,user063@example.com,7498
2026-05-10,user064@example.com,35185
2026-05-10,user065@example.com,9796
2026-05-10,user066@example.com,12926
2026-05-10,user067@example.com,138546
2026-05-10,user068@example.com,4169
2026-05-10,user069@example.com,40173
2026-05-10,user070@example.com,6674
2026-05-10,user071@example.com,6793
2026-05-10,user072@example.com,30075
2026-05-10,user073@example.com,57721
2026-05-10,user074@example.com,5509
2026-05-10,user075@example.com,4315
2026-05-10,user076@example.com,7769
2026-05-10,user077@example.com,8198
2026-05-10,user078@example.com,125219
2026-05-10,user079@example.com,16085
2026-05-10,user080@example.com,38833
2026-05-10,user081@example.com,3921
2026-05-10,user082@example.com,17684
2026-05-10,user083@example.com,19060
2026-05-10,user084@example.com,74341
2026-05-10,user085@example.com,16106
2026-05-10,user086@example.com,32750
2026-05-10,user087@example.com,8872
2026-05-10,user088@example.com,30075
2026-05-10,user089@example.com,6573
2026-05-10,user090@example.com,24120
2026-05-10,user091@example.com,103457
2026-05-10,user092@example.com,9081
2026-05-10,user093@example.com,4144
2026-05-10,user094@example.com,18175
2026-05-10,user095@example.com,4315
2026-05-10,user096@example.com,17975
2026-05-10,user097@example.com,33014
2026-05-10,user098@example.com,23624
2026-05-10,user099@example.com,64396
2026-05-10,user100@example.com,31296
2026-05-11,user001@example.com,14459
2026-05-11,user002@example.com,11837
2026-05-11,user003@example.com,6875
2026-05-11,user004@example.com,21780
2026-05-11,user005@example.com,15765
2026-05-11,user006@example.com,11036
2026-05-11,user007@example.com,51769
2026-05-11,user008@example.com,3703
2026-05-11,user009@example.com,17288
2026-05-11,user010@example.com,2765
2026-05-11,user011@example.com,55944
2026-05-11,user012@example.com,5236
2026-05-11,user013@example.com,3632
2026-05-11,user014@example.com,35652
2026-05-11,user015@example.com,9389
2026-05-11,user016@example.com,13259
2026-05-11,user017@example.com,24833
2026-05-11,user018@example.com,11079
2026-05-11,user019@example.com,27836
2026-05-11,user020@example.com,13742
2026-05-11,user021@example.com,21680
2026-05-11,user022@example.com,48762
2026-05-11,user023@example.com,17074
2026-05-11,user024@example.com,18314
2026-05-11,user025@example.com,12059
2026-05-11,user026@example.com,2202
2026-05-11,user027@example.com,22043
2026-05-11,user028@example.com,10011
2026-05-11,user029@example.com,20477
2026-05-11,user030@example.com,15224
2026-05-11,user031@example.com,6572
2026-05-11,user032@example.com,28239
2026-05-11,user033@example.com,39724
2026-05-11,user034@example.com,3728
2026-05-11,user035@example.com,5002
2026-05-11,user036@example.com,4109
2026-05-11,user037@example.com,28774
2026-05-11,user038@example.com,45385
2026-05-11,user039@example.com,13458
2026-05-11,user040@example.com,8898
2026-05-11,user041@example.com,67492
2026-05-11,user042@example.com,20755
2026-05-11,user043@example.com,26958
2026-05-11,user044@example.com,6238
2026-05-11,user045@example.com,12276
2026-05-11,user046@example.com,2537
2026-05-11,user047@example.com,15354
2026-05-11,user048@example.com,16351
2026-05-11,user049@example.com,20416
2026-05-11,user050@example.com,4631
2026-05-11,user051@example.com,5299
2026-05-11,user052@example.com,5201
2026-05-11,user053@example.com,3018
2026-05-11,user054@example.com,7324
2026-05-11,user055@example.com,10905
2026-05-11,user056@example.com,5610
2026-05-11,user057@example.com,72094
2026-05-11,user058@example.com,16484
2026-05-11,user059@example.com,49944
2026-05-11,user060@example.com,13018
2026-05-11,user061@example.com,10873
2026-05-11,user062@example.com,15734
2026-05-11,user063@example.com,5954
2026-05-11,user064@example.com,17173
2026-05-11,user065@example.com,11124
2026-05-11,user066@example.com,18397
2026-05-11,user067@example.com,59431
2026-05-11,user068@example.com,4835
2026-05-11,user069@example.com,42710
2026-05-11,user070@example.com,3729
2026-05-11,user071@example.com,4142
2026-05-11,user072@example.com,29064
2026-05-11,user073@example.com,39278
2026-05-11,user074@example.com,4488
2026-05-11,user075@example.com,4231
2026-05-11,user076@example.com,4003
2026-05-11,user077@example.com,4503
2026-05-11,user078@example.com,75995
2026-05-11,user079@example.com,9968
2026-05-11,user080@example.com,42200
2026-05-11,user081@example.com,2353
2026-05-11,user082@example.com,41027
2026-05-11,user083@example.com,9604
2026-05-11,user084@example.com,78856
2026-05-11,user085@example.com,10685
2026-05-11,user086@example.com,11052
2026-05-11,user087@example.com,6599
2026-05-11,user088@example.com,20574
2026-05-11,user089@example.com,3838
2026-05-11,user090@example.com,8265
2026-05-11,user091@example.com,46007
2026-05-11,user092@example.com,3401
2026-05-11,user093@example.com,3921
2026-05-11,user094@example.com,52359
2026-05-11,user095@example.com,2284
2026-05-11,user096@example.com,18778
2026-05-11,user097@example.com,17273
2026-05-11,user098@example.com,19709
2026-05-11,user099@example.com,66246
2026-05-11,user100@example.com,47610
2026-05-12,user001@example.com,26619
2026-05-12,user002@example.com,28188
2026-05-12,user003@example.com,8893
2026-05-12,user004@example.com,44549
2026-05-12,user005@example.com,27222
2026-05-12,user006@example.com,19279
2026-05-12,user007@example.com,127148
2026-05-12,user008@example.com,11564
2026-05-12,user009@example.com,35283
2026-05-12,user010@example.com,17122
2026-05-12,user011@example.com,62093
2026-05-12,user012@example.com,21233
2026-05-12,user013@example.com,14750
2026-05-12,user014@example.com,40843
2026-05-12,user015@example.com,18456
2026-05-12,user016@example.com,21819
2026-05-12,user017@example.com,40192
2026-05-12,user018@example.com,20058
2026-05-12,user019@example.com,28887
2026-05-12,user020@example.com,14869
2026-05-12,user021@example.com,45731
2026-05-12,user022@example.com,174491
2026-05-12,user023@example.com,49340
2026-05-12,user024@example.com,50436
2026-05-12,user025@example.com,26486
2026-05-12,user026@example.com,13884
2026-05-12,user027@example.com,38908
2026-05-12,user028@example.com,38899
2026-05-12,user029@example.com,53308
2026-05-12,user030@example.com,45888
2026-05-12,user031@example.com,84395
2026-05-12,user032@example.com,48666
2026-05-12,user033@example.com,114868
2026-05-12,user034@example.com,18585
2026-05-12,user035@example.com,10036
2026-05-12,user036@example.com,8438
2026-05-12,user037@example.com,50426
2026-05-12,user038@example.com,64562
2026-05-12,user039@example.com,9851
2026-05-12,user040@example.com,29940
2026-05-12,user041@example.com,97274
2026-05-12,user042@example.com,73875
2026-05-12,user043@example.com,104785
2026-05-12,user044@example.com,7366
2026-05-12,user045@example.com,36163
2026-05-12,user046@example.com,13766
2026-05-12,user047@example.com,65980
2026-05-12,user048@example.com,35388
2026-05-12,user049@example.com,59155
2026-05-12,user050@example.com,82956
2026-05-12,user051@example.com,8669
2026-05-12,user052@example.com,8879
2026-05-12,user053@example.com,8901
2026-05-12,user054@example.com,14900
2026-05-12,user055@example.com,14246
2026-05-12,user056@example.com,8836
2026-05-12,user057@example.com,160536
2026-05-12,user058@example.com,64131
2026-05-12,user059@example.com,189357
2026-05-12,user060@example.com,33811
2026-05-12,user061@example.com,13393
2026-05-12,user062@example.com,66508
2026-05-12,user063@example.com,13991
2026-05-12,user064@example.com,44889
2026-05-12,user065@example.com,13634
2026-05-12,user066@example.com,21755
2026-05-12,user067@example.com,93412
2026-05-12,user068@example.com,5399
2026-05-12,user069@example.com,119587
2026-05-12,user070@example.com,5511
2026-05-12,user071@example.com,20871
2026-05-12,user072@example.com,45416
2026-05-12,user073@example.com,171899
2026-05-12,user074@example.com,6912
2026-05-12,user075@example.com,6052
2026-05-12,user076@example.com,8615
2026-05-12,user077@example.com,10226
2026-05-12,user078@example.com,94284
2026-05-12,user079@example.com,38028
2026-05-12,user080@example.com,67138
2026-05-12,user081@example.com,15941
2026-05-12,user082@example.com,55000
2026-05-12,user083@example.com,44322
2026-05-12,user084@example.com,144595
2026-05-12,user085@example.com,30957
2026-05-12,user086@example.com,27735
2026-05-12,user087@example.com,12560
2026-05-12,user088@example.com,39727
2026-05-12,user089@example.com,17945
2026-05-12,user090@example.com,37052
2026-05-12,user091@example.com,76555
2026-05-12,user092@example.com,18385
2026-05-12,user093@example.com,10210
2026-05-12,user094@example.com,41532
2026-05-12,user095@example.com,6173
2026-05-12,user096@example.com,26792
2026-05-12,user097@example.com,77047
2026-05-12,user098@example.com,38706
2026-05-12,user099@example.com,125513
2026-05-12,user100@example.com,43908
2026-05-13,user001@example.com,26188
2026-05-13,user002@example.com,13199
2026-05-13,user003@example.com,8356
2026-05-13,user004@example.com,42268
2026-05-13,user005@example.com,21972
2026-05-13,user006@example.com,30010
2026-05-13,user007@example.com,149868
2026-05-13,user008@example.com,7994
2026-05-13,user009@example.com,36484
2026-05-13,user010@example.com,7651
2026-05-13,user011@example.com,128829
2026-05-13,user012@example.com,15713
2026-05-13,user013@example.com,8860
2026-05-13,user014@example.com,48234
2026-05-13,user015@example.com,46416
2026-05-13,user016@example.com,40220
2026-05-13,user017@example.com,59645
2026-05-13,user018@example.com,49375
2026-05-13,user019@example.com,69437
2026-05-13,user020@example.com,37206
2026-05-13,user021@example.com,35583
2026-05-13,user022@example.com,208774
2026-05-13,user023@example.com,26229
2026-05-13,user024@example.com,24795
2026-05-13,user025@example.com,26977
2026-05-13,user026@example.com,8718
2026-05-13,user027@example.com,40708
2026-05-13,user028@example.com,51138
2026-05-13,user029@example.com,21855
2026-05-13,user030@example.com,61760
2026-05-13,user031@example.com,24626
2026-05-13,user032@example.com,27773
2026-05-13,user033@example.com,188494
2026-05-13,user034@example.com,7603
2026-05-13,user035@example.com,6060
2026-05-13,user036@example.com,11694
2026-05-13,user037@example.com,61738
2026-05-13,user038@example.com,75796
2026-05-13,user039@example.com,15535
2026-05-13,user040@example.com,28259
2026-05-13,user041@example.com,192586
2026-05-13,user042@example.com,56722
2026-05-13,user043@example.com,106322
2026-05-13,user044@example.com,9065
2026-05-13,user045@example.com,19678
2026-05-13,user046@example.com,6375
2026-05-13,user047@example.com,79573
2026-05-13,user048@example.com,38542
2026-05-13,user049@example.com,51125
2026-05-13,user050@example.com,43380
2026-05-13,user051@example.com,3728
2026-05-13,user052@example.com,22471
2026-05-13,user053@example.com,11390
2026-05-13,user054@example.com,14247
2026-05-13,user055@example.com,19106
2026-05-13,user056@example.com,6535
2026-05-13,user057@example.com,170430
2026-05-13,user058@example.com,88242
2026-05-13,user059@example.com,173825
2026-05-13,user060@example.com,39763
2026-05-13,user061@example.com,27284
2026-05-13,user062@example.com,39913
2026-05-13,user063@example.com,8499
2026-05-13,user064@example.com,35359
2026-05-13,user065@example.com,12447
2026-05-13,user066@example.com,22642
2026-05-13,user067@example.com,118049
2026-05-13,user068@example.com,10505
2026-05-13,user069@example.com,128124
2026-05-13,user070@example.com,8454
2026-05-13,user071@example.com,8467
2026-05-13,user072@example.com,40176
2026-05-13,user073@example.com,56189
2026-05-13,user074@example.com,10003
2026-05-13,user075@example.com,5299
2026-05-13,user076@example.com,10019
2026-05-13,user077@example.com,19744
2026-05-13,user078@example.com,155153
2026-05-13,user079@example.com,54673
2026-05-13,user080@example.com,71074
2026-05-13,user081@example.com,7089
2026-05-13,user082@example.com,37913
2026-05-13,user083@example.com,22596
2026-05-13,user084@example.com,173129
2026-05-13,user085@example.com,24019
2026-05-13,user086@example.com,18865
2026-05-13,user087@example.com,10755
2026-05-13,user088@example.com,28276
2026-05-13,user089@example.com,12420
2026-05-13,user090@example.com,37100
2026-05-13,user091@example.com,75353
2026-05-13,user092@example.com,6528
2026-05-13,user093@example.com,10455
2026-05-13,user094@example.com,39716
2026-05-13,user095@example.com,6883
2026-05-13,user096@example.com,23427
2026-05-13,user097@example.com,53138
2026-05-13,user098@example.com,39198
2026-05-13,user099@example.com,121292
2026-05-13,user100@example.com,86045
2026-05-14,user001@example.com,24924
2026-05-14,user002@example.com,12025
2026-05-14,user003@example.com,17977
2026-05-14,user004@example.com,50649
2026-05-14,user005@example.com,33857
2026-05-14,user006@example.com,44496
2026-05-14,user007@example.com,171407
2026-05-14,user008@example.com,15347
2026-05-14,user009@example.com,23960
2026-05-14,user010@example.com,7940
2026-05-14,user011@example.com,79262
2026-05-14,user012@example.com,25650
2026-05-14,user013@example.com,15343
2026-05-14,user014@example.com,33399
2026-05-14,user015@example.com,28881
2026-05-14,user016@example.com,30721
2026-05-14,user017@example.com,57314
2026-05-14,user018@example.com,26619
2026-05-14,user019@example.com,47237
2026-05-14,user020@example.com,23404
2026-05-14,user021@example.com,31981
2026-05-14,user022@example.com,110656
2026-05-14,user023@example.com,30981
2026-05-14,user024@example.com,62803
2026-05-14,user025@example.com,17544
2026-05-14,user026@example.com,6001
2026-05-14,user027@example.com,48013
2026-05-14,user028@example.com,29021
2026-05-14,user029@example.com,30551
2026-05-14,user030@example.com,76704
2026-05-14,user031@example.com,17107
2026-05-14,user032@example.com,34354
2026-05-14,user033@example.com,227599
2026-05-14,user034@example.com,14266
2026-05-14,user035@example.com,5692
2026-05-14,user036@example.com,9780
2026-05-14,user037@example.com,59625
2026-05-14,user038@example.com,157070
2026-05-14,user039@example.com,11617
2026-05-14,user040@example.com,35677
2026-05-14,user041@example.com,41398
2026-05-14,user042@example.com,33778
2026-05-14,user043@example.com,117449
2026-05-14,user044@example.com,13632
2026-05-14,user045@example.com,18423
2026-05-14,user046@example.com,9252
2026-05-14,user047@example.com,39298
2026-05-14,user048@example.com,34510
2026-05-14,user049@example.com,59611
2026-05-14,user050@example.com,34843
2026-05-14,user051@example.com,5960
2026-05-14,user052@example.com,9849
2026-05-14,user053@example.com,9603
2026-05-14,user054@example.com,12033
2026-05-14,user055@example.com,20135
2026-05-14,user056@example.com,12162
2026-05-14,user057@example.com,161023
2026-05-14,user058@example.com,43830
2026-05-14,user059@example.com,77971
2026-05-14,user060@example.com,38142
2026-05-14,user061@example.com,10796
2026-05-14,user062@example.com,65459
2026-05-14,user063@example.com,15381
2026-05-14,user064@example.com,35795
2026-05-14,user065@example.com,39577
2026-05-14,user066@example.com,28337
2026-05-14,user067@example.com,145738
2026-05-14,user068@example.com,12489
2026-05-14,user069@example.com,370526
2026-05-14,user070@example.com,11835
2026-05-14,user071@example.com,10799
2026-05-14,user072@example.com,35518
2026-05-14,user073@example.com,116618
2026-05-14,user074@example.com,9137
2026-05-14,user075@example.com,9858
2026-05-14,user076@example.com,8876
2026-05-14,user077@example.com,9618
2026-05-14,user078@example.com,114096
2026-05-14,user079@example.com,30934
2026-05-14,user080@example.com,77953
2026-05-14,user081@example.com,6255
2026-05-14,user082@example.com,49360
2026-05-14,user083@example.com,49446
2026-05-14,user084@example.com,119229
2026-05-14,user085@example.com,22107
2026-05-14,user086@example.com,31106
2026-05-14,user087@example.com,18199
2026-05-14,user088@example.com,25807
2026-05-14,user089@example.com,13306
2026-05-14,user090@example.com,40200
2026-05-14,user091@example.com,103285
2026-05-14,user092@example.com,14550
2026-05-14,user093@example.com,13872
2026-05-14,user094@example.com,48790
2026-05-14,user095@example.com,9624
2026-05-14,user096@example.com,14267
2026-05-14,user097@example.com,28383
2026-05-14,user098@example.com,54049
2026-05-14,user099@example.com,71721
2026-05-14,user100@example.com,85091
2026-05-15,user001@example.com,25173
2026-05-15,user002@example.com,9889
2026-05-15,user003@example.com,12320
2026-05-15,user004@example.com,43918
2026-05-15,user005@example.com,52151
2026-05-15,user006@example.com,22882
2026-05-15,user007@example.com,232011
2026-05-15,user008@example.com,12331
2026-05-15,user009@example.com,32479
2026-05-15,user010@example.com,9612
2026-05-15,user011@example.com,101242
2026-05-15,user012@example.com,14192
2026-05-15,user013@example.com,11966
2026-05-15,user014@example.com,33215
2026-05-15,user015@example.com,18662
2026-05-15,user016@example.com,37146
2026-05-15,user017@example.com,44431
2026-05-15,user018@example.com,36341
2026-05-15,user019@example.com,45145
2026-05-15,user020@example.com,27339
2026-05-15,user021@example.com,17266
2026-05-15,user022@example.com,219848
2026-05-15,user023@example.com,38993
2026-05-15,user024@example.com,38131
2026-05-15,user025@example.com,28972
2026-05-15,user026@example.com,9022
2026-05-15,user027@example.com,62852
2026-05-15,user028@example.com,45117
2026-05-15,user029@example.com,52626
2026-05-15,user030@example.com,116608
2026-05-15,user031@example.com,38796
2026-05-15,user032@example.com,45428
2026-05-15,user033@example.com,73583
2026-05-15,user034@example.com,21403
2026-05-15,user035@example.com,6686
2026-05-15,user036@example.com,7037
2026-05-15,user037@example.com,26165
2026-05-15,user038@example.com,122719
2026-05-15,user039@example.com,12578
2026-05-15,user040@example.com,14661
2026-05-15,user041@example.com,97334
2026-05-15,user042@example.com,40364
2026-05-15,user043@example.com,279511
2026-05-15,user044@example.com,9782
2026-05-15,user045@example.com,21396
2026-05-15,user046@example.com,6114
2026-05-15,user047@example.com,75155
2026-05-15,user048@example.com,32803
2026-05-15,user049@example.com,31761
2026-05-15,user050@example.com,31911
2026-05-15,user051@example.com,5123
2026-05-15,user052@example.com,17442
2026-05-15,user053@example.com,20335
2026-05-15,user054@example.com,14557
2026-05-15,user055@example.com,31149
2026-05-15,user056@example.com,11262
2026-05-15,user057@example.com,254970
2026-05-15,user058@example.com,57079
2026-05-15,user059@example.com,139252
2026-05-15,user060@example.com,34188
2026-05-15,user061@example.com,20885
2026-05-15,user062@example.com,63055
2026-05-15,user063@example.com,7666
2026-05-15,user064@example.com,35999
2026-05-15,user065@example.com,8471
2026-05-15,user066@example.com,32772
2026-05-15,user067@example.com,111876
2026-05-15,user068@example.com,16083
2026-05-15,user069@example.com,136863
2026-05-15,user070@example.com,10771
2026-05-15,user071@example.com,5684
2026-05-15,user072@example.com,69112
2026-05-15,user073@example.com,227803
2026-05-15,user074@example.com,15600
2026-05-15,user075@example.com,9582
2026-05-15,user076@example.com,8814
2026-05-15,user077@example.com,11663
2026-05-15,user078@example.com,142287
2026-05-15,user079@example.com,24163
2026-05-15,user080@example.com,62788
2026-05-15,user081@example.com,4468
2026-05-15,user082@example.com,37563
2026-05-15,user083@example.com,46792
2026-05-15,user084@example.com,142493
2026-05-15,user085@example.com,25365
2026-05-15,user086@example.com,30225
2026-05-15,user087@example.com,7243
2026-05-15,user088@example.com,32805
2026-05-15,user089@example.com,9405
2026-05-15,user090@example.com,19784
2026-05-15,user091@example.com,102448
2026-05-15,user092@example.com,10370
2026-05-15,user093@example.com,8822
2026-05-15,user094@example.com,19717
2026-05-15,user095@example.com,6556
2026-05-15,user096@example.com,19458
2026-05-15,user097@example.com,49403
2026-05-15,user098@example.com,26792
2026-05-15,user099@example.com,123841
2026-05-15,user100@example.com,69084
2026-05-16,user001@example.com,48203
2026-05-16,user002@example.com,15726
2026-05-16,user003@example.com,5398
2026-05-16,user004@example.com,24788
2026-05-16,user005@example.com,23951
2026-05-16,user006@example.com,19389
2026-05-16,user007@example.com,46756
2026-05-16,user008@example.com,16483
2026-05-16,user009@example.com,49660
2026-05-16,user010@example.com,8222
2026-05-16,user011@example.com,63312
2026-05-16,user012@example.com,15347
2026-05-16,user013@example.com,8031
2026-05-16,user014@example.com,41463
2026-05-16,user015@example.com,17021
2026-05-16,user016@example.com,45645
2026-05-16,user017@example.com,26150
2026-05-16,user018@example.com,54240
2026-05-16,user019@example.com,39124
2026-05-16,user020@example.com,19793
2026-05-16,user021@example.com,28463
2026-05-16,user022@example.com,170811
2026-05-16,user023@example.com,56854
2026-05-16,user024@example.com,43065
2026-05-16,user025@example.com,17200
2026-05-16,user026@example.com,7985
2026-05-16,user027@example.com,85569
2026-05-16,user028@example.com,56476
2026-05-16,user029@example.com,53047
2026-05-16,user030@example.com,90521
2026-05-16,user031@example.com,34295
2026-05-16,user032@example.com,67965
2026-05-16,user033@example.com,87597
2026-05-16,user034@example.com,7005
2026-05-16,user035@example.com,7019
2026-05-16,user036@example.com,5882
2026-05-16,user037@example.com,31316
2026-05-16,user038@example.com,79876
2026-05-16,user039@example.com,26865
2026-05-16,user040@example.com,24638
2026-05-16,user041@example.com,88882
2026-05-16,user042@example.com,29535
2026-05-16,user043@example.com,53907
2026-05-16,user044@example.com,8451
2026-05-16,user045@example.com,38862
2026-05-16,user046@example.com,8802
2026-05-16,user047@example.com,55866
2026-05-16,user048@example.com,45632
2026-05-16,user049@example.com,31378
2026-05-16,user050@example.com,38186
2026-05-16,user051@example.com,6275
2026-05-16,user052@example.com,21616
2026-05-16,user053@example.com,11998
2026-05-16,user054@example.com,6017
2026-05-16,user055@example.com,18080
2026-05-16,user056@example.com,4193
2026-05-16,user057@example.com,198549
2026-05-16,user058@example.com,34934
2026-05-16,user059@example.com,51606
2026-05-16,user060@example.com,26793
2026-05-16,user061@example.com,22246
2026-05-16,user062@example.com,26953
2026-05-16,user063@example.com,18491
2026-05-16,user064@example.com,40070
2026-05-16,user065@example.com,21198
2026-05-16,user066@example.com,23345
2026-05-16,user067@example.com,77807
2026-05-16,user068@example.com,6510
2026-05-16,user069@example.com,176491
2026-05-16,user070@example.com,5804
2026-05-16,user071@example.com,7892
2026-05-16,user072@example.com,22152
2026-05-16,user073@example.com,64796
2026-05-16,user074@example.com,13934
2026-05-16,user075@example.com,7820
2026-05-16,user076@example.com,14465
2026-05-16,user077@example.com,21143
2026-05-16,user078@example.com,94805
2026-05-16,user079@example.com,45543
2026-05-16,user080@example.com,61331
2026-05-16,user081@example.com,16075
2026-05-16,user082@example.com,67734
2026-05-16,user083@example.com,37394
2026-05-16,user084@example.com,120745
2026-05-16,user085@example.com,38954
2026-05-16,user086@example.com,32886
2026-05-16,user087@example.com,22801
2026-05-16,user088@example.com,16352
2026-05-16,user089@example.com,13228
2026-05-16,user090@example.com,19614
2026-05-16,user091@example.com,144803
2026-05-16,user092@example.com,22703
2026-05-16,user093@example.com,10397
2026-05-16,user094@example.com,66061
2026-05-16,user095@example.com,12789
2026-05-16,user096@example.com,27556
2026-05-16,user097@example.com,107621
2026-05-16,user098@example.com,34854
2026-05-16,user099@example.com,104424
2026-05-16,user100@example.com,92774
2026-05-17,user001@example.com,13766
2026-05-17,user002@example.com,7900
2026-05-17,user003@example.com,9767
2026-05-17,user004@example.com,22548
2026-05-17,user005@example.com,7532
2026-05-17,user006@example.com,17718
2026-05-17,user007@example.com,60100
2026-05-17,user008@example.com,8073
2026-05-17,user009@example.com,28577
2026-05-17,user010@example.com,6655
2026-05-17,user011@example.com,62434
2026-05-17,user012@example.com,11230
2026-05-17,user013@example.com,4718
2026-05-17,user014@example.com,29675
2026-05-17,user015@example.com,27152
2026-05-17,user016@example.com,12243
2026-05-17,user017@example.com,49362
2026-05-17,user018@example.com,16872
2026-05-17,user019@example.com,16622
2026-05-17,user020@example.com,15121
2026-05-17,user021@example.com,20018
2026-05-17,user022@example.com,105514
2026-05-17,user023@example.com,14605
2026-05-17,user024@example.com,26075
2026-05-17,user025@example.com,10724
2026-05-17,user026@example.com,2698
2026-05-17,user027@example.com,18996
2026-05-17,user028@example.com,15723
2026-05-17,user029@example.com,26883
2026-05-17,user030@example.com,59515
2026-05-17,user031@example.com,9304
2026-05-17,user032@example.com,29738
2026-05-17,user033@example.com,39510
2026-05-17,user034@example.com,8140
2026-05-17,user035@example.com,3198
2026-05-17,user036@example.com,3145
2026-05-17,user037@example.com,34784
2026-05-17,user038@example.com,48568
2026-05-17,user039@example.com,5847
2026-05-17,user040@example.com,6268
2026-05-17,user041@example.com,63292
2026-05-17,user042@example.com,35043
2026-05-17,user043@example.com,59758
2026-05-17,user044@example.com,3826
2026-05-17,user045@example.com,20816
2026-05-17,user046@example.com,3598
2026-05-17,user047@example.com,22434
2026-05-17,user048@example.com,45933
2026-05-17,user049@example.com,17508
2026-05-17,user050@example.com,17676
2026-05-17,user051@example.com,5532
2026-05-17,user052@example.com,8790
2026-05-17,user053@example.com,6583
2026-05-17,user054@example.com,7451
2026-05-17,user055@example.com,14994
2026-05-17,user056@example.com,4462
2026-05-17,user057@example.com,130149
2026-05-17,user058@example.com,12916
2026-05-17,user059@example.com,93400
2026-05-17,user060@example.com,18180
2026-05-17,user061@example.com,19894
2026-05-17,user062@example.com,38870
2026-05-17,user063@example.com,5773
2026-05-17,user064@example.com,11643
2026-05-17,user065@example.com,13293
2026-05-17,user066@example.com,11013
2026-05-17,user067@example.com,59357
2026-05-17,user068@example.com,3861
2026-05-17,user069@example.com,55274
2026-05-17,user070@example.com,3227
2026-05-17,user071@example.com,1977
2026-05-17,user072@example.com,33594
2026-05-17,user073@example.com,129738
2026-05-17,user074@example.com,8076
2026-05-17,user075@example.com,3703
2026-05-17,user076@example.com,4457
2026-05-17,user077@example.com,6618
2026-05-17,user078@example.com,61554
2026-05-17,user079@example.com,22108
2026-05-17,user080@example.com,29624
2026-05-17,user081@example.com,8190
2026-05-17,user082@example.com,15623
2026-05-17,user083@example.com,26295
2026-05-17,user084@example.com,63052
2026-05-17,user085@example.com,26516
2026-05-17,user086@example.com,17555
2026-05-17,user087@example.com,6761
2026-05-17,user088@example.com,18750
2026-05-17,user089@example.com,6624
2026-05-17,user090@example.com,9138
2026-05-17,user091@example.com,34746
2026-05-17,user092@example.com,4105
2026-05-17,user093@example.com,4318
2026-05-17,user094@example.com,23144
2026-05-17,user095@example.com,4417
2026-05-17,user096@example.com,7792
2026-05-17,user097@example.com,25059
2026-05-17,user098@example.com,24907
2026-05-17,user099@example.com,61704
2026-05-17,user100@example.com,31852
2026-05-18,user001@example.com,12167
2026-05-18,user002@example.com,5725
2026-05-18,user003@example.com,4306
2026-05-18,user004@example.com,21472
2026-05-18,user005@example.com,27583
2026-05-18,user006@example.com,10835
2026-05-18,user007@example.com,61892
2026-05-18,user008@example.com,5284
2026-05-18,user009@example.com,15885
2026-05-18,user010@example.com,5268
2026-05-18,user011@example.com,17880
2026-05-18,user012@example.com,5745
2026-05-18,user013@example.com,7164
2026-05-18,user014@example.com,18229
2026-05-18,user015@example.com,9227
2026-05-18,user016@example.com,16399
2026-05-18,user017@example.com,32574
2026-05-18,user018@example.com,19861
2026-05-18,user019@example.com,15263
2026-05-18,user020@example.com,14428
2026-05-18,user021@example.com,12210
2026-05-18,user022@example.com,89797
2026-05-18,user023@example.com,31004
2026-05-18,user024@example.com,8117
2026-05-18,user025@example.com,12786
2026-05-18,user026@example.com,2233
2026-05-18,user027@example.com,55752
2026-05-18,user028@example.com,15660
2026-05-18,user029@example.com,26237
2026-05-18,user030@example.com,35431
2026-05-18,user031@example.com,10611
2026-05-18,user032@example.com,17176
2026-05-18,user033@example.com,93729
2026-05-18,user034@example.com,8234
2026-05-18,user035@example.com,7082
2026-05-18,user036@example.com,4179
2026-05-18,user037@example.com,26233
2026-05-18,user038@example.com,49003
2026-05-18,user039@example.com,5330
2026-05-18,user040@example.com,8541
2026-05-18,user041@example.com,42220
2026-05-18,user042@example.com,17994
2026-05-18,user043@example.com,62808
2026-05-18,user044@example.com,6253
2026-05-18,user045@example.com,13601
2026-05-18,user046@example.com,7367
2026-05-18,user047@example.com,23408
2026-05-18,user048@example.com,24043
2026-05-18,user049@example.com,41429
2026-05-18,user050@example.com,19429
2026-05-18,user051@example.com,6138
2026-05-18,user052@example.com,6214
2026-05-18,user053@example.com,5830
2026-05-18,user054@example.com,3715
2026-05-18,user055@example.com,14644
2026-05-18,user056@example.com,4512
2026-05-18,user057@example.com,69750
2026-05-18,user058@example.com,26430
2026-05-18,user059@example.com,38616
2026-05-18,user060@example.com,21796
2026-05-18,user061@example.com,19272
2026-05-18,user062@example.com,23140
2026-05-18,user063@example.com,5108
2026-05-18,user064@example.com,23907
2026-05-18,user065@example.com,20942
2026-05-18,user066@example.com,14565
2026-05-18,user067@example.com,72759
2026-05-18,user068@example.com,5414
2026-05-18,user069@example.com,109958
2026-05-18,user070@example.com,3152
2026-05-18,user071@example.com,4058
2026-05-18,user072@example.com,39586
2026-05-18,user073@example.com,56649
2026-05-18,user074@example.com,8773
2026-05-18,user075@example.com,2608
2026-05-18,user076@example.com,3815
2026-05-18,user077@example.com,11631
2026-05-18,user078@example.com,42466
2026-05-18,user079@example.com,19164
2026-05-18,user080@example.com,39244
2026-05-18,user081@example.com,2899
2026-05-18,user082@example.com,20521
2026-05-18,user083@example.com,19190
2026-05-18,user084@example.com,59903
2026-05-18,user085@example.com,19252
2026-05-18,user086@example.com,24108
2026-05-18,user087@example.com,5127
2026-05-18,user088@example.com,19181
2026-05-18,user089@example.com,7461
2026-05-18,user090@example.com,20909
2026-05-18,user091@example.com,52718
2026-05-18,user092@example.com,7659
2026-05-18,user093@example.com,6794
2026-05-18,user094@example.com,25579
2026-05-18,user095@example.com,2592
2026-05-18,user096@example.com,15038
2026-05-18,user097@example.com,39527
2026-05-18,user098@example.com,17156
2026-05-18,user099@example.com,61664
2026-05-18,user100@example.com,32953
2026-05-19,user001@example.com,15241
2026-05-19,user002@example.com,16983
2026-05-19,user003@example.com,14574
2026-05-19,user004@example.com,41160
2026-05-19,user005@example.com,20011
2026-05-19,user006@example.com,25171
2026-05-19,user007@example.com,220321
2026-05-19,user008@example.com,26156
2026-05-19,user009@example.com,79893
2026-05-19,user010@example.com,5461
2026-05-19,user011@example.com,134760
2026-05-19,user012@example.com,13369
2026-05-19,user013@example.com,10696
2026-05-19,user014@example.com,41894
2026-05-19,user015@example.com,38379
2026-05-19,user016@example.com,47926
2026-05-19,user017@example.com,55861
2026-05-19,user018@example.com,43706
2026-05-19,user019@example.com,57934
2026-05-19,user020@example.com,36568
2026-05-19,user021@example.com,51707
2026-05-19,user022@example.com,107564
2026-05-19,user023@example.com,45280
2026-05-19,user024@example.com,33887
2026-05-19,user025@example.com,29445
2026-05-19,user026@example.com,9231
2026-05-19,user027@example.com,56873
2026-05-19,user028@example.com,33985
2026-05-19,user029@example.com,29262
2026-05-19,user030@example.com,42004
2026-05-19,user031@example.com,32720
2026-05-19,user032@example.com,49716
2026-05-19,user033@example.com,103515
2026-05-19,user034@example.com,22819
2026-05-19,user035@example.com,6471
2026-05-19,user036@example.com,16406
2026-05-19,user037@example.com,102057
2026-05-19,user038@example.com,66254
2026-05-19,user039@example.com,14835
2026-05-19,user040@example.com,26063
2026-05-19,user041@example.com,36062
2026-05-19,user042@example.com,34868
2026-05-19,user043@example.com,172006
2026-05-19,user044@example.com,29120
2026-05-19,user045@example.com,41113
2026-05-19,user046@example.com,11190
2026-05-19,user047@example.com,57381
2026-05-19,user048@example.com,81029
2026-05-19,user049@example.com,104451
2026-05-19,user050@example.com,24409
2026-05-19,user051@example.com,4961
2026-05-19,user052@example.com,8090
2026-05-19,user053@example.com,20830
2026-05-19,user054@example.com,14129
2026-05-19,user055@example.com,31961
2026-05-19,user056@example.com,5339
2026-05-19,user057@example.com,129542
2026-05-19,user058@example.com,40546
2026-05-19,user059@example.com,154472
2026-05-19,user060@example.com,26073
2026-05-19,user061@example.com,23828
2026-05-19,user062@example.com,43930
2026-05-19,user063@example.com,20018
2026-05-19,user064@example.com,53651
2026-05-19,user065@example.com,37138
2026-05-19,user066@example.com,25011
2026-05-19,user067@example.com,59966
2026-05-19,user068@example.com,10921
2026-05-19,user069@example.com,106057
2026-05-19,user070@example.com,9879
2026-05-19,user071@example.com,31556
2026-05-19,user072@example.com,73736
2026-05-19,user073@example.com,341688
2026-05-19,user074@example.com,17526
2026-05-19,user075@example.com,7013
2026-05-19,user076@example.com,11285
2026-05-19,user077@example.com,31445
2026-05-19,user078@example.com,248802
2026-05-19,user079@example.com,40263
2026-05-19,user080@example.com,95531
2026-05-19,user081@example.com,6059
2026-05-19,user082@example.com,77154
2026-05-19,user083@example.com,77443
2026-05-19,user084@example.com,145651
2026-05-19,user085@example.com,23732
2026-05-19,user086@example.com,38860
2026-05-19,user087@example.com,19514
2026-05-19,user088@example.com,46259
2026-05-19,user089@example.com,15290
2026-05-19,user090@example.com,28206
2026-05-19,user091@example.com,141593
2026-05-19,user092@example.com,21816
2026-05-19,user093@example.com,9296
2026-05-19,user094@example.com,34574
2026-05-19,user095@example.com,7998
2026-05-19,user096@example.com,44337
2026-05-19,user097@example.com,60886
2026-05-19,user098@example.com,35901
2026-05-19,user099@example.com,157403
2026-05-19,user100@example.com,77871
2026-05-20,user001@example.com,50476
2026-05-20,user002@example.com,20511
2026-05-20,user003@example.com,12714
2026-05-20,user004@example.com,57817
2026-05-20,user005@example.com,51422
2026-05-20,user006@example.com,30385
2026-05-20,user007@example.com,210179
2026-05-20,user008@example.com,13853
2026-05-20,user009@example.com,61910
2026-05-20,user010@example.com,7528
2026-05-20,user011@example.com,112437
2026-05-20,user012@example.com,26902
2026-05-20,user013@example.com,10228
2026-05-20,user014@example.com,33479
2026-05-20,user015@example.com,20650
2026-05-20,user016@example.com,24620
2026-05-20,user017@example.com,77088
2026-05-20,user018@example.com,29762
2026-05-20,user019@example.com,48037
2026-05-20,user020@example.com,40294
2026-05-20,user021@example.com,42913
2026-05-20,user022@example.com,159506
2026-05-20,user023@example.com,52045
2026-05-20,user024@example.com,55354
2026-05-20,user025@example.com,30003
2026-05-20,user026@example.com,10048
2026-05-20,user027@example.com,136864
2026-05-20,user028@example.com,64620
2026-05-20,user029@example.com,127037
2026-05-20,user030@example.com,79545
2026-05-20,user031@example.com,36002
2026-05-20,user032@example.com,39266
2026-05-20,user033@example.com,106951
2026-05-20,user034@example.com,30258
2026-05-20,user035@example.com,7885
2026-05-20,user036@example.com,21177
2026-05-20,user037@example.com,40504
2026-05-20,user038@example.com,98199
2026-05-20,user039@example.com,13799
2026-05-20,user040@example.com,31737
2026-05-20,user041@example.com,149435
2026-05-20,user042@example.com,73284
2026-05-20,user043@example.com,122732
2026-05-20,user044@example.com,14841
2026-05-20,user045@example.com,29023
2026-05-20,user046@example.com,7854
2026-05-20,user047@example.com,45870
2026-05-20,user048@example.com,69758
2026-05-20,user049@example.com,28117
2026-05-20,user050@example.com,57161
2026-05-20,user051@example.com,9594
2026-05-20,user052@example.com,13930
2026-05-20,user053@example.com,18395
2026-05-20,user054@example.com,26151
2026-05-20,user055@example.com,47990
2026-05-20,user056@example.com,12895
2026-05-20,user057@example.com,267049
2026-05-20,user058@example.com,26695
2026-05-20,user059@example.com,129547
2026-05-20,user060@example.com,23591
2026-05-20,user061@example.com,56938
2026-05-20,user062@example.com,54727
2026-05-20,user063@example.com,19087
2026-05-20,user064@example.com,64315
2026-05-20,user065@example.com,23998
2026-05-20,user066@example.com,30200
2026-05-20,user067@example.com,287111
2026-05-20,user068@example.com,10823
2026-05-20,user069@example.com,162453
2026-05-20,user070@example.com,7197
2026-05-20,user071@example.com,9692
2026-05-20,user072@example.com,61586
2026-05-20,user073@example.com,107955
2026-05-20,user074@example.com,11111
2026-05-20,user075@example.com,10463
2026-05-20,user076@example.com,8049
2026-05-20,user077@example.com,13745
2026-05-20,user078@example.com,102212
2026-05-20,user079@example.com,51882
2026-05-20,user080@example.com,131702
2026-05-20,user081@example.com,18329
2026-05-20,user082@example.com,48546
2026-05-20,user083@example.com,103326
2026-05-20,user084@example.com,109403
2026-05-20,user085@example.com,47421
2026-05-20,user086@example.com,28809
2026-05-20,user087@example.com,13458
2026-05-20,user088@example.com,37510
2026-05-20,user089@example.com,15267
2026-05-20,user090@example.com,39758
2026-05-20,user091@example.com,136761
2026-05-20,user092@example.com,13117
2026-05-20,user093@example.com,10042
2026-05-20,user094@example.com,38684
2026-05-20,user095@example.com,9103
2026-05-20,user096@example.com,34459
2026-05-20,user097@example.com,44881
2026-05-20,user098@example.com,53497
2026-05-20,user099@example.com,343296
2026-05-20,user100@example.com,79329
2026-05-21,user001@example.com,25308
2026-05-21,user002@example.com,17634
2026-05-21,user003@example.com,9272
2026-05-21,user004@example.com,53513
2026-05-21,user005@example.com,20042
2026-05-21,user006@example.com,55932
2026-05-21,user007@example.com,163573
2026-05-21,user008@example.com,9077
2026-05-21,user009@example.com,34458
2026-05-21,user010@example.com,6280
2026-05-21,user011@example.com,138906
2026-05-21,user012@example.com,9299
2026-05-21,user013@example.com,8925
2026-05-21,user014@example.com,34786
2026-05-21,user015@example.com,25633
2026-05-21,user016@example.com,26789
2026-05-21,user017@example.com,29495
2026-05-21,user018@example.com,33612
2026-05-21,user019@example.com,40892
2026-05-21,user020@example.com,20686
2026-05-21,user021@example.com,37458
2026-05-21,user022@example.com,200011
2026-05-21,user023@example.com,37614
2026-05-21,user024@example.com,45901
2026-05-21,user025@example.com,12097
2026-05-21,user026@example.com,7414
2026-05-21,user027@example.com,70656
2026-05-21,user028@example.com,33336
2026-05-21,user029@example.com,32711
2026-05-21,user030@example.com,166832
2026-05-21,user031@example.com,55676
2026-05-21,user032@example.com,58544
2026-05-21,user033@example.com,167987
2026-05-21,user034@example.com,5666
2026-05-21,user035@example.com,5705
2026-05-21,user036@example.com,7288
2026-05-21,user037@example.com,45766
2026-05-21,user038@example.com,94992
2026-05-21,user039@example.com,5059
2026-05-21,user040@example.com,29502
2026-05-21,user041@example.com,103919
2026-05-21,user042@example.com,87078
2026-05-21,user043@example.com,85572
2026-05-21,user044@example.com,9108
2026-05-21,user045@example.com,10088
2026-05-21,user046@example.com,7751
2026-05-21,user047@example.com,68137
2026-05-21,user048@example.com,31208
2026-05-21,user049@example.com,89658
2026-05-21,user050@example.com,23561
2026-05-21,user051@example.com,9043
2026-05-21,user052@example.com,8996
2026-05-21,user053@example.com,12467
2026-05-21,user054@example.com,6178
2026-05-21,user055@example.com,32855
2026-05-21,user056@example.com,11070
2026-05-21,user057@example.com,233302
2026-05-21,user058@example.com,27053
2026-05-21,user059@example.com,130639
2026-05-21,user060@example.com,31395
2026-05-21,user061@example.com,34387
2026-05-21,user062@example.com,36718
2026-05-21,user063@example.com,4881
2026-05-21,user064@example.com,47809
2026-05-21,user065@example.com,24435
2026-05-21,user066@example.com,24156
2026-05-21,user067@example.com,189420
2026-05-21,user068@example.com,11100
2026-05-21,user069@example.com,77829
2026-05-21,user070@example.com,3823
2026-05-21,user071@example.com,5787
2026-05-21,user072@example.com,114858
2026-05-21,user073@example.com,145220
2026-05-21,user074@example.com,13192
2026-05-21,user075@example.com,7054
2026-05-21,user076@example.com,7878
2026-05-21,user077@example.com,21813
2026-05-21,user078@example.com,94970
2026-05-21,user079@example.com,51818
2026-05-21,user080@example.com,66543
2026-05-21,user081@example.com,16942
2026-05-21,user082@example.com,64454
2026-05-21,user083@example.com,59786
2026-05-21,user084@example.com,100654
2026-05-21,user085@example.com,37327
2026-05-21,user086@example.com,26403
2026-05-21,user087@example.com,15066
2026-05-21,user088@example.com,68518
2026-05-21,user089@example.com,8573
2026-05-21,user090@example.com,27674
2026-05-21,user091@example.com,100146
2026-05-21,user092@example.com,17391
2026-05-21,user093@example.com,9630
2026-05-21,user094@example.com,87881
2026-05-21,user095@example.com,4777
2026-05-21,user096@example.com,49082
2026-05-21,user097@example.com,76052
2026-05-21,user098@example.com,75199
2026-05-21,user099@example.com,70834
2026-05-21,user100@example.com,55463
2026-05-22,user001@example.com,48804
2026-05-22,user002@example.com,7387
2026-05-22,user003@example.com,6316
2026-05-22,user004@example.com,35081
2026-05-22,user005@example.com,27094
2026-05-22,user006@example.com,50547
2026-05-22,user007@example.com,133551
2026-05-22,user008@example.com,8957
2026-05-22,user009@example.com,46409
2026-05-22,user010@example.com,8708
2026-05-22,user011@example.com,98544
2026-05-22,user012@example.com,13388
2026-05-22,user013@example.com,5591
2026-05-22,user014@example.com,30186
2026-05-22,user015@example.com,41645
2026-05-22,user016@example.com,30910
2026-05-22,user017@example.com,43640
2026-05-22,user018@example.com,56200
2026-05-22,user019@example.com,28022
2026-05-22,user020@example.com,23412
2026-05-22,user021@example.com,30382
2026-05-22,user022@example.com,122101
2026-05-22,user023@example.com,39363
2026-05-22,user024@example.com,38972
2026-05-22,user025@example.com,15524
2026-05-22,user026@example.com,8998
2026-05-22,user027@example.com,30690
2026-05-22,user028@example.com,40267
2026-05-22,user029@example.com,67322
2026-05-22,user030@example.com,66967
2026-05-22,user031@example.com,19213
2026-05-22,user032@example.com,46733
2026-05-22,user033@example.com,82832
2026-05-22,user034@example.com,14946
2026-05-22,user035@example.com,7015
2026-05-22,user036@example.com,15361
2026-05-22,user037@example.com,73400
2026-05-22,user038@example.com,105049
2026-05-22,user039@example.com,15594
2026-05-22,user040@example.com,22076
2026-05-22,user041@example.com,85453
2026-05-22,user042@example.com,43051
2026-05-22,user043@example.com,144933
2026-05-22,user044@example.com,20044
2026-05-22,user045@example.com,33502
2026-05-22,user046@example.com,11659
2026-05-22,user047@example.com,67488
2026-05-22,user048@example.com,46086
2026-05-22,user049@example.com,27932
2026-05-22,user050@example.com,45945
2026-05-22,user051@example.com,15879
2026-05-22,user052@example.com,13129
2026-05-22,user053@example.com,9735
2026-05-22,user054@example.com,15040
2026-05-22,user055@example.com,30719
2026-05-22,user056@example.com,7867
2026-05-22,user057@example.com,92002
2026-05-22,user058@example.com,42291
2026-05-22,user059@example.com,147229
2026-05-22,user060@example.com,32659
2026-05-22,user061@example.com,32716
2026-05-22,user062@example.com,44433
2026-05-22,user063@example.com,15694
2026-05-22,user064@example.com,42588
2026-05-22,user065@example.com,21529
2026-05-22,user066@example.com,27178
2026-05-22,user067@example.com,77342
2026-05-22,user068@example.com,10398
2026-05-22,user069@example.com,154460
2026-05-22,user070@example.com,8322
2026-05-22,user071@example.com,14378
2026-05-22,user072@example.com,44561
2026-05-22,user073@example.com,131442
2026-05-22,user074@example.com,16021
2026-05-22,user075@example.com,16776
2026-05-22,user076@example.com,8884
2026-05-22,user077@example.com,9887
2026-05-22,user078@example.com,149125
2026-05-22,user079@example.com,79962
2026-05-22,user080@example.com,66000
2026-05-22,user081@example.com,11335
2026-05-22,user082@example.com,75108
2026-05-22,user083@example.com,54247
2026-05-22,user084@example.com,126840
2026-05-22,user085@example.com,19839
2026-05-22,user086@example.com,28140
2026-05-22,user087@example.com,16730
2026-05-22,user088@example.com,52219
2026-05-22,user089@example.com,13643
2026-05-22,user090@example.com,22178
2026-05-22,user091@example.com,102562
2026-05-22,user092@example.com,19254
2026-05-22,user093@example.com,12658
2026-05-22,user094@example.com,31059
2026-05-22,user095@example.com,6934
2026-05-22,user096@example.com,40341
2026-05-22,user097@example.com,30109
2026-05-22,user098@example.com,18263
2026-05-22,user099@example.com,205781
2026-05-22,user100@example.com,88370
2026-05-23,user001@example.com,33754
2026-05-23,user002@example.com,9216
2026-05-23,user003@example.com,13526
2026-05-23,user004@example.com,43206
2026-05-23,user005@example.com,13717
2026-05-23,user006@example.com,44935
2026-05-23,user007@example.com,142020
2026-05-23,user008@example.com,9097
2026-05-23,user009@example.com,34376
2026-05-23,user010@example.com,3440
2026-05-23,user011@example.com,97988
2026-05-23,user012@example.com,14723
2026-05-23,user013@example.com,9763
2026-05-23,user014@example.com,61382
2026-05-23,user015@example.com,14715
2026-05-23,user016@example.com,22150
2026-05-23,user017@example.com,34208
2026-05-23,user018@example.com,32496
2026-05-23,user019@example.com,40175
2026-05-23,user020@example.com,27762
2026-05-23,user021@example.com,24175
2026-05-23,user022@example.com,98824
2026-05-23,user023@example.com,64635
2026-05-23,user024@example.com,91261
2026-05-23,user025@example.com,25112
2026-05-23,user026@example.com,6109
2026-05-23,user027@example.com,77200
2026-05-23,user028@example.com,21591
2026-05-23,user029@example.com,34900
2026-05-23,user030@example.com,54598
2026-05-23,user031@example.com,18190
2026-05-23,user032@example.com,41761
2026-05-23,user033@example.com,77220
2026-05-23,user034@example.com,11494
2026-05-23,user035@example.com,7033
2026-05-23,user036@example.com,6405
2026-05-23,user037@example.com,40459
2026-05-23,user038@example.com,96381
2026-05-23,user039@example.com,15193
2026-05-23,user040@example.com,22674
2026-05-23,user041@example.com,106254
2026-05-23,user042@example.com,56543
2026-05-23,user043@example.com,127632
2026-05-23,user044@example.com,18601
2026-05-23,user045@example.com,16142
2026-05-23,user046@example.com,6745
2026-05-23,user047@example.com,85382
2026-05-23,user048@example.com,32741
2026-05-23,user049@example.com,14648
2026-05-23,user050@example.com,22245
2026-05-23,user051@example.com,8346
2026-05-23,user052@example.com,5375
2026-05-23,user053@example.com,16666
2026-05-23,user054@example.com,8914
2026-05-23,user055@example.com,26793
2026-05-23,user056@example.com,7356
2026-05-23,user057@example.com,85585
2026-05-23,user058@example.com,24630
2026-05-23,user059@example.com,82500
2026-05-23,user060@example.com,34924
2026-05-23,user061@example.com,25922
2026-05-23,user062@example.com,38372
2026-05-23,user063@example.com,7533
2026-05-23,user064@example.com,59637
2026-05-23,user065@example.com,39872
2026-05-23,user066@example.com,41322
2026-05-23,user067@example.com,159618
2026-05-23,user068@example.com,11564
2026-05-23,user069@example.com,74777
2026-05-23,user070@example.com,6391
2026-05-23,user071@example.com,6266
2026-05-23,user072@example.com,24314
2026-05-23,user073@example.com,151272
2026-05-23,user074@example.com,8971
2026-05-23,user075@example.com,10586
2026-05-23,user076@example.com,10839
2026-05-23,user077@example.com,16324
2026-05-23,user078@example.com,129493
2026-05-23,user079@example.com,31635
2026-05-23,user080@example.com,133472
2026-05-23,user081@example.com,8082
2026-05-23,user082@example.com,51196
2026-05-23,user083@example.com,28545
2026-05-23,user084@example.com,82614
2026-05-23,user085@example.com,28226
2026-05-23,user086@example.com,29454
2026-05-23,user087@example.com,10192
2026-05-23,user088@example.com,21654
2026-05-23,user089@example.com,7337
2026-05-23,user090@example.com,36300
2026-05-23,user091@example.com,64234
2026-05-23,user092@example.com,11932
2026-05-23,user093@example.com,17359
2026-05-23,user094@example.com,26494
2026-05-23,user095@example.com,5401
2026-05-23,user096@example.com,20856
2026-05-23,user097@example.com,81151
2026-05-23,user098@example.com,71977
2026-05-23,user099@example.com,148879
2026-05-23,user100@example.com,91636
2026-05-24,user001@example.com,12928
2026-05-24,user002@example.com,15412
2026-05-24,user003@example.com,6659
2026-05-24,user004@example.com,30692
2026-05-24,user005@example.com,13357
2026-05-24,user006@example.com,14421
2026-05-24,user007@example.com,139531
2026-05-24,user008@example.com,7324
2026-05-24,user009@example.com,37841
2026-05-24,user010@example.com,4420
2026-05-24,user011@example.com,34330
2026-05-24,user012@example.com,6356
2026-05-24,user013@example.com,6286
2026-05-24,user014@example.com,18286
2026-05-24,user015@example.com,9405
2026-05-24,user016@example.com,24120
2026-05-24,user017@example.com,22089
2026-05-24,user018@example.com,21820
2026-05-24,user019@example.com,25256
2026-05-24,user020@example.com,11280
2026-05-24,user021@example.com,26319
2026-05-24,user022@example.com,52732
2026-05-24,user023@example.com,22784
2026-05-24,user024@example.com,24818
2026-05-24,user025@example.com,13598
2026-05-24,user026@example.com,2934
2026-05-24,user027@example.com,36255
2026-05-24,user028@example.com,26969
2026-05-24,user029@example.com,17975
2026-05-24,user030@example.com,51783
2026-05-24,user031@example.com,18060
2026-05-24,user032@example.com,17074
2026-05-24,user033@example.com,44972
2026-05-24,user034@example.com,9892
2026-05-24,user035@example.com,4504
2026-05-24,user036@example.com,3791
2026-05-24,user037@example.com,19791
2026-05-24,user038@example.com,50629
2026-05-24,user039@example.com,5684
2026-05-24,user040@example.com,10307
2026-05-24,user041@example.com,25112
2026-05-24,user042@example.com,39836
2026-05-24,user043@example.com,85168
2026-05-24,user044@example.com,4252
2026-05-24,user045@example.com,14537
2026-05-24,user046@example.com,3369
2026-05-24,user047@example.com,24392
2026-05-24,user048@example.com,18427
2026-05-24,user049@example.com,19602
2026-05-24,user050@example.com,27939
2026-05-24,user051@example.com,3959
2026-05-24,user052@example.com,5875
2026-05-24,user053@example.com,4642
2026-05-24,user054@example.com,9569
2026-05-24,user055@example.com,7774
2026-05-24,user056@example.com,3537
2026-05-24,user057@example.com,129362
2026-05-24,user058@example.com,22643
2026-05-24,user059@example.com,71027
2026-05-24,user060@example.com,29231
2026-05-24,user061@example.com,17266
2026-05-24,user062@example.com,20862
2026-05-24,user063@example.com,5492
2026-05-24,user064@example.com,15303
2026-05-24,user065@example.com,21511
2026-05-24,user066@example.com,19368
2026-05-24,user067@example.com,115557
2026-05-24,user068@example.com,9270
2026-05-24,user069@example.com,57450
2026-05-24,user070@example.com,2903
2026-05-24,user071@example.com,4536
2026-05-24,user072@example.com,19693
2026-05-24,user073@example.com,64241
2026-05-24,user074@example.com,9870
2026-05-24,user075@example.com,3810
2026-05-24,user076@example.com,4868
2026-05-24,user077@example.com,7544
2026-05-24,user078@example.com,80308
2026-05-24,user079@example.com,18024
2026-05-24,user080@example.com,18740
2026-05-24,user081@example.com,5448
2026-05-24,user082@example.com,37769
2026-05-24,user083@example.com,24306
2026-05-24,user084@example.com,53080
2026-05-24,user085@example.com,9316
2026-05-24,user086@example.com,18833
2026-05-24,user087@example.com,8191
2026-05-24,user088@example.com,19894
2026-05-24,user089@example.com,12568
2026-05-24,user090@example.com,9951
2026-05-24,user091@example.com,85991
2026-05-24,user092@example.com,7883
2026-05-24,user093@example.com,3188
2026-05-24,user094@example.com,21386
2026-05-24,user095@example.com,5655
2026-05-24,user096@example.com,13940
2026-05-24,user097@example.com,15952
2026-05-24,user098@example.com,19626
2026-05-24,user099@example.com,49199
2026-05-24,user100@example.com,48018
2026-05-25,user001@example.com,17028
2026-05-25,user002@example.com,4417
2026-05-25,user003@example.com,3884
2026-05-25,user004@example.com,24335
2026-05-25,user005@example.com,8415
2026-05-25,user006@example.com,8894
2026-05-25,user007@example.com,42324
2026-05-25,user008@example.com,5625
2026-05-25,user009@example.com,20807
2026-05-25,user010@example.com,2609
2026-05-25,user011@example.com,37955
2026-05-25,user012@example.com,10911
2026-05-25,user013@example.com,3535
2026-05-25,user014@example.com,9430
2026-05-25,user015@example.com,13329
2026-05-25,user016@example.com,12498
2026-05-25,user017@example.com,17097
2026-05-25,user018@example.com,21420
2026-05-25,user019@example.com,25049
2026-05-25,user020@example.com,5248
2026-05-25,user021@example.com,10336
2026-05-25,user022@example.com,143885
2026-05-25,user023@example.com,20912
2026-05-25,user024@example.com,23659
2026-05-25,user025@example.com,17136
2026-05-25,user026@example.com,3810
2026-05-25,user027@example.com,28971
2026-05-25,user028@example.com,21921
2026-05-25,user029@example.com,22550
2026-05-25,user030@example.com,29618
2026-05-25,user031@example.com,13795
2026-05-25,user032@example.com,17840
2026-05-25,user033@example.com,49951
2026-05-25,user034@example.com,3617
2026-05-25,user035@example.com,2513
2026-05-25,user036@example.com,3432
2026-05-25,user037@example.com,15753
2026-05-25,user038@example.com,41672
2026-05-25,user039@example.com,5142
2026-05-25,user040@example.com,13085
2026-05-25,user041@example.com,52819
2026-05-25,user042@example.com,18636
2026-05-25,user043@example.com,79348
2026-05-25,user044@example.com,7565
2026-05-25,user045@example.com,13559
2026-05-25,user046@example.com,3998
2026-05-25,user047@example.com,24511
2026-05-25,user048@example.com,25831
2026-05-25,user049@example.com,28656
2026-05-25,user050@example.com,18136
2026-05-25,user051@example.com,3843
2026-05-25,user052@example.com,7764
2026-05-25,user053@example.com,7958
2026-05-25,user054@example.com,4377
2026-05-25,user055@example.com,10166
2026-05-25,user056@example.com,3809
2026-05-25,user057@example.com,87597
2026-05-25,user058@example.com,23487
2026-05-25,user059@example.com,50236
2026-05-25,user060@example.com,6703
2026-05-25,user061@example.com,14159
2026-05-25,user062@example.com,15894
2026-05-25,user063@example.com,2951
2026-05-25,user064@example.com,11997
2026-05-25,user065@example.com,12741
2026-05-25,user066@example.com,20916
2026-05-25,user067@example.com,64813
2026-05-25,user068@example.com,5354
2026-05-25,user069@example.com,82398
2026-05-25,user070@example.com,1930
2026-05-25,user071@example.com,4546
2026-05-25,user072@example.com,21831
2026-05-25,user073@example.com,60624
2026-05-25,user074@example.com,4597
2026-05-25,user075@example.com,2489
2026-05-25,user076@example.com,3980
2026-05-25,user077@example.com,11387
2026-05-25,user078@example.com,67215
2026-05-25,user079@example.com,15633
2026-05-25,user080@example.com,20733
2026-05-25,user081@example.com,2103
2026-05-25,user082@example.com,34746
2026-05-25,user083@example.com,12205
2026-05-25,user084@example.com,48600
2026-05-25,user085@example.com,18048
2026-05-25,user086@example.com,7383
2026-05-25,user087@example.com,10779
2026-05-25,user088@example.com,15602
2026-05-25,user089@example.com,3644
2026-05-25,user090@example.com,10423
2026-05-25,user091@example.com,29421
2026-05-25,user092@example.com,7459
2026-05-25,user093@example.com,3963
2026-05-25,user094@example.com,9563
2026-05-25,user095@example.com,3069
2026-05-25,user096@example.com,8080
2026-05-25,user097@example.com,23546
2026-05-25,user098@example.com,11253
2026-05-25,user099@example.com,45912
2026-05-25,user100@example.com,35340
2026-05-26,user001@example.com,27398
2026-05-26,user002@example.com,15856
2026-05-26,user003@example.com,14335
2026-05-26,user004@example.com,28289
2026-05-26,user005@example.com,25248
2026-05-26,user006@example.com,9203
2026-05-26,user007@example.com,158396
2026-05-26,user008@example.com,10169
2026-05-26,user009@example.com,30070
2026-05-26,user010@example.com,8412
2026-05-26,user011@example.com,129764
2026-05-26,user012@example.com,12296
2026-05-26,user013@example.com,8117
2026-05-26,user014@example.com,44947
2026-05-26,user015@example.com,16181
2026-05-26,user016@example.com,23422
2026-05-26,user017@example.com,76396
2026-05-26,user018@example.com,39588
2026-05-26,user019@example.com,21976
2026-05-26,user020@example.com,13768
2026-05-26,user021@example.com,31236
2026-05-26,user022@example.com,196443
2026-05-26,user023@example.com,21990
2026-05-26,user024@example.com,49657
2026-05-26,user025@example.com,41138
2026-05-26,user026@example.com,16667
2026-05-26,user027@example.com,55925
2026-05-26,user028@example.com,46254
2026-05-26,user029@example.com,20107
2026-05-26,user030@example.com,157065
2026-05-26,user031@example.com,24129
2026-05-26,user032@example.com,35922
2026-05-26,user033@example.com,103326
2026-05-26,user034@example.com,21003
2026-05-26,user035@example.com,16312
2026-05-26,user036@example.com,8994
2026-05-26,user037@example.com,70627
2026-05-26,user038@example.com,114702
2026-05-26,user039@example.com,8605
2026-05-26,user040@example.com,43300
2026-05-26,user041@example.com,69237
2026-05-26,user042@example.com,85245
2026-05-26,user043@example.com,177986
2026-05-26,user044@example.com,15340
2026-05-26,user045@example.com,48981
2026-05-26,user046@example.com,18803
2026-05-26,user047@example.com,46840
2026-05-26,user048@example.com,29186
2026-05-26,user049@example.com,22092
2026-05-26,user050@example.com,56653
2026-05-26,user051@example.com,7380
2026-05-26,user052@example.com,21610
2026-05-26,user053@example.com,8715
2026-05-26,user054@example.com,21198
2026-05-26,user055@example.com,20211
2026-05-26,user056@example.com,5671
2026-05-26,user057@example.com,135038
2026-05-26,user058@example.com,32157
2026-05-26,user059@example.com,152458
2026-05-26,user060@example.com,25365
2026-05-26,user061@example.com,36764
2026-05-26,user062@example.com,44980
2026-05-26,user063@example.com,8951
2026-05-26,user064@example.com,34588
2026-05-26,user065@example.com,52828
2026-05-26,user066@example.com,31933
2026-05-26,user067@example.com,72546
2026-05-26,user068@example.com,9417
2026-05-26,user069@example.com,128007
2026-05-26,user070@example.com,14368
2026-05-26,user071@example.com,12337
2026-05-26,user072@example.com,36071
2026-05-26,user073@example.com,263392
2026-05-26,user074@example.com,12239
2026-05-26,user075@example.com,11650
2026-05-26,user076@example.com,5745
2026-05-26,user077@example.com,6275
2026-05-26,user078@example.com,69011
2026-05-26,user079@example.com,13600
2026-05-26,user080@example.com,157745
2026-05-26,user081@example.com,9279
2026-05-26,user082@example.com,36034
2026-05-26,user083@example.com,45385
2026-05-26,user084@example.com,132219
2026-05-26,user085@example.com,32092
2026-05-26,user086@example.com,45067
2026-05-26,user087@example.com,13124
2026-05-26,user088@example.com,28469
2026-05-26,user089@example.com,16532
2026-05-26,user090@example.com,34196
2026-05-26,user091@example.com,89170
2026-05-26,user092@example.com,31127
2026-05-26,user093@example.com,9692
2026-05-26,user094@example.com,30963
2026-05-26,user095@example.com,8718
2026-05-26,user096@example.com,23304
2026-05-26,user097@example.com,59235
2026-05-26,user098@example.com,28939
2026-05-26,user099@example.com,107566
2026-05-26,user100@example.com,145992
2026-05-27,user001@example.com,26170
2026-05-27,user002@example.com,11224
2026-05-27,user003@example.com,17394
2026-05-27,user004@example.com,30012
2026-05-27,user005@example.com,20707
2026-05-27,user006@example.com,36905
2026-05-27,user007@example.com,206173
2026-05-27,user008@example.com,17698
2026-05-27,user009@example.com,33380
2026-05-27,user010@example.com,9482
2026-05-27,user011@example.com,74731
2026-05-27,user012@example.com,12010
2026-05-27,user013@example.com,17592
2026-05-27,user014@example.com,35771
2026-05-27,user015@example.com,29090
2026-05-27,user016@example.com,31850
2026-05-27,user017@example.com,34990
2026-05-27,user018@example.com,55515
2026-05-27,user019@example.com,52751
2026-05-27,user020@example.com,13167
2026-05-27,user021@example.com,33238
2026-05-27,user022@example.com,113266
2026-05-27,user023@example.com,58119
2026-05-27,user024@example.com,26143
2026-05-27,user025@example.com,23296
2026-05-27,user026@example.com,9985
2026-05-27,user027@example.com,51875
2026-05-27,user028@example.com,51705
2026-05-27,user029@example.com,25484
2026-05-27,user030@example.com,137231
2026-05-27,user031@example.com,36248
2026-05-27,user032@example.com,81920
2026-05-27,user033@example.com,156796
2026-05-27,user034@example.com,12595
2026-05-27,user035@example.com,4910
2026-05-27,user036@example.com,7223
2026-05-27,user037@example.com,88781
2026-05-27,user038@example.com,187516
2026-05-27,user039@example.com,10180
2026-05-27,user040@example.com,9842
2026-05-27,user041@example.com,81661
2026-05-27,user042@example.com,46023
2026-05-27,user043@example.com,105800
2026-05-27,user044@example.com,15215
2026-05-27,user045@example.com,35863
2026-05-27,user046@example.com,12442
2026-05-27,user047@example.com,59491
2026-05-27,user048@example.com,21078
2026-05-27,user049@example.com,38478
2026-05-27,user050@example.com,59115
2026-05-27,user051@example.com,10028
2026-05-27,user052@example.com,16884
2026-05-27,user053@example.com,13093
2026-05-27,user054@example.com,14625
2026-05-27,user055@example.com,11461
2026-05-27,user056@example.com,8089
2026-05-27,user057@example.com,146498
2026-05-27,user058@example.com,61994
2026-05-27,user059@example.com,128589
2026-05-27,user060@example.com,14831
2026-05-27,user061@example.com,35062
2026-05-27,user062@example.com,38416
2026-05-27,user063@example.com,7542
2026-05-27,user064@example.com,32379
2026-05-27,user065@example.com,31910
2026-05-27,user066@example.com,46859
2026-05-27,user067@example.com,175792
2026-05-27,user068@example.com,14405
2026-05-27,user069@example.com,149231
2026-05-27,user070@example.com,7975
2026-05-27,user071@example.com,11228
2026-05-27,user072@example.com,21829
2026-05-27,user073@example.com,120042
2026-05-27,user074@example.com,8772
2026-05-27,user075@example.com,11563
2026-05-27,user076@example.com,8355
2026-05-27,user077@example.com,15006
2026-05-27,user078@example.com,68182
2026-05-27,user079@example.com,61890
2026-05-27,user080@example.com,95876
2026-05-27,user081@example.com,10690
2026-05-27,user082@example.com,38293
2026-05-27,user083@example.com,30196
2026-05-27,user084@example.com,136755
2026-05-27,user085@example.com,20697
2026-05-27,user086@example.com,35120
2026-05-27,user087@example.com,6967
2026-05-27,user088@example.com,33377
2026-05-27,user089@example.com,23718
2026-05-27,user090@example.com,30780
2026-05-27,user091@example.com,93261
2026-05-27,user092@example.com,29740
2026-05-27,user093@example.com,5097
2026-05-27,user094@example.com,32594
2026-05-27,user095@example.com,6689
2026-05-27,user096@example.com,40732
2026-05-27,user097@example.com,69151
2026-05-27,user098@example.com,29235
2026-05-27,user099@example.com,179328
2026-05-27,user100@example.com,66843
2026-05-28,user001@example.com,45756
2026-05-28,user002@example.com,10267
2026-05-28,user003@example.com,10977
2026-05-28,user004@example.com,36256
2026-05-28,user005@example.com,37914
2026-05-28,user006@example.com,24935
2026-05-28,user007@example.com,145194
2026-05-28,user008@example.com,13686
2026-05-28,user009@example.com,52090
2026-05-28,user010@example.com,10422
2026-05-28,user011@example.com,94027
2026-05-28,user012@example.com,12730
2026-05-28,user013@example.com,10142
2026-05-28,user014@example.com,43429
2026-05-28,user015@example.com,28589
2026-05-28,user016@example.com,28439
2026-05-28,user017@example.com,50866
2026-05-28,user018@example.com,23107
2026-05-28,user019@example.com,54364
2026-05-28,user020@example.com,27912
2026-05-28,user021@example.com,42517
2026-05-28,user022@example.com,147376
2026-05-28,user023@example.com,21386
2026-05-28,user024@example.com,37966
2026-05-28,user025@example.com,24428
2026-05-28,user026@example.com,11325
2026-05-28,user027@example.com,24480
2026-05-28,user028@example.com,39869
2026-05-28,user029@example.com,51518
2026-05-28,user030@example.com,60621
2026-05-28,user031@example.com,30733
2026-05-28,user032@example.com,40570
2026-05-28,user033@example.com,88789
2026-05-28,user034@example.com,10881
2026-05-28,user035@example.com,5958
2026-05-28,user036@example.com,11094
2026-05-28,user037@example.com,39065
2026-05-28,user038@example.com,83563
2026-05-28,user039@example.com,23306
2026-05-28,user040@example.com,36670
2026-05-28,user041@example.com,45520
2026-05-28,user042@example.com,38660
2026-05-28,user043@example.com,124772
2026-05-28,user044@example.com,14059
2026-05-28,user045@example.com,15548
2026-05-28,user046@example.com,13099
2026-05-28,user047@example.com,67445
2026-05-28,user048@example.com,46517
2026-05-28,user049@example.com,69200
2026-05-28,user050@example.com,30691
2026-05-28,user051@example.com,10217
2026-05-28,user052@example.com,25420
2026-05-28,user053@example.com,16852
2026-05-28,user054@example.com,9350
2026-05-28,user055@example.com,32699
2026-05-28,user056@example.com,6921
2026-05-28,user057@example.com,175807
2026-05-28,user058@example.com,46432
2026-05-28,user059@example.com,77351
2026-05-28,user060@example.com,25104
2026-05-28,user061@example.com,32853
2026-05-28,user062@example.com,43370
2026-05-28,user063@example.com,12797
2026-05-28,user064@example.com,57066
2026-05-28,user065@example.com,25920
2026-05-28,user066@example.com,32390
2026-05-28,user067@example.com,239159
2026-05-28,user068@example.com,13526
2026-05-28,user069@example.com,134676
2026-05-28,user070@example.com,5464
2026-05-28,user071@example.com,11044
2026-05-28,user072@example.com,56716
2026-05-28,user073@example.com,179635
2026-05-28,user074@example.com,12761
2026-05-28,user075@example.com,4046
2026-05-28,user076@example.com,4816
2026-05-28,user077@example.com,19065
2026-05-28,user078@example.com,93882
2026-05-28,user079@example.com,50150
2026-05-28,user080@example.com,79530
2026-05-28,user081@example.com,8238
2026-05-28,user082@example.com,48851
2026-05-28,user083@example.com,29028
2026-05-28,user084@example.com,124844
2026-05-28,user085@example.com,21351
2026-05-28,user086@example.com,26284
2026-05-28,user087@example.com,13159
2026-05-28,user088@example.com,36300
2026-05-28,user089@example.com,17335
2026-05-28,user090@example.com,25034
2026-05-28,user091@example.com,124957
2026-05-28,user092@example.com,25244
2026-05-28,user093@example.com,15460
2026-05-28,user094@example.com,51894
2026-05-28,user095@example.com,8566
2026-05-28,user096@example.com,40533
2026-05-28,user097@example.com,52131
2026-05-28,user098@example.com,55466
2026-05-28,user099@example.com,155637
2026-05-28,user100@example.com,67370
2026-05-29,user001@example.com,40264
2026-05-29,user002@example.com,14956
2026-05-29,user003@example.com,10854
2026-05-29,user004@example.com,35808
2026-05-29,user005@example.com,27289
2026-05-29,user006@example.com,41709
2026-05-29,user007@example.com,197703
2026-05-29,user008@example.com,12748
2026-05-29,user009@example.com,52181
2026-05-29,user010@example.com,11720
2026-05-29,user011@example.com,81442
2026-05-29,user012@example.com,9802
2026-05-29,user013@example.com,17763
2026-05-29,user014@example.com,35142
2026-05-29,user015@example.com,20221
2026-05-29,user016@example.com,15694
2026-05-29,user017@example.com,60652
2026-05-29,user018@example.com,21897
2026-05-29,user019@example.com,32533
2026-05-29,user020@example.com,31635
2026-05-29,user021@example.com,37887
2026-05-29,user022@example.com,115300
2026-05-29,user023@example.com,36852
2026-05-29,user024@example.com,31170
2026-05-29,user025@example.com,21253
2026-05-29,user026@example.com,9421
2026-05-29,user027@example.com,41662
2026-05-29,user028@example.com,35460
2026-05-29,user029@example.com,25335
2026-05-29,user030@example.com,111652
2026-05-29,user031@example.com,35179
2026-05-29,user032@example.com,65543
2026-05-29,user033@example.com,176969
2026-05-29,user034@example.com,9243
2026-05-29,user035@example.com,6624
2026-05-29,user036@example.com,4421
2026-05-29,user037@example.com,149059
2026-05-29,user038@example.com,106908
2026-05-29,user039@example.com,17747
2026-05-29,user040@example.com,16694
2026-05-29,user041@example.com,121648
2026-05-29,user042@example.com,95140
2026-05-29,user043@example.com,110302
2026-05-29,user044@example.com,8661
2026-05-29,user045@example.com,24528
2026-05-29,user046@example.com,3937
2026-05-29,user047@example.com,49005
2026-05-29,user048@example.com,51481
2026-05-29,user049@example.com,41776
2026-05-29,user050@example.com,23312
2026-05-29,user051@example.com,10323
2026-05-29,user052@example.com,17893
2026-05-29,user053@example.com,6301
2026-05-29,user054@example.com,12727
2026-05-29,user055@example.com,60401
2026-05-29,user056@example.com,5378
2026-05-29,user057@example.com,140575
2026-05-29,user058@example.com,76208
2026-05-29,user059@example.com,181591
2026-05-29,user060@example.com,21514
2026-05-29,user061@example.com,31629
2026-05-29,user062@example.com,49623
2026-05-29,user063@example.com,8671
2026-05-29,user064@example.com,41218
2026-05-29,user065@example.com,23346
2026-05-29,user066@example.com,30612
2026-05-29,user067@example.com,111463
2026-05-29,user068@example.com,7206
2026-05-29,user069@example.com,121612
2026-05-29,user070@example.com,13688
2026-05-29,user071@example.com,8833
2026-05-29,user072@example.com,44218
2026-05-29,user073@example.com,146681
2026-05-29,user074@example.com,11673
2026-05-29,user075@example.com,14440
2026-05-29,user076@example.com,8570
2026-05-29,user077@example.com,18507
2026-05-29,user078@example.com,86506
2026-05-29,user079@example.com,50447
2026-05-29,user080@example.com,82693
2026-05-29,user081@example.com,8415
2026-05-29,user082@example.com,41661
2026-05-29,user083@example.com,30893
2026-05-29,user084@example.com,136199
2026-05-29,user085@example.com,32088
2026-05-29,user086@example.com,28147
2026-05-29,user087@example.com,16016
2026-05-29,user088@example.com,38115
2026-05-29,user089@example.com,12770
2026-05-29,user090@example.com,24005
2026-05-29,user091@example.com,86373
2026-05-29,user092@example.com,37240
2026-05-29,user093@example.com,12563
2026-05-29,user094@example.com,53022
2026-05-29,user095@example.com,8755
2026-05-29,user096@example.com,26842
2026-05-29,user097@example.com,78107
2026-05-29,user098@example.com,34881
2026-05-29,user099@example.com,178495
2026-05-29,user100@example.com,66812
2026-05-30,user001@example.com,19826
2026-05-30,user002@example.com,15517
2026-05-30,user003@example.com,7215
2026-05-30,user004@example.com,48105
2026-05-30,user005@example.com,15982
2026-05-30,user006@example.com,24813
2026-05-30,user007@example.com,82731
2026-05-30,user008@example.com,28538
2026-05-30,user009@example.com,22354
2026-05-30,user010@example.com,7104
2026-05-30,user011@example.com,120737
2026-05-30,user012@example.com,19626
2026-05-30,user013@example.com,14307
2026-05-30,user014@example.com,35690
2026-05-30,user015@example.com,38954
2026-05-30,user016@example.com,38194
2026-05-30,user017@example.com,50428
2026-05-30,user018@example.com,39613
2026-05-30,user019@example.com,35857
2026-05-30,user020@example.com,17655
2026-05-30,user021@example.com,42777
2026-05-30,user022@example.com,216151
2026-05-30,user023@example.com,26721
2026-05-30,user024@example.com,37792
2026-05-30,user025@example.com,23087
2026-05-30,user026@example.com,7998
2026-05-30,user027@example.com,47883
2026-05-30,user028@example.com,50720
2026-05-30,user029@example.com,30704
2026-05-30,user030@example.com,52651
2026-05-30,user031@example.com,42769
2026-05-30,user032@example.com,39819
2026-05-30,user033@example.com,68260
2026-05-30,user034@example.com,9815
2026-05-30,user035@example.com,6308
2026-05-30,user036@example.com,13944
2026-05-30,user037@example.com,64712
2026-05-30,user038@example.com,158701
2026-05-30,user039@example.com,15499
2026-05-30,user040@example.com,33807
2026-05-30,user041@example.com,63600
2026-05-30,user042@example.com,43674
2026-05-30,user043@example.com,75107
2026-05-30,user044@example.com,10806
2026-05-30,user045@example.com,30842
2026-05-30,user046@example.com,8482
2026-05-30,user047@example.com,74089
2026-05-30,user048@example.com,24420
2026-05-30,user049@example.com,47512
2026-05-30,user050@example.com,15682
2026-05-30,user051@example.com,8363
2026-05-30,user052@example.com,17694
2026-05-30,user053@example.com,9851
2026-05-30,user054@example.com,14106
2026-05-30,user055@example.com,17349
2026-05-30,user056@example.com,4519
2026-05-30,user057@example.com,165945
2026-05-30,user058@example.com,67044
2026-05-30,user059@example.com,82083
2026-05-30,user060@example.com,37235
2026-05-30,user061@example.com,28169
2026-05-30,user062@example.com,29334
2026-05-30,user063@example.com,7147
2026-05-30,user064@example.com,40103
2026-05-30,user065@example.com,21071
2026-05-30,user066@example.com,17522
2026-05-30,user067@example.com,75474
2026-05-30,user068@example.com,7896
2026-05-30,user069@example.com,124486
2026-05-30,user070@example.com,7064
2026-05-30,user071@example.com,6790
2026-05-30,user072@example.com,50245
2026-05-30,user073@example.com,152841
2026-05-30,user074@example.com,13352
2026-05-30,user075@example.com,6785
2026-05-30,user076@example.com,11198
2026-05-30,user077@example.com,9759
2026-05-30,user078@example.com,98166
2026-05-30,user079@example.com,37171
2026-05-30,user080@example.com,45924
2026-05-30,user081@example.com,6985
2026-05-30,user082@example.com,22647
2026-05-30,user083@example.com,71108
2026-05-30,user084@example.com,83785
2026-05-30,user085@example.com,42292
2026-05-30,user086@example.com,28115
2026-05-30,user087@example.com,16639
2026-05-30,user088@example.com,30687
2026-05-30,user089@example.com,12510
2026-05-30,user090@example.com,30481
2026-05-30,user091@example.com,102109
2026-05-30,user092@example.com,17908
2026-05-30,user093@example.com,9336
2026-05-30,user094@example.com,33709
2026-05-30,user095@example.com,4051
2026-05-30,user096@example.com,33318
2026-05-30,user097@example.com,68381
2026-05-30,user098@example.com,64105
2026-05-30,user099@example.com,129434
2026-05-30,user100@example.com,54143
2026-05-31,user001@example.com,8889
2026-05-31,user002@example.com,11410
2026-05-31,user003@example.com,3286
2026-05-31,user004@example.com,20541
2026-05-31,user005@example.com,13022
2026-05-31,user006@example.com,15712
2026-05-31,user007@example.com,80238
2026-05-31,user008@example.com,6468
2026-05-31,user009@example.com,9937
2026-05-31,user010@example.com,4129
2026-05-31,user011@example.com,21517
2026-05-31,user012@example.com,10237
2026-05-31,user013@example.com,5074
2026-05-31,user014@example.com,10877
2026-05-31,user015@example.com,10593
2026-05-31,user016@example.com,13187
2026-05-31,user017@example.com,41213
2026-05-31,user018@example.com,22636
2026-05-31,user019@example.com,26107
2026-05-31,user020@example.com,21299
2026-05-31,user021@example.com,15567
2026-05-31,user022@example.com,103175
2026-05-31,user023@example.com,26843
2026-05-31,user024@example.com,14752
2026-05-31,user025@example.com,23589
2026-05-31,user026@example.com,2856
2026-05-31,user027@example.com,37454
2026-05-31,user028@example.com,12424
2026-05-31,user029@example.com,28562
2026-05-31,user030@example.com,78835
2026-05-31,user031@example.com,14942
2026-05-31,user032@example.com,24835
2026-05-31,user033@example.com,76309
2026-05-31,user034@example.com,6014
2026-05-31,user035@example.com,7764
2026-05-31,user036@example.com,5021
2026-05-31,user037@example.com,24286
2026-05-31,user038@example.com,51010
2026-05-31,user039@example.com,4869
2026-05-31,user040@example.com,11307
2026-05-31,user041@example.com,41531
2026-05-31,user042@example.com,22904
2026-05-31,user043@example.com,48950
2026-05-31,user044@example.com,14070
2026-05-31,user045@example.com,9822
2026-05-31,user046@example.com,4942
2026-05-31,user047@example.com,33428
2026-05-31,user048@example.com,26344
2026-05-31,user049@example.com,22672
2026-05-31,user050@example.com,12948
2026-05-31,user051@example.com,5499
2026-05-31,user052@example.com,8698
2026-05-31,user053@example.com,5627
2026-05-31,user054@example.com,3908
2026-05-31,user055@example.com,11959
2026-05-31,user056@example.com,3143
2026-05-31,user057@example.com,62737
2026-05-31,user058@example.com,21377
2026-05-31,user059@example.com,76529
2026-05-31,user060@example.com,26269
2026-05-31,user061@example.com,13338
2026-05-31,user062@example.com,35629
2026-05-31,user063@example.com,6859
2026-05-31,user064@example.com,36425
2026-05-31,user065@example.com,17234
2026-05-31,user066@example.com,11311
2026-05-31,user067@example.com,43353
2026-05-31,user068@example.com,6872
2026-05-31,user069@example.com,56101
2026-05-31,user070@example.com,2915
2026-05-31,user071@example.com,3012
2026-05-31,user072@example.com,28742
2026-05-31,user073@example.com,104465
2026-05-31,user074@example.com,5850
2026-05-31,user075@example.com,5052
2026-05-31,user076@example.com,4530
2026-05-31,user077@example.com,5046
2026-05-31,user078@example.com,79705
2026-05-31,user079@example.com,15776
2026-05-31,user080@example.com,41398
2026-05-31,user081@example.com,4165
2026-05-31,user082@example.com,37136
2026-05-31,user083@example.com,14590
2026-05-31,user084@example.com,77394
2026-05-31,user085@example.com,10499
2026-05-31,user086@example.com,13462
2026-05-31,user087@example.com,2219
2026-05-31,user088@example.com,43945
2026-05-31,user089@example.com,8184
2026-05-31,user090@example.com,10768
2026-05-31,user091@example.com,31677
2026-05-31,user092@example.com,6662
2026-05-31,user093@example.com,7920
2026-05-31,user094@example.com,11934
2026-05-31,user095@example.com,3909
2026-05-31,user096@example.com,29917
2026-05-31,user097@example.com,18266
2026-05-31,user098@example.com,21733
2026-05-31,user099@example.com,145951
2026-05-31,user100@example.com,51261
2026-06-01,user001@example.com,15177
2026-06-01,user002@example.com,8534
2026-06-01,user003@example.com,4832
2026-06-01,user004@example.com,32900
2026-06-01,user005@example.com,11049
2026-06-01,user006@example.com,7314
2026-06-01,user007@example.com,62330
2026-06-01,user008@example.com,3963
2026-06-01,user009@example.com,18919
2026-06-01,user010@example.com,3385
2026-06-01,user011@example.com,64408
2026-06-01,user012@example.com,9116
2026-06-01,user013@example.com,6095
2026-06-01,user014@example.com,20854
2026-06-01,user015@example.com,8771
2026-06-01,user016@example.com,6768
2026-06-01,user017@example.com,25497
2026-06-01,user018@example.com,25172
2026-06-01,user019@example.com,20099
2026-06-01,user020@example.com,10537
2026-06-01,user021@example.com,17086
2026-06-01,user022@example.com,69424
2026-06-01,user023@example.com,34385
2026-06-01,user024@example.com,32138
2026-06-01,user025@example.com,17778
2026-06-01,user026@example.com,5521
2026-06-01,user027@example.com,15602
2026-06-01,user028@example.com,24039
2026-06-01,user029@example.com,23815
2026-06-01,user030@example.com,45827
2026-06-01,user031@example.com,17255
2026-06-01,user032@example.com,28715
2026-06-01,user033@example.com,143078
2026-06-01,user034@example.com,5927
2026-06-01,user035@example.com,5143
2026-06-01,user036@example.com,3591
2026-06-01,user037@example.com,32319
2026-06-01,user038@example.com,77235
2026-06-01,user039@example.com,6916
2026-06-01,user040@example.com,22792
2026-06-01,user041@example.com,31082
2026-06-01,user042@example.com,20665
2026-06-01,user043@example.com,59884
2026-06-01,user044@example.com,8287
2026-06-01,user045@example.com,13530
2026-06-01,user046@example.com,6642
2026-06-01,user047@example.com,19441
2026-06-01,user048@example.com,12786
2026-06-01,user049@example.com,23253
2026-06-01,user050@example.com,12368
2026-06-01,user051@example.com,5122
2026-06-01,user052@example.com,7080
2026-06-01,user053@example.com,4934
2026-06-01,user054@example.com,5931
2026-06-01,user055@example.com,12836
2026-06-01,user056@example.com,3806
2026-06-01,user057@example.com,66573
2026-06-01,user058@example.com,16549
2026-06-01,user059@example.com,82178
2026-06-01,user060@example.com,13600
2026-06-01,user061@example.com,31994
2026-06-01,user062@example.com,25925
2026-06-01,user063@example.com,4583
2026-06-01,user064@example.com,53162
2026-06-01,user065@example.com,14687
2026-06-01,user066@example.com,20537
2026-06-01,user067@example.com,87937
2026-06-01,user068@example.com,6914
2026-06-01,user069@example.com,73445
2026-06-01,user070@example.com,2519
2026-06-01,user071@example.com,4817
2026-06-01,user072@example.com,15413
2026-06-01,user073@example.com,52303
2026-06-01,user074@example.com,4723
2026-06-01,user075@example.com,4200
2026-06-01,user076@example.com,4761
2026-06-01,user077@example.com,8459
2026-06-01,user078@example.com,61475
2026-06-01,user079@example.com,16881
2026-06-01,user080@example.com,33826
2026-06-01,user081@example.com,5846
2026-06-01,user082@example.com,35613
2026-06-01,user083@example.com,12758
2026-06-01,user084@example.com,35631
2026-06-01,user085@example.com,9853
2026-06-01,user086@example.com,20937
2026-06-01,user087@example.com,10934
2026-06-01,user088@example.com,13790
2026-06-01,user089@example.com,6780
2026-06-01,user090@example.com,24148
2026-06-01,user091@example.com,48985
2026-06-01,user092@example.com,11756
2026-06-01,user093@example.com,7885
2026-06-01,user094@example.com,15181
2026-06-01,user095@example.com,3467
2026-06-01,user096@example.com,14700
2026-06-01,user097@example.com,25416
2026-06-01,user098@example.com,26268
2026-06-01,user099@example.com,70253
2026-06-01,user100@example.com,13262
2026-06-02,user001@example.com,22354
2026-06-02,user002@example.com,8101
2026-06-02,user003@example.com,14406
2026-06-02,user004@example.com,55345
2026-06-02,user005@example.com,34196
2026-06-02,user006@example.com,25302
2026-06-02,user007@example.com,220558
2026-06-02,user008@example.com,17410
2026-06-02,user009@example.com,32789
2026-06-02,user010@example.com,5407
2026-06-02,user011@example.com,103224
2026-06-02,user012@example.com,32614
2026-06-02,user013@example.com,24562
2026-06-02,user014@example.com,61967
2026-06-02,user015@example.com,23986
2026-06-02,user016@example.com,48275
2026-06-02,user017@example.com,50979
2026-06-02,user018@example.com,35510
2026-06-02,user019@example.com,24023
2026-06-02,user020@example.com,32098
2026-06-02,user021@example.com,28390
2026-06-02,user022@example.com,180180
2026-06-02,user023@example.com,20772
2026-06-02,user024@example.com,53993
2026-06-02,user025@example.com,13224
2026-06-02,user026@example.com,15106
2026-06-02,user027@example.com,71695
2026-06-02,user028@example.com,42135
2026-06-02,user029@example.com,61953
2026-06-02,user030@example.com,64142
2026-06-02,user031@example.com,36300
2026-06-02,user032@example.com,78880
2026-06-02,user033@example.com,45873
2026-06-02,user034@example.com,12688
2026-06-02,user035@example.com,8961
2026-06-02,user036@example.com,9637
2026-06-02,user037@example.com,99460
2026-06-02,user038@example.com,91424
2026-06-02,user039@example.com,11939
2026-06-02,user040@example.com,15838
2026-06-02,user041@example.com,175135
2026-06-02,user042@example.com,54793
2026-06-02,user043@example.com,116215
2026-06-02,user044@example.com,14569
2026-06-02,user045@example.com,38692
2026-06-02,user046@example.com,11657
2026-06-02,user047@example.com,150886
2026-06-02,user048@example.com,54452
2026-06-02,user049@example.com,43231
2026-06-02,user050@example.com,25444
2026-06-02,user051@example.com,8996
2026-06-02,user052@example.com,10298
2026-06-02,user053@example.com,13739
2026-06-02,user054@example.com,19520
2026-06-02,user055@example.com,24986
2026-06-02,user056@example.com,7782
2026-06-02,user057@example.com,296126
2026-06-02,user058@example.com,28195
2026-06-02,user059@example.com,71961
2026-06-02,user060@example.com,20686
2026-06-02,user061@example.com,20642
2026-06-02,user062@example.com,68370
2026-06-02,user063@example.com,11942
2026-06-02,user064@example.com,47112
2026-06-02,user065@example.com,46363
2026-06-02,user066@example.com,27786
2026-06-02,user067@example.com,228489
2026-06-02,user068@example.com,22994
2026-06-02,user069@example.com,126518
2026-06-02,user070@example.com,11690
2026-06-02,user071@example.com,9484
2026-06-02,user072@example.com,82533
2026-06-02,user073@example.com,78168
2026-06-02,user074@example.com,8342
2026-06-02,user075@example.com,7876
2026-06-02,user076@example.com,7562
2026-06-02,user077@example.com,14538
2026-06-02,user078@example.com,125469
2026-06-02,user079@example.com,65458
2026-06-02,user080@example.com,78315
2026-06-02,user081@example.com,7735
2026-06-02,user082@example.com,52812
2026-06-02,user083@example.com,35490
2026-06-02,user084@example.com,107014
2026-06-02,user085@example.com,17609
2026-06-02,user086@example.com,36264
2026-06-02,user087@example.com,14275
2026-06-02,user088@example.com,65147
2026-06-02,user089@example.com,8941
2026-06-02,user090@example.com,25617
2026-06-02,user091@example.com,194703
2026-06-02,user092@example.com,12537
2026-06-02,user093@example.com,12472
2026-06-02,user094@example.com,33245
2026-06-02,user095@example.com,5634
2026-06-02,user096@example.com,60829
2026-06-02,user097@example.com,63410
2026-06-02,user098@example.com,48679
2026-06-02,user099@example.com,81952
2026-06-02,user100@example.com,102409
2026-06-03,user001@example.com,57452
2026-06-03,user002@example.com,28198
2026-06-03,user003@example.com,18534
2026-06-03,user004@example.com,37093
2026-06-03,user005@example.com,37409
2026-06-03,user006@example.com,48400
2026-06-03,user007@example.com,100633
2026-06-03,user008@example.com,9906
2026-06-03,user009@example.com,75158
2026-06-03,user010@example.com,13287
2026-06-03,user011@example.com,64993
2026-06-03,user012@example.com,24908
2026-06-03,user013@example.com,15165
2026-06-03,user014@example.com,72393
2026-06-03,user015@example.com,26848
2026-06-03,user016@example.com,48021
2026-06-03,user017@example.com,86872
2026-06-03,user018@example.com,44470
2026-06-03,user019@example.com,55421
2026-06-03,user020@example.com,26717
2026-06-03,user021@example.com,68301
2026-06-03,user022@example.com,180810
2026-06-03,user023@example.com,36418
2026-06-03,user024@example.com,42872
2026-06-03,user025@example.com,35047
2026-06-03,user026@example.com,14546
2026-06-03,user027@example.com,40510
2026-06-03,user028@example.com,96011
2026-06-03,user029@example.com,61362
2026-06-03,user030@example.com,115124
2026-06-03,user031@example.com,37034
2026-06-03,user032@example.com,65094
2026-06-03,user033@example.com,139256
2026-06-03,user034@example.com,22938
2026-06-03,user035@example.com,9751
2026-06-03,user036@example.com,14617
2026-06-03,user037@example.com,55548
2026-06-03,user038@example.com,157071
2026-06-03,user039@example.com,12123
2026-06-03,user040@example.com,51322
2026-06-03,user041@example.com,83469
2026-06-03,user042@example.com,57705
2026-06-03,user043@example.com,131366
2026-06-03,user044@example.com,14192
2026-06-03,user045@example.com,43172
2026-06-03,user046@example.com,10003
2026-06-03,user047@example.com,105316
2026-06-03,user048@example.com,37761
2026-06-03,user049@example.com,58442
2026-06-03,user050@example.com,25554
2026-06-03,user051@example.com,12950
2026-06-03,user052@example.com,18753
2026-06-03,user053@example.com,13892
2026-06-03,user054@example.com,24350
2026-06-03,user055@example.com,26663
2026-06-03,user056@example.com,13721
2026-06-03,user057@example.com,144085
2026-06-03,user058@example.com,52312
2026-06-03,user059@example.com,105715
2026-06-03,user060@example.com,26586
2026-06-03,user061@example.com,37229
2026-06-03,user062@example.com,122024
2026-06-03,user063@example.com,15193
2026-06-03,user064@example.com,98287
2026-06-03,user065@example.com,36213
2026-06-03,user066@example.com,33461
2026-06-03,user067@example.com,323214
2026-06-03,user068@example.com,17091
2026-06-03,user069@example.com,128283
2026-06-03,user070@example.com,11528
2026-06-03,user071@example.com,10087
2026-06-03,user072@example.com,32231
2026-06-03,user073@example.com,203532
2026-06-03,user074@example.com,23566
2026-06-03,user075@example.com,18605
2026-06-03,user076@example.com,12954
2026-06-03,user077@example.com,17285
2026-06-03,user078@example.com,196463
2026-06-03,user079@example.com,74158
2026-06-03,user080@example.com,173497
2026-06-03,user081@example.com,11001
2026-06-03,user082@example.com,61016
2026-06-03,user083@example.com,39147
2026-06-03,user084@example.com,193894
2026-06-03,user085@example.com,19500
2026-06-03,user086@example.com,50273
2026-06-03,user087@example.com,23166
2026-06-03,user088@example.com,61717
2026-06-03,user089@example.com,16859
2026-06-03,user090@example.com,57332
2026-06-03,user091@example.com,151638
2026-06-03,user092@example.com,15248
2026-06-03,user093@example.com,11934
2026-06-03,user094@example.com,40482
2026-06-03,user095@example.com,11859
2026-06-03,user096@example.com,26998
2026-06-03,user097@example.com,94470
2026-06-03,user098@example.com,79903
2026-06-03,user099@example.com,118101
2026-06-03,user100@example.com,91635
2026-06-04,user001@example.com,30604
2026-06-04,user002@example.com,20406
2026-06-04,user003@example.com,20458
2026-06-04,user004@example.com,24247
2026-06-04,user005@example.com,23817
2026-06-04,user006@example.com,27722
2026-06-04,user007@example.com,91723
2026-06-04,user008@example.com,9829
2026-06-04,user009@example.com,50802
2026-06-04,user010@example.com,7042
2026-06-04,user011@example.com,51684
2026-06-04,user012@example.com,40949
2026-06-04,user013@example.com,12785
2026-06-04,user014@example.com,45483
2026-06-04,user015@example.com,18128
2026-06-04,user016@example.com,33333
2026-06-04,user017@example.com,48477
2026-06-04,user018@example.com,20620
2026-06-04,user019@example.com,30073
2026-06-04,user020@example.com,35163
2026-06-04,user021@example.com,60084
2026-06-04,user022@example.com,170294
2026-06-04,user023@example.com,58752
2026-06-04,user024@example.com,41418
2026-06-04,user025@example.com,25829
2026-06-04,user026@example.com,13001
2026-06-04,user027@example.com,91885
2026-06-04,user028@example.com,62969
2026-06-04,user029@example.com,30115
2026-06-04,user030@example.com,75853
2026-06-04,user031@example.com,33530
2026-06-04,user032@example.com,46885
2026-06-04,user033@example.com,133413
2026-06-04,user034@example.com,17001
2026-06-04,user035@example.com,11030
2026-06-04,user036@example.com,16011
2026-06-04,user037@example.com,45753
2026-06-04,user038@example.com,72260
2026-06-04,user039@example.com,14460
2026-06-04,user040@example.com,51477
2026-06-04,user041@example.com,75100
2026-06-04,user042@example.com,65298
2026-06-04,user043@example.com,148593
2026-06-04,user044@example.com,13641
2026-06-04,user045@example.com,26687
2026-06-04,user046@example.com,6423
2026-06-04,user047@example.com,23103
2026-06-04,user048@example.com,27061
2026-06-04,user049@example.com,38153
2026-06-04,user050@example.com,39091
2026-06-04,user051@example.com,8559
2026-06-04,user052@example.com,12487
2026-06-04,user053@example.com,8527
2026-06-04,user054@example.com,16053
2026-06-04,user055@example.com,42829
2026-06-04,user056@example.com,12876
2026-06-04,user057@example.com,185151
2026-06-04,user058@example.com,23826
2026-06-04,user059@example.com,112795
2026-06-04,user060@example.com,52633
2026-06-04,user061@example.com,45061
2026-06-04,user062@example.com,29977
2026-06-04,user063@example.com,11422
2026-06-04,user064@example.com,49665
2026-06-04,user065@example.com,20389
2026-06-04,user066@example.com,13559
2026-06-04,user067@example.com,155027
2026-06-04,user068@example.com,8840
2026-06-04,user069@example.com,96962
2026-06-04,user070@example.com,6859
2026-06-04,user071@example.com,8468
2026-06-04,user072@example.com,51183
2026-06-04,user073@example.com,85482
2026-06-04,user074@example.com,11810
2026-06-04,user075@example.com,4197
2026-06-04,user076@example.com,9894
2026-06-04,user077@example.com,5511
2026-06-04,user078@example.com,105254
2026-06-04,user079@example.com,60337
2026-06-04,user080@example.com,53595
2026-06-04,user081@example.com,11403
2026-06-04,user082@example.com,76944
2026-06-04,user083@example.com,12546
2026-06-04,user084@example.com,120988
2026-06-04,user085@example.com,9730
2026-06-04,user086@example.com,29194
2026-06-04,user087@example.com,14937
2026-06-04,user088@example.com,16749
2026-06-04,user089@example.com,25023
2026-06-04,user090@example.com,29426
2026-06-04,user091@example.com,65931
2026-06-04,user092@example.com,25010
2026-06-04,user093@example.com,6213
2026-06-04,user094@example.com,28446
2026-06-04,user095@example.com,3471
2026-06-04,user096@example.com,57150
2026-06-04,user097@example.com,57678
2026-06-04,user098@example.com,50301
2026-06-04,user099@example.com,141745
2026-06-04,user100@example.com,94922
2026-06-05,user001@example.com,30732
2026-06-05,user002@example.com,16182
2026-06-05,user003@example.com,11887
2026-06-05,user004@example.com,34739
2026-06-05,user005@example.com,25742
2026-06-05,user006@example.com,32910
2026-06-05,user007@example.com,152991
2026-06-05,user008@example.com,6824
2026-06-05,user009@example.com,26846
2026-06-05,user010@example.com,11147
2026-06-05,user011@example.com,78334
2026-06-05,user012@example.com,18060
2026-06-05,user013@example.com,7810
2026-06-05,user014@example.com,25669
2026-06-05,user015@example.com,19476
2026-06-05,user016@example.com,27663
2026-06-05,user017@example.com,39982
2026-06-05,user018@example.com,61732
2026-06-05,user019@example.com,45774
2026-06-05,user020@example.com,49978
2026-06-05,user021@example.com,34451
2026-06-05,user022@example.com,63262
2026-06-05,user023@example.com,56799
2026-06-05,user024@example.com,25343
2026-06-05,user025@example.com,28365
2026-06-05,user026@example.com,6650
2026-06-05,user027@example.com,106825
2026-06-05,user028@example.com,64961
2026-06-05,user029@example.com,33156
2026-06-05,user030@example.com,72991
2026-06-05,user031@example.com,32576
2026-06-05,user032@example.com,68268
2026-06-05,user033@example.com,115650
2026-06-05,user034@example.com,8758
2026-06-05,user035@example.com,5937
2026-06-05,user036@example.com,8708
2026-06-05,user037@example.com,77735
2026-06-05,user038@example.com,132968
2026-06-05,user039@example.com,9565
2026-06-05,user040@example.com,32832
2026-06-05,user041@example.com,76172
2026-06-05,user042@example.com,68916
2026-06-05,user043@example.com,277223
2026-06-05,user044@example.com,11058
2026-06-05,user045@example.com,34640
2026-06-05,user046@example.com,6719
2026-06-05,user047@example.com,48518
2026-06-05,user048@example.com,39657
2026-06-05,user049@example.com,40169
2026-06-05,user050@example.com,61961
2026-06-05,user051@example.com,7834
2026-06-05,user052@example.com,18073
2026-06-05,user053@example.com,5825
2026-06-05,user054@example.com,14583
2026-06-05,user055@example.com,39025
2026-06-05,user056@example.com,7251
2026-06-05,user057@example.com,61136
2026-06-05,user058@example.com,38721
2026-06-05,user059@example.com,126135
2026-06-05,user060@example.com,33712
2026-06-05,user061@example.com,60450
2026-06-05,user062@example.com,44178
2026-06-05,user063@example.com,8482
2026-06-05,user064@example.com,28574
2026-06-05,user065@example.com,28044
2026-06-05,user066@example.com,35366
2026-06-05,user067@example.com,121596
2026-06-05,user068@example.com,15034
2026-06-05,user069@example.com,147559
2026-06-05,user070@example.com,7747
2026-06-05,user071@example.com,6359
2026-06-05,user072@example.com,42631
2026-06-05,user073@example.com,48908
2026-06-05,user074@example.com,13616
2026-06-05,user075@example.com,7702
2026-06-05,user076@example.com,9316
2026-06-05,user077@example.com,17559
2026-06-05,user078@example.com,131027
2026-06-05,user079@example.com,41358
2026-06-05,user080@example.com,77628
2026-06-05,user081@example.com,5336
2026-06-05,user082@example.com,41138
2026-06-05,user083@example.com,39948
2026-06-05,user084@example.com,96911
2026-06-05,user085@example.com,35358
2026-06-05,user086@example.com,23747
2026-06-05,user087@example.com,15876
2026-06-05,user088@example.com,40882
2026-06-05,user089@example.com,16280
2026-06-05,user090@example.com,35863
2026-06-05,user091@example.com,111202
2026-06-05,user092@example.com,7042
2026-06-05,user093@example.com,17387
2026-06-05,user094@example.com,73366
2026-06-05,user095@example.com,6446
2026-06-05,user096@example.com,32486
2026-06-05,user097@example.com,36945
2026-06-05,user098@example.com,19846
2026-06-05,user099@example.com,96813
2026-06-05,user100@example.com,63171
2026-06-06,user001@example.com,24899
2026-06-06,user002@example.com,9920
2026-06-06,user003@example.com,8348
2026-06-06,user004@example.com,40369
2026-06-06,user005@example.com,18838
2026-06-06,user006@example.com,34098
2026-06-06,user007@example.com,176142
2026-06-06,user008@example.com,24826
2026-06-06,user009@example.com,60093
2026-06-06,user010@example.com,7834
2026-06-06,user011@example.com,66179
2026-06-06,user012@example.com,15378
2026-06-06,user013@example.com,12099
2026-06-06,user014@example.com,33861
2026-06-06,user015@example.com,32453
2026-06-06,user016@example.com,17281
2026-06-06,user017@example.com,43672
2026-06-06,user018@example.com,44947
2026-06-06,user019@example.com,36645
2026-06-06,user020@example.com,22945
2026-06-06,user021@example.com,26863
2026-06-06,user022@example.com,103570
2026-06-06,user023@example.com,55802
2026-06-06,user024@example.com,28377
2026-06-06,user025@example.com,27573
2026-06-06,user026@example.com,9503
2026-06-06,user027@example.com,34132
2026-06-06,user028@example.com,37960
2026-06-06,user029@example.com,29476
2026-06-06,user030@example.com,117073
2026-06-06,user031@example.com,18924
2026-06-06,user032@example.com,37841
2026-06-06,user033@example.com,70310
2026-06-06,user034@example.com,7349
2026-06-06,user035@example.com,12556
2026-06-06,user036@example.com,9944
2026-06-06,user037@example.com,49966
2026-06-06,user038@example.com,85764
2026-06-06,user039@example.com,16239
2026-06-06,user040@example.com,18485
2026-06-06,user041@example.com,108552
2026-06-06,user042@example.com,35054
2026-06-06,user043@example.com,86126
2026-06-06,user044@example.com,15412
2026-06-06,user045@example.com,33375
2026-06-06,user046@example.com,10135
2026-06-06,user047@example.com,32946
2026-06-06,user048@example.com,31646
2026-06-06,user049@example.com,42813
2026-06-06,user050@example.com,18325
2026-06-06,user051@example.com,13286
2026-06-06,user052@example.com,5985
2026-06-06,user053@example.com,8216
2026-06-06,user054@example.com,9888
2026-06-06,user055@example.com,9116
2026-06-06,user056@example.com,5044
2026-06-06,user057@example.com,172701
2026-06-06,user058@example.com,37395
2026-06-06,user059@example.com,204991
2026-06-06,user060@example.com,42364
2026-06-06,user061@example.com,32805
2026-06-06,user062@example.com,53085
2026-06-06,user063@example.com,11044
2026-06-06,user064@example.com,16000
2026-06-06,user065@example.com,15141
2026-06-06,user066@example.com,29203
2026-06-06,user067@example.com,172142
2026-06-06,user068@example.com,11943
2026-06-06,user069@example.com,86488
2026-06-06,user070@example.com,9988
2026-06-06,user071@example.com,13814
2026-06-06,user072@example.com,66061
2026-06-06,user073@example.com,152590
2026-06-06,user074@example.com,9719
2026-06-06,user075@example.com,10484
2026-06-06,user076@example.com,8652
2026-06-06,user077@example.com,16596
2026-06-06,user078@example.com,122645
2026-06-06,user079@example.com,38838
2026-06-06,user080@example.com,53246
2026-06-06,user081@example.com,7990
2026-06-06,user082@example.com,67197
2026-06-06,user083@example.com,31703
2026-06-06,user084@example.com,161586
2026-06-06,user085@example.com,31927
2026-06-06,user086@example.com,25390
2026-06-06,user087@example.com,22560
2026-06-06,user088@example.com,32671
2026-06-06,user089@example.com,20047
2026-06-06,user090@example.com,28716
2026-06-06,user091@example.com,81770
2026-06-06,user092@example.com,10169
2026-06-06,user093@example.com,10463
2026-06-06,user094@example.com,37734
2026-06-06,user095@example.com,4631
2026-06-06,user096@example.com,26124
2026-06-06,user097@example.com,35907
2026-06-06,user098@example.com,45424
2026-06-06,user099@example.com,186712
2026-06-06,user100@example.com,46829
2026-06-07,user001@example.com,29786
2026-06-07,user002@example.com,7696
2026-06-07,user003@example.com,4451
2026-06-07,user004@example.com,30657
2026-06-07,user005@example.com,12243
2026-06-07,user006@example.com,15897
2026-06-07,user007@example.com,69891
2026-06-07,user008@example.com,4705
2026-06-07,user009@example.com,30296
2026-06-07,user010@example.com,3777
2026-06-07,user011@example.com,28857
2026-06-07,user012@example.com,9764
2026-06-07,user013@example.com,4106
2026-06-07,user014@example.com,15705
2026-06-07,user015@example.com,21729
2026-06-07,user016@example.com,10761
2026-06-07,user017@example.com,12270
2026-06-07,user018@example.com,26700
2026-06-07,user019@example.com,21142
2026-06-07,user020@example.com,13263
2026-06-07,user021@example.com,14653
2026-06-07,user022@example.com,87314
2026-06-07,user023@example.com,16497
2026-06-07,user024@example.com,39420
2026-06-07,user025@example.com,8538
2026-06-07,user026@example.com,5575
2026-06-07,user027@example.com,34561
2026-06-07,user028@example.com,16457
2026-06-07,user029@example.com,16433
2026-06-07,user030@example.com,59600
2026-06-07,user031@example.com,11563
2026-06-07,user032@example.com,22324
2026-06-07,user033@example.com,85428
2026-06-07,user034@example.com,6942
2026-06-07,user035@example.com,2226
2026-06-07,user036@example.com,8793
2026-06-07,user037@example.com,22931
2026-06-07,user038@example.com,54389
2026-06-07,user039@example.com,7501
2026-06-07,user040@example.com,17814
2026-06-07,user041@example.com,94781
2026-06-07,user042@example.com,15440
2026-06-07,user043@example.com,83613
2026-06-07,user044@example.com,8896
2026-06-07,user045@example.com,13643
2026-06-07,user046@example.com,6284
2026-06-07,user047@example.com,38282
2026-06-07,user048@example.com,13237
2026-06-07,user049@example.com,43383
2026-06-07,user050@example.com,8294
2026-06-07,user051@example.com,3206
2026-06-07,user052@example.com,7345
2026-06-07,user053@example.com,12284
2026-06-07,user054@example.com,6156
2026-06-07,user055@example.com,14154
2026-06-07,user056@example.com,7876
2026-06-07,user057@example.com,72480
2026-06-07,user058@example.com,14212
2026-06-07,user059@example.com,59267
2026-06-07,user060@example.com,23127
2026-06-07,user061@example.com,16769
2026-06-07,user062@example.com,54255
2026-06-07,user063@example.com,8107
2026-06-07,user064@example.com,18763
2026-06-07,user065@example.com,14571
2026-06-07,user066@example.com,12135
2026-06-07,user067@example.com,63719
2026-06-07,user068@example.com,30030
2026-06-07,user069@example.com,97965
2026-06-07,user070@example.com,5642
2026-06-07,user071@example.com,3835
2026-06-07,user072@example.com,47815
2026-06-07,user073@example.com,92012
2026-06-07,user074@example.com,13251
2026-06-07,user075@example.com,7928
2026-06-07,user076@example.com,2842
2026-06-07,user077@example.com,5460
2026-06-07,user078@example.com,44070
2026-06-07,user079@example.com,16899
2026-06-07,user080@example.com,46751
2026-06-07,user081@example.com,3912
2026-06-07,user082@example.com,57019
2026-06-07,user083@example.com,41816
2026-06-07,user084@example.com,68431
2026-06-07,user085@example.com,28377
2026-06-07,user086@example.com,27538
2026-06-07,user087@example.com,6876
2026-06-07,user088@example.com,10627
2026-06-07,user089@example.com,6355
2026-06-07,user090@example.com,11421
2026-06-07,user091@example.com,51287
2026-06-07,user092@example.com,8306
2026-06-07,user093@example.com,6401
2026-06-07,user094@example.com,28245
2026-06-07,user095@example.com,2730
2026-06-07,user096@example.com,18891
2026-06-07,user097@example.com,23668
2026-06-07,user098@example.com,23026
2026-06-07,user099@example.com,95888
2026-06-07,user100@example.com,27197
2026-06-08,user001@example.com,12156
2026-06-08,user002@example.com,6334
2026-06-08,user003@example.com,4290
2026-06-08,user004@example.com,26422
2026-06-08,user005@example.com,9121
2026-06-08,user006@example.com,11044
2026-06-08,user007@example.com,51499
2026-06-08,user008@example.com,7525
2026-06-08,user009@example.com,16230
2026-06-08,user010@example.com,4020
2026-06-08,user011@example.com,78122
2026-06-08,user012@example.com,6431
2026-06-08,user013@example.com,7578
2026-06-08,user014@example.com,34612
2026-06-08,user015@example.com,16816
2026-06-08,user016@example.com,13336
2026-06-08,user017@example.com,28340
2026-06-08,user018@example.com,11220
2026-06-08,user019@example.com,14676
2026-06-08,user020@example.com,9498
2026-06-08,user021@example.com,29387
2026-06-08,user022@example.com,49680
2026-06-08,user023@example.com,13179
2026-06-08,user024@example.com,13380
2026-06-08,user025@example.com,14277
2026-06-08,user026@example.com,4113
2026-06-08,user027@example.com,33113
2026-06-08,user028@example.com,22269
2026-06-08,user029@example.com,11895
2026-06-08,user030@example.com,25807
2026-06-08,user031@example.com,21631
2026-06-08,user032@example.com,21082
2026-06-08,user033@example.com,77818
2026-06-08,user034@example.com,5336
2026-06-08,user035@example.com,2439
2026-06-08,user036@example.com,3518
2026-06-08,user037@example.com,16131
2026-06-08,user038@example.com,42130
2026-06-08,user039@example.com,6033
2026-06-08,user040@example.com,14039
2026-06-08,user041@example.com,22425
2026-06-08,user042@example.com,22499
2026-06-08,user043@example.com,41820
2026-06-08,user044@example.com,4483
2026-06-08,user045@example.com,12294
2026-06-08,user046@example.com,3227
2026-06-08,user047@example.com,36720
2026-06-08,user048@example.com,26685
2026-06-08,user049@example.com,29161
2026-06-08,user050@example.com,9871
2026-06-08,user051@example.com,2794
2026-06-08,user052@example.com,6794
2026-06-08,user053@example.com,4871
2026-06-08,user054@example.com,4544
2026-06-08,user055@example.com,7778
2026-06-08,user056@example.com,3855
2026-06-08,user057@example.com,57316
2026-06-08,user058@example.com,22403
2026-06-08,user059@example.com,70984
2026-06-08,user060@example.com,17254
2026-06-08,user061@example.com,8632
2026-06-08,user062@example.com,26048
2026-06-08,user063@example.com,3980
2026-06-08,user064@example.com,12580
2026-06-08,user065@example.com,10102
2026-06-08,user066@example.com,19500
2026-06-08,user067@example.com,57958
2026-06-08,user068@example.com,8881
2026-06-08,user069@example.com,68155
2026-06-08,user070@example.com,2982
2026-06-08,user071@example.com,5871
2026-06-08,user072@example.com,26456
2026-06-08,user073@example.com,37051
2026-06-08,user074@example.com,10780
2026-06-08,user075@example.com,3748
2026-06-08,user076@example.com,3937
2026-06-08,user077@example.com,4894
2026-06-08,user078@example.com,77598
2026-06-08,user079@example.com,23111
2026-06-08,user080@example.com,42669
2026-06-08,user081@example.com,3275
2026-06-08,user082@example.com,30311
2026-06-08,user083@example.com,24224
2026-06-08,user084@example.com,44506
2026-06-08,user085@example.com,7148
2026-06-08,user086@example.com,16440
2026-06-08,user087@example.com,3806
2026-06-08,user088@example.com,18569
2026-06-08,user089@example.com,4808
2026-06-08,user090@example.com,17981
2026-06-08,user091@example.com,34100
2026-06-08,user092@example.com,9728
2026-06-08,user093@example.com,4290
2026-06-08,user094@example.com,27364
2026-06-08,user095@example.com,7040
2026-06-08,user096@example.com,9231
2026-06-08,user097@example.com,25074
2026-06-08,user098@example.com,46078
2026-06-08,user099@example.com,57568
2026-06-08,user100@example.com,34983
2026-06-09,user001@example.com,40161
2026-06-09,user002@example.com,15216
2026-06-09,user003@example.com,6418
2026-06-09,user004@example.com,65111
2026-06-09,user005@example.com,13228
2026-06-09,user006@example.com,26338
2026-06-09,user007@example.com,228879
2026-06-09,user008@example.com,10297
2026-06-09,user009@example.com,34364
2026-06-09,user010@example.com,10579
2026-06-09,user011@example.com,65987
2026-06-09,user012@example.com,9779
2026-06-09,user013@example.com,12841
2026-06-09,user014@example.com,41090
2026-06-09,user015@example.com,17254
2026-06-09,user016@example.com,38085
2026-06-09,user017@example.com,60503
2026-06-09,user018@example.com,35266
2026-06-09,user019@example.com,39560
2026-06-09,user020@example.com,31437
2026-06-09,user021@example.com,46225
2026-06-09,user022@example.com,135859
2026-06-09,user023@example.com,50299
2026-06-09,user024@example.com,53390
2026-06-09,user025@example.com,36275
2026-06-09,user026@example.com,9011
2026-06-09,user027@example.com,37368
2026-06-09,user028@example.com,34020
2026-06-09,user029@example.com,49392
2026-06-09,user030@example.com,146977
2026-06-09,user031@example.com,25726
2026-06-09,user032@example.com,68158
2026-06-09,user033@example.com,104007
2026-06-09,user034@example.com,13281
2026-06-09,user035@example.com,13218
2026-06-09,user036@example.com,11614
2026-06-09,user037@example.com,33304
2026-06-09,user038@example.com,95478
2026-06-09,user039@example.com,19833
2026-06-09,user040@example.com,28023
2026-06-09,user041@example.com,59457
2026-06-09,user042@example.com,38609
2026-06-09,user043@example.com,149231
2026-06-09,user044@example.com,18096
2026-06-09,user045@example.com,26833
2026-06-09,user046@example.com,21138
2026-06-09,user047@example.com,68620
2026-06-09,user048@example.com,36730
2026-06-09,user049@example.com,32926
2026-06-09,user050@example.com,18955
2026-06-09,user051@example.com,9995
2026-06-09,user052@example.com,12641
2026-06-09,user053@example.com,20957
2026-06-09,user054@example.com,21346
2026-06-09,user055@example.com,33280
2026-06-09,user056@example.com,5882
2026-06-09,user057@example.com,118547
2026-06-09,user058@example.com,62074
2026-06-09,user059@example.com,104918
2026-06-09,user060@example.com,39492
2026-06-09,user061@example.com,35981
2026-06-09,user062@example.com,52366
2026-06-09,user063@example.com,9121
2026-06-09,user064@example.com,42386
2026-06-09,user065@example.com,28495
2026-06-09,user066@example.com,43740
2026-06-09,user067@example.com,110011
2026-06-09,user068@example.com,10641
2026-06-09,user069@example.com,129792
2026-06-09,user070@example.com,9808
2026-06-09,user071@example.com,6466
2026-06-09,user072@example.com,32438
2026-06-09,user073@example.com,147698
2026-06-09,user074@example.com,7510
2026-06-09,user075@example.com,12194
2026-06-09,user076@example.com,8416
2026-06-09,user077@example.com,8726
2026-06-09,user078@example.com,98606
2026-06-09,user079@example.com,50023
2026-06-09,user080@example.com,64544
2026-06-09,user081@example.com,8951
2026-06-09,user082@example.com,66632
2026-06-09,user083@example.com,37264
2026-06-09,user084@example.com,92046
2026-06-09,user085@example.com,24016
2026-06-09,user086@example.com,50003
2026-06-09,user087@example.com,27053
2026-06-09,user088@example.com,19723
2026-06-09,user089@example.com,18719
2026-06-09,user090@example.com,29105
2026-06-09,user091@example.com,122822
2026-06-09,user092@example.com,12371
2026-06-09,user093@example.com,6283
2026-06-09,user094@example.com,53752
2026-06-09,user095@example.com,5595
2026-06-09,user096@example.com,18746
2026-06-09,user097@example.com,32418
2026-06-09,user098@example.com,49361
2026-06-09,user099@example.com,134164
2026-06-09,user100@example.com,102276
2026-06-10,user001@example.com,39359
2026-06-10,user002@example.com,13228
2026-06-10,user003@example.com,11631
2026-06-10,user004@example.com,37430
2026-06-10,user005@example.com,25315
2026-06-10,user006@example.com,22198
2026-06-10,user007@example.com,175728
2026-06-10,user008@example.com,17368
2026-06-10,user009@example.com,33638
2026-06-10,user010@example.com,12445
2026-06-10,user011@example.com,94513
2026-06-10,user012@example.com,16677
2026-06-10,user013@example.com,6577
2026-06-10,user014@example.com,23781
2026-06-10,user015@example.com,28659
2026-06-10,user016@example.com,41057
2026-06-10,user017@example.com,41547
2026-06-10,user018@example.com,73335
2026-06-10,user019@example.com,57899
2026-06-10,user020@example.com,19827
2026-06-10,user021@example.com,31480
2026-06-10,user022@example.com,364741
2026-06-10,user023@example.com,26458
2026-06-10,user024@example.com,53859
2026-06-10,user025@example.com,24338
2026-06-10,user026@example.com,11632
2026-06-10,user027@example.com,81888
2026-06-10,user028@example.com,35706
2026-06-10,user029@example.com,66227
2026-06-10,user030@example.com,172933
2026-06-10,user031@example.com,31873
2026-06-10,user032@example.com,69167
2026-06-10,user033@example.com,96959
2026-06-10,user034@example.com,13145
2026-06-10,user035@example.com,7471
2026-06-10,user036@example.com,12005
2026-06-10,user037@example.com,80114
2026-06-10,user038@example.com,114729
2026-06-10,user039@example.com,22333
2026-06-10,user040@example.com,46551
2026-06-10,user041@example.com,122170
2026-06-10,user042@example.com,43869
2026-06-10,user043@example.com,96237
2026-06-10,user044@example.com,9825
2026-06-10,user045@example.com,37987
2026-06-10,user046@example.com,5943
2026-06-10,user047@example.com,66601
2026-06-10,user048@example.com,27998
2026-06-10,user049@example.com,59723
2026-06-10,user050@example.com,27414
2026-06-10,user051@example.com,14486
2026-06-10,user052@example.com,22856
2026-06-10,user053@example.com,19700
2026-06-10,user054@example.com,21772
2026-06-10,user055@example.com,28655
2026-06-10,user056@example.com,6054
2026-06-10,user057@example.com,106046
2026-06-10,user058@example.com,19689
2026-06-10,user059@example.com,89356
2026-06-10,user060@example.com,27914
2026-06-10,user061@example.com,25602
2026-06-10,user062@example.com,49341
2026-06-10,user063@example.com,14165
2026-06-10,user064@example.com,40246
2026-06-10,user065@example.com,18400
2026-06-10,user066@example.com,30567
2026-06-10,user067@example.com,111921
2026-06-10,user068@example.com,10844
2026-06-10,user069@example.com,208907
2026-06-10,user070@example.com,7229
2026-06-10,user071@example.com,16882
2026-06-10,user072@example.com,86738
2026-06-10,user073@example.com,97338
2026-06-10,user074@example.com,8850
2026-06-10,user075@example.com,7802
2026-06-10,user076@example.com,13600
2026-06-10,user077@example.com,12911
2026-06-10,user078@example.com,163822
2026-06-10,user079@example.com,68335
2026-06-10,user080@example.com,60616
2026-06-10,user081@example.com,7169
2026-06-10,user082@example.com,67440
2026-06-10,user083@example.com,43105
2026-06-10,user084@example.com,102698
2026-06-10,user085@example.com,24089
2026-06-10,user086@example.com,30383
2026-06-10,user087@example.com,8864
2026-06-10,user088@example.com,53436
2026-06-10,user089@example.com,11043
2026-06-10,user090@example.com,10286
2026-06-10,user091@example.com,90076
2026-06-10,user092@example.com,11824
2026-06-10,user093@example.com,21530
2026-06-10,user094@example.com,36473
2026-06-10,user095@example.com,5412
2026-06-10,user096@example.com,37201
2026-06-10,user097@example.com,41708
2026-06-10,user098@example.com,31115
2026-06-10,user099@example.com,156061
2026-06-10,user100@example.com,55220
2026-06-11,user001@example.com,18562
2026-06-11,user002@example.com,27836
2026-06-11,user003@example.com,14494
2026-06-11,user004@example.com,40511
2026-06-11,user005@example.com,27015
2026-06-11,user006@example.com,36899
2026-06-11,user007@example.com,213901
2026-06-11,user008@example.com,9082
2026-06-11,user009@example.com,50511
2026-06-11,user010@example.com,6607
2026-06-11,user011@example.com,84390
2026-06-11,user012@example.com,16094
2026-06-11,user013@example.com,11805
2026-06-11,user014@example.com,57485
2026-06-11,user015@example.com,32076
2026-06-11,user016@example.com,18234
2026-06-11,user017@example.com,32431
2026-06-11,user018@example.com,35647
2026-06-11,user019@example.com,84275
2026-06-11,user020@example.com,20076
2026-06-11,user021@example.com,28738
2026-06-11,user022@example.com,126107
2026-06-11,user023@example.com,33420
2026-06-11,user024@example.com,47297
2026-06-11,user025@example.com,44163
2026-06-11,user026@example.com,10575
2026-06-11,user027@example.com,39376
2026-06-11,user028@example.com,106348
2026-06-11,user029@example.com,45676
2026-06-11,user030@example.com,64459
2026-06-11,user031@example.com,50672
2026-06-11,user032@example.com,44266
2026-06-11,user033@example.com,211780
2026-06-11,user034@example.com,9555
2026-06-11,user035@example.com,13013
2026-06-11,user036@example.com,9673
2026-06-11,user037@example.com,81963
2026-06-11,user038@example.com,230246
2026-06-11,user039@example.com,8719
2026-06-11,user040@example.com,42272
2026-06-11,user041@example.com,55063
2026-06-11,user042@example.com,36157
2026-06-11,user043@example.com,89329
2026-06-11,user044@example.com,15460
2026-06-11,user045@example.com,27362
2026-06-11,user046@example.com,8503
2026-06-11,user047@example.com,54904
2026-06-11,user048@example.com,49901
2026-06-11,user049@example.com,56145
2026-06-11,user050@example.com,39669
2026-06-11,user051@example.com,17048
2026-06-11,user052@example.com,15101
2026-06-11,user053@example.com,9861
2026-06-11,user054@example.com,16064
2026-06-11,user055@example.com,18121
2026-06-11,user056@example.com,7109
2026-06-11,user057@example.com,215860
2026-06-11,user058@example.com,38848
2026-06-11,user059@example.com,84914
2026-06-11,user060@example.com,16057
2026-06-11,user061@example.com,31444
2026-06-11,user062@example.com,77795
2026-06-11,user063@example.com,17564
2026-06-11,user064@example.com,46195
2026-06-11,user065@example.com,54638
2026-06-11,user066@example.com,29798
2026-06-11,user067@example.com,144944
2026-06-11,user068@example.com,4817
2026-06-11,user069@example.com,110823
2026-06-11,user070@example.com,10630
2026-06-11,user071@example.com,15587
2026-06-11,user072@example.com,39010
2026-06-11,user073@example.com,139117
2026-06-11,user074@example.com,18696
2026-06-11,user075@example.com,7920
2026-06-11,user076@example.com,4054
2026-06-11,user077@example.com,16589
2026-06-11,user078@example.com,154475
2026-06-11,user079@example.com,31895
2026-06-11,user080@example.com,72176
2026-06-11,user081@example.com,6017
2026-06-11,user082@example.com,21218
2026-06-11,user083@example.com,58121
2026-06-11,user084@example.com,129437
2026-06-11,user085@example.com,47314
2026-06-11,user086@example.com,41729
2026-06-11,user087@example.com,13439
2026-06-11,user088@example.com,39409
2026-06-11,user089@example.com,15801
2026-06-11,user090@example.com,37941
2026-06-11,user091@example.com,100940
2026-06-11,user092@example.com,22403
2026-06-11,user093@example.com,10666
2026-06-11,user094@example.com,31345
2026-06-11,user095@example.com,7712
2026-06-11,user096@example.com,33213
2026-06-11,user097@example.com,34255
2026-06-11,user098@example.com,25412
2026-06-11,user099@example.com,151576
2026-06-11,user100@example.com,68433
2026-06-12,user001@example.com,28666
2026-06-12,user002@example.com,13183
2026-06-12,user003@example.com,19801
2026-06-12,user004@example.com,67918
2026-06-12,user005@example.com,17238
2026-06-12,user006@example.com,25212
2026-06-12,user007@example.com,201338
2026-06-12,user008@example.com,14357
2026-06-12,user009@example.com,43041
2026-06-12,user010@example.com,5206
2026-06-12,user011@example.com,69778
2026-06-12,user012@example.com,12478
2026-06-12,user013@example.com,12812
2026-06-12,user014@example.com,79281
2026-06-12,user015@example.com,20902
2026-06-12,user016@example.com,21213
2026-06-12,user017@example.com,49354
2026-06-12,user018@example.com,57215
2026-06-12,user019@example.com,26318
2026-06-12,user020@example.com,44214
2026-06-12,user021@example.com,28604
2026-06-12,user022@example.com,115639
2026-06-12,user023@example.com,22774
2026-06-12,user024@example.com,55923
2026-06-12,user025@example.com,25036
2026-06-12,user026@example.com,9405
2026-06-12,user027@example.com,37402
2026-06-12,user028@example.com,35660
2026-06-12,user029@example.com,36831
2026-06-12,user030@example.com,74850
2026-06-12,user031@example.com,24033
2026-06-12,user032@example.com,29966
2026-06-12,user033@example.com,302216
2026-06-12,user034@example.com,7904
2026-06-12,user035@example.com,8261
2026-06-12,user036@example.com,4765
2026-06-12,user037@example.com,25484
2026-06-12,user038@example.com,120350
2026-06-12,user039@example.com,13538
2026-06-12,user040@example.com,41338
2026-06-12,user041@example.com,101908
2026-06-12,user042@example.com,48647
2026-06-12,user043@example.com,83413
2026-06-12,user044@example.com,21524
2026-06-12,user045@example.com,36795
2026-06-12,user046@example.com,5728
2026-06-12,user047@example.com,51952
2026-06-12,user048@example.com,41936
2026-06-12,user049@example.com,38695
2026-06-12,user050@example.com,34827
2026-06-12,user051@example.com,11854
2026-06-12,user052@example.com,13988
2026-06-12,user053@example.com,10540
2026-06-12,user054@example.com,21524
2026-06-12,user055@example.com,36845
2026-06-12,user056@example.com,9087
2026-06-12,user057@example.com,84542
2026-06-12,user058@example.com,44975
2026-06-12,user059@example.com,162628
2026-06-12,user060@example.com,10136
2026-06-12,user061@example.com,33180
2026-06-12,user062@example.com,44308
2026-06-12,user063@example.com,10764
2026-06-12,user064@example.com,31789
2026-06-12,user065@example.com,25238
2026-06-12,user066@example.com,49451
2026-06-12,user067@example.com,127899
2026-06-12,user068@example.com,16305
2026-06-12,user069@example.com,96054
2026-06-12,user070@example.com,10111
2026-06-12,user071@example.com,8865
2026-06-12,user072@example.com,57988
2026-06-12,user073@example.com,116590
2026-06-12,user074@example.com,15944
2026-06-12,user075@example.com,3156
2026-06-12,user076@example.com,5391
2026-06-12,user077@example.com,17303
2026-06-12,user078@example.com,56878
2026-06-12,user079@example.com,36269
2026-06-12,user080@example.com,76072
2026-06-12,user081@example.com,6631
2026-06-12,user082@example.com,40245
2026-06-12,user083@example.com,43849
2026-06-12,user084@example.com,181343
2026-06-12,user085@example.com,19007
2026-06-12,user086@example.com,24841
2026-06-12,user087@example.com,11576
2026-06-12,user088@example.com,17085
2026-06-12,user089@example.com,13384
2026-06-12,user090@example.com,36870
2026-06-12,user091@example.com,126476
2026-06-12,user092@example.com,11024
2026-06-12,user093@example.com,7505
2026-06-12,user094@example.com,44002
2026-06-12,user095@example.com,10363
2026-06-12,user096@example.com,32072
2026-06-12,user097@example.com,56728
2026-06-12,user098@example.com,59463
2026-06-12,user099@example.com,98339
2026-06-12,user100@example.com,71787
2026-06-13,user001@example.com,50748
2026-06-13,user002@example.com,13157
2026-06-13,user003@example.com,7035
2026-06-13,user004@example.com,32571
2026-06-13,user005@example.com,18045
2026-06-13,user006@example.com,32452
2026-06-13,user007@example.com,103016
2026-06-13,user008@example.com,12053
2026-06-13,user009@example.com,31819
2026-06-13,user010@example.com,3475
2026-06-13,user011@example.com,92993
2026-06-13,user012@example.com,14847
2026-06-13,user013@example.com,13141
2026-06-13,user014@example.com,32529
2026-06-13,user015@example.com,19076
2026-06-13,user016@example.com,32959
2026-06-13,user017@example.com,82243
2026-06-13,user018@example.com,37736
2026-06-13,user019@example.com,47765
2026-06-13,user020@example.com,22391
2026-06-13,user021@example.com,16685
2026-06-13,user022@example.com,197763
2026-06-13,user023@example.com,51658
2026-06-13,user024@example.com,52797
2026-06-13,user025@example.com,23513
2026-06-13,user026@example.com,10295
2026-06-13,user027@example.com,66078
2026-06-13,user028@example.com,66272
2026-06-13,user029@example.com,58188
2026-06-13,user030@example.com,74740
2026-06-13,user031@example.com,18116
2026-06-13,user032@example.com,51035
2026-06-13,user033@example.com,119937
2026-06-13,user034@example.com,15389
2026-06-13,user035@example.com,11739
2026-06-13,user036@example.com,8078
2026-06-13,user037@example.com,100824
2026-06-13,user038@example.com,59229
2026-06-13,user039@example.com,13905
2026-06-13,user040@example.com,18949
2026-06-13,user041@example.com,42850
2026-06-13,user042@example.com,45033
2026-06-13,user043@example.com,65835
2026-06-13,user044@example.com,11347
2026-06-13,user045@example.com,25366
2026-06-13,user046@example.com,12356
2026-06-13,user047@example.com,28513
2026-06-13,user048@example.com,51658
2026-06-13,user049@example.com,42607
2026-06-13,user050@example.com,35921
2026-06-13,user051@example.com,7182
2026-06-13,user052@example.com,8842
2026-06-13,user053@example.com,7159
2026-06-13,user054@example.com,7640
2026-06-13,user055@example.com,29621
2026-06-13,user056@example.com,14006
2026-06-13,user057@example.com,115670
2026-06-13,user058@example.com,46848
2026-06-13,user059@example.com,70451
2026-06-13,user060@example.com,26692
2026-06-13,user061@example.com,36190
2026-06-13,user062@example.com,29113
2026-06-13,user063@example.com,10208
2026-06-13,user064@example.com,52891
2026-06-13,user065@example.com,8974
2026-06-13,user066@example.com,45704
2026-06-13,user067@example.com,159534
2026-06-13,user068@example.com,14089
2026-06-13,user069@example.com,103926
2026-06-13,user070@example.com,3999
2026-06-13,user071@example.com,10070
2026-06-13,user072@example.com,46951
2026-06-13,user073@example.com,110875
2026-06-13,user074@example.com,17569
2026-06-13,user075@example.com,9542
2026-06-13,user076@example.com,16363
2026-06-13,user077@example.com,14875
2026-06-13,user078@example.com,86077
2026-06-13,user079@example.com,38542
2026-06-13,user080@example.com,84536
2026-06-13,user081@example.com,11918
2026-06-13,user082@example.com,28921
2026-06-13,user083@example.com,37701
2026-06-13,user084@example.com,210917
2026-06-13,user085@example.com,23038
2026-06-13,user086@example.com,39671
2026-06-13,user087@example.com,16752
2026-06-13,user088@example.com,52524
2026-06-13,user089@example.com,9043
2026-06-13,user090@example.com,18904
2026-06-13,user091@example.com,84126
2026-06-13,user092@example.com,8244
2026-06-13,user093@example.com,9975
2026-06-13,user094@example.com,44979
2026-06-13,user095@example.com,13649
2026-06-13,user096@example.com,32975
2026-06-13,user097@example.com,60151
2026-06-13,user098@example.com,56503
2026-06-13,user099@example.com,85669
2026-06-13,user100@example.com,68987
2026-06-14,user001@example.com,38836
2026-06-14,user002@example.com,7955
2026-06-14,user003@example.com,9402
2026-06-14,user004@example.com,33471
2026-06-14,user005@example.com,8667
2026-06-14,user006@example.com,18526
2026-06-14,user007@example.com,86101
2026-06-14,user008@example.com,7139
2026-06-14,user009@example.com,18345
2026-06-14,user010@example.com,2868
2026-06-14,user011@example.com,41030
2026-06-14,user012@example.com,7904
2026-06-14,user013@example.com,9631
2026-06-14,user014@example.com,45124
2026-06-14,user015@example.com,23706
2026-06-14,user016@example.com,22454
2026-06-14,user017@example.com,19730
2026-06-14,user018@example.com,18901
2026-06-14,user019@example.com,25709
2026-06-14,user020@example.com,11652
2026-06-14,user021@example.com,20338
2026-06-14,user022@example.com,105248
2026-06-14,user023@example.com,26314
2026-06-14,user024@example.com,34198
2026-06-14,user025@example.com,10594
2026-06-14,user026@example.com,6718
2026-06-14,user027@example.com,21982
2026-06-14,user028@example.com,15690
2026-06-14,user029@example.com,28778
2026-06-14,user030@example.com,64905
2026-06-14,user031@example.com,19713
2026-06-14,user032@example.com,28247
2026-06-14,user033@example.com,70908
2026-06-14,user034@example.com,7308
2026-06-14,user035@example.com,2859
2026-06-14,user036@example.com,3136
2026-06-14,user037@example.com,27279
2026-06-14,user038@example.com,65417
2026-06-14,user039@example.com,6995
2026-06-14,user040@example.com,18422
2026-06-14,user041@example.com,44947
2026-06-14,user042@example.com,34149
2026-06-14,user043@example.com,60475
2026-06-14,user044@example.com,13188
2026-06-14,user045@example.com,14956
2026-06-14,user046@example.com,10995
2026-06-14,user047@example.com,31719
2026-06-14,user048@example.com,20239
2026-06-14,user049@example.com,17435
2026-06-14,user050@example.com,8774
2026-06-14,user051@example.com,3425
2026-06-14,user052@example.com,6011
2026-06-14,user053@example.com,7303
2026-06-14,user054@example.com,5795
2026-06-14,user055@example.com,15524
2026-06-14,user056@example.com,7591
2026-06-14,user057@example.com,79315
2026-06-14,user058@example.com,45155
2026-06-14,user059@example.com,46168
2026-06-14,user060@example.com,13793
2026-06-14,user061@example.com,13759
2026-06-14,user062@example.com,38919
2026-06-14,user063@example.com,2904
2026-06-14,user064@example.com,14416
2026-06-14,user065@example.com,14004
2026-06-14,user066@example.com,28601
2026-06-14,user067@example.com,88517
2026-06-14,user068@example.com,3963
2026-06-14,user069@example.com,45824
2026-06-14,user070@example.com,7616
2026-06-14,user071@example.com,3900
2026-06-14,user072@example.com,20160
2026-06-14,user073@example.com,106690
2026-06-14,user074@example.com,9925
2026-06-14,user075@example.com,6623
2026-06-14,user076@example.com,3475
2026-06-14,user077@example.com,4795
2026-06-14,user078@example.com,66649
2026-06-14,user079@example.com,26860
2026-06-14,user080@example.com,48182
2026-06-14,user081@example.com,8132
2026-06-14,user082@example.com,15284
2026-06-14,user083@example.com,29468
2026-06-14,user084@example.com,47465
2026-06-14,user085@example.com,19617
2026-06-14,user086@example.com,14072
2026-06-14,user087@example.com,6151
2026-06-14,user088@example.com,17619
2026-06-14,user089@example.com,4200
2026-06-14,user090@example.com,14748
2026-06-14,user091@example.com,36983
2026-06-14,user092@example.com,10769
2026-06-14,user093@example.com,7958
2026-06-14,user094@example.com,43130
2026-06-14,user095@example.com,4820
2026-06-14,user096@example.com,19939
2026-06-14,user097@example.com,45775
2026-06-14,user098@example.com,17509
2026-06-14,user099@example.com,41385
2026-06-14,user100@example.com,45486
2026-06-15,user001@example.com,9110
2026-06-15,user002@example.com,17415
2026-06-15,user003@example.com,9550
2026-06-15,user004@example.com,45953
2026-06-15,user005@example.com,13405
2026-06-15,user006@example.com,18175
2026-06-15,user007@example.com,62816
2026-06-15,user008@example.com,7814
2026-06-15,user009@example.com,14080
2026-06-15,user010@example.com,1570
2026-06-15,user011@example.com,33148
2026-06-15,user012@example.com,4433
2026-06-15,user013@example.com,9624
2026-06-15,user014@example.com,40679
2026-06-15,user015@example.com,8027
2026-06-15,user016@example.com,23557
2026-06-15,user017@example.com,35290
2026-06-15,user018@example.com,11356
2026-06-15,user019@example.com,18797
2026-06-15,user020@example.com,10705
2026-06-15,user021@example.com,19475
2026-06-15,user022@example.com,47988
2026-06-15,user023@example.com,19003
2026-06-15,user024@example.com,16947
2026-06-15,user025@example.com,15479
2026-06-15,user026@example.com,4051
2026-06-15,user027@example.com,20973
2026-06-15,user028@example.com,18258
2026-06-15,user029@example.com,43942
2026-06-15,user030@example.com,33060
2026-06-15,user031@example.com,10412
2026-06-15,user032@example.com,31024
2026-06-15,user033@example.com,54569
2026-06-15,user034@example.com,3829
2026-06-15,user035@example.com,8353
2026-06-15,user036@example.com,3865
2026-06-15,user037@example.com,22162
2026-06-15,user038@example.com,60681
2026-06-15,user039@example.com,11515
2026-06-15,user040@example.com,7285
2026-06-15,user041@example.com,48151
2026-06-15,user042@example.com,52516
2026-06-15,user043@example.com,60025
2026-06-15,user044@example.com,4079
2026-06-15,user045@example.com,10563
2026-06-15,user046@example.com,4700
2026-06-15,user047@example.com,40300
2026-06-15,user048@example.com,17470
2026-06-15,user049@example.com,28777
2026-06-15,user050@example.com,7935
2026-06-15,user051@example.com,2637
2026-06-15,user052@example.com,6230
2026-06-15,user053@example.com,9491
2026-06-15,user054@example.com,6437
2026-06-15,user055@example.com,14516
2026-06-15,user056@example.com,4818
2026-06-15,user057@example.com,108771
2026-06-15,user058@example.com,15889
2026-06-15,user059@example.com,79965
2026-06-15,user060@example.com,9806
2026-06-15,user061@example.com,30008
2026-06-15,user062@example.com,19114
2026-06-15,user063@example.com,4213
2026-06-15,user064@example.com,26117
2026-06-15,user065@example.com,13486
2026-06-15,user066@example.com,16805
2026-06-15,user067@example.com,79885
2026-06-15,user068@example.com,3917
2026-06-15,user069@example.com,110537
2026-06-15,user070@example.com,5229
2026-06-15,user071@example.com,7033
2026-06-15,user072@example.com,21024
2026-06-15,user073@example.com,66386
2026-06-15,user074@example.com,6734
2026-06-15,user075@example.com,5677
2026-06-15,user076@example.com,6561
2026-06-15,user077@example.com,7892
2026-06-15,user078@example.com,33731
2026-06-15,user079@example.com,40169
2026-06-15,user080@example.com,46471
2026-06-15,user081@example.com,3532
2026-06-15,user082@example.com,29161
2026-06-15,user083@example.com,11592
2026-06-15,user084@example.com,90927
2026-06-15,user085@example.com,7837
2026-06-15,user086@example.com,13873
2026-06-15,user087@example.com,8035
2026-06-15,user088@example.com,28300
2026-06-15,user089@example.com,6522
2026-06-15,user090@example.com,16379
2026-06-15,user091@example.com,43289
2026-06-15,user092@example.com,7295
2026-06-15,user093@example.com,5912
2026-06-15,user094@example.com,20168
2026-06-15,user095@example.com,2119
2026-06-15,user096@example.com,11455
2026-06-15,user097@example.com,27556
2026-06-15,user098@example.com,18030
2026-06-15,user099@example.com,59510
2026-06-15,user100@example.com,34161
2026-06-16,user001@example.com,26999
2026-06-16,user002@example.com,15128
2026-06-16,user003@example.com,12559
2026-06-16,user004@example.com,52603
2026-06-16,user005@example.com,36679
2026-06-16,user006@example.com,34290
2026-06-16,user007@example.com,125383
2026-06-16,user008@example.com,8572
2026-06-16,user009@example.com,130331
2026-06-16,user010@example.com,6277
2026-06-16,user011@example.com,88853
2026-06-16,user012@example.com,21544
2026-06-16,user013@example.com,15865
2026-06-16,user014@example.com,63009
2026-06-16,user015@example.com,27373
2026-06-16,user016@example.com,39707
2026-06-16,user017@example.com,62978
2026-06-16,user018@example.com,42980
2026-06-16,user019@example.com,57217
2026-06-16,user020@example.com,46244
2026-06-16,user021@example.com,36244
2026-06-16,user022@example.com,178810
2026-06-16,user023@example.com,69676
2026-06-16,user024@example.com,73512
2026-06-16,user025@example.com,55640
2026-06-16,user026@example.com,5761
2026-06-16,user027@example.com,84614
2026-06-16,user028@example.com,59178
2026-06-16,user029@example.com,38513
2026-06-16,user030@example.com,101803
2026-06-16,user031@example.com,52770
2026-06-16,user032@example.com,46113
2026-06-16,user033@example.com,163259
2026-06-16,user034@example.com,20775
2026-06-16,user035@example.com,6407
2026-06-16,user036@example.com,10136
2026-06-16,user037@example.com,68488
2026-06-16,user038@example.com,105827
2026-06-16,user039@example.com,11258
2026-06-16,user040@example.com,30486
2026-06-16,user041@example.com,141045
2026-06-16,user042@example.com,77217
2026-06-16,user043@example.com,103436
2026-06-16,user044@example.com,19240
2026-06-16,user045@example.com,23853
2026-06-16,user046@example.com,6063
2026-06-16,user047@example.com,54207
2026-06-16,user048@example.com,71026
2026-06-16,user049@example.com,66061
2026-06-16,user050@example.com,31944
2026-06-16,user051@example.com,9207
2026-06-16,user052@example.com,15685
2026-06-16,user053@example.com,14526
2026-06-16,user054@example.com,10536
2026-06-16,user055@example.com,28295
2026-06-16,user056@example.com,9879
2026-06-16,user057@example.com,112042
2026-06-16,user058@example.com,35749
2026-06-16,user059@example.com,176814
2026-06-16,user060@example.com,32068
2026-06-16,user061@example.com,32785
2026-06-16,user062@example.com,44805
2026-06-16,user063@example.com,24282
2026-06-16,user064@example.com,39160
2026-06-16,user065@example.com,34904
2026-06-16,user066@example.com,30794
2026-06-16,user067@example.com,182083
2026-06-16,user068@example.com,16412
2026-06-16,user069@example.com,94805
2026-06-16,user070@example.com,9301
2026-06-16,user071@example.com,16162
2026-06-16,user072@example.com,114187
2026-06-16,user073@example.com,133612
2026-06-16,user074@example.com,15539
2026-06-16,user075@example.com,20212
2026-06-16,user076@example.com,15850
2026-06-16,user077@example.com,14485
2026-06-16,user078@example.com,112595
2026-06-16,user079@example.com,73388
2026-06-16,user080@example.com,65439
2026-06-16,user081@example.com,15590
2026-06-16,user082@example.com,69290
2026-06-16,user083@example.com,57466
2026-06-16,user084@example.com,139988
2026-06-16,user085@example.com,25638
2026-06-16,user086@example.com,60932
2026-06-16,user087@example.com,16490
2026-06-16,user088@example.com,41519
2026-06-16,user089@example.com,14891
2026-06-16,user090@example.com,34195
2026-06-16,user091@example.com,74271
2026-06-16,user092@example.com,14753
2026-06-16,user093@example.com,11264
2026-06-16,user094@example.com,70585
2026-06-16,user095@example.com,6836
2026-06-16,user096@example.com,19758
2026-06-16,user097@example.com,30964
2026-06-16,user098@example.com,28656
2026-06-16,user099@example.com,246647
2026-06-16,user100@example.com,93752
2026-06-17,user001@example.com,47123
2026-06-17,user002@example.com,23482
2026-06-17,user003@example.com,15437
2026-06-17,user004@example.com,55370
2026-06-17,user005@example.com,49868
2026-06-17,user006@example.com,41614
2026-06-17,user007@example.com,317574
2026-06-17,user008@example.com,18811
2026-06-17,user009@example.com,45787
2026-06-17,user010@example.com,8480
2026-06-17,user011@example.com,89403
2026-06-17,user012@example.com,29802
2026-06-17,user013@example.com,13136
2026-06-17,user014@example.com,42981
2026-06-17,user015@example.com,38695
2026-06-17,user016@example.com,38219
2026-06-17,user017@example.com,73971
2026-06-17,user018@example.com,100554
2026-06-17,user019@example.com,78243
2026-06-17,user020@example.com,34926
2026-06-17,user021@example.com,24152
2026-06-17,user022@example.com,163373
2026-06-17,user023@example.com,66562
2026-06-17,user024@example.com,37726
2026-06-17,user025@example.com,73197
2026-06-17,user026@example.com,11591
2026-06-17,user027@example.com,67875
2026-06-17,user028@example.com,41097
2026-06-17,user029@example.com,67633
2026-06-17,user030@example.com,67284
2026-06-17,user031@example.com,84356
2026-06-17,user032@example.com,105811
2026-06-17,user033@example.com,213623
2026-06-17,user034@example.com,10190
2026-06-17,user035@example.com,10843
2026-06-17,user036@example.com,17608
2026-06-17,user037@example.com,82119
2026-06-17,user038@example.com,106588
2026-06-17,user039@example.com,13204
2026-06-17,user040@example.com,29537
2026-06-17,user041@example.com,93370
2026-06-17,user042@example.com,113937
2026-06-17,user043@example.com,77273
2026-06-17,user044@example.com,20856
2026-06-17,user045@example.com,22010
2026-06-17,user046@example.com,8238
2026-06-17,user047@example.com,33021
2026-06-17,user048@example.com,42824
2026-06-17,user049@example.com,96447
2026-06-17,user050@example.com,37958
2026-06-17,user051@example.com,7581
2026-06-17,user052@example.com,27784
2026-06-17,user053@example.com,23290
2026-06-17,user054@example.com,17193
2026-06-17,user055@example.com,70525
2026-06-17,user056@example.com,15375
2026-06-17,user057@example.com,247140
2026-06-17,user058@example.com,39176
2026-06-17,user059@example.com,206494
2026-06-17,user060@example.com,37324
2026-06-17,user061@example.com,47431
2026-06-17,user062@example.com,52508
2026-06-17,user063@example.com,15830
2026-06-17,user064@example.com,42705
2026-06-17,user065@example.com,16319
2026-06-17,user066@example.com,56078
2026-06-17,user067@example.com,115029
2026-06-17,user068@example.com,15716
2026-06-17,user069@example.com,186276
2026-06-17,user070@example.com,11313
2026-06-17,user071@example.com,10444
2026-06-17,user072@example.com,73369
2026-06-17,user073@example.com,178492
2026-06-17,user074@example.com,21441
2026-06-17,user075@example.com,18511
2026-06-17,user076@example.com,12518
2026-06-17,user077@example.com,19902
2026-06-17,user078@example.com,110206
2026-06-17,user079@example.com,66209
2026-06-17,user080@example.com,127463
2026-06-17,user081@example.com,10781
2026-06-17,user082@example.com,80738
2026-06-17,user083@example.com,46847
2026-06-17,user084@example.com,209668
2026-06-17,user085@example.com,47618
2026-06-17,user086@example.com,54155
2026-06-17,user087@example.com,20281
2026-06-17,user088@example.com,36063
2026-06-17,user089@example.com,13381
2026-06-17,user090@example.com,42611
2026-06-17,user091@example.com,271745
2026-06-17,user092@example.com,17273
2026-06-17,user093@example.com,17754
2026-06-17,user094@example.com,46787
2026-06-17,user095@example.com,7175
2026-06-17,user096@example.com,31206
2026-06-17,user097@example.com,32191
2026-06-17,user098@example.com,83343
2026-06-17,user099@example.com,75954
2026-06-17,user100@example.com,92011
2026-06-18,user001@example.com,20787
2026-06-18,user002@example.com,11340
2026-06-18,user003@example.com,19458
2026-06-18,user004@example.com,48424
2026-06-18,user005@example.com,19596
2026-06-18,user006@example.com,25543
2026-06-18,user007@example.com,118216
2026-06-18,user008@example.com,11837
2026-06-18,user009@example.com,47950
2026-06-18,user010@example.com,15556
2026-06-18,user011@example.com,46827
2026-06-18,user012@example.com,15266
2026-06-18,user013@example.com,10763
2026-06-18,user014@example.com,62862
2026-06-18,user015@example.com,31105
2026-06-18,user016@example.com,38604
2026-06-18,user017@example.com,59786
2026-06-18,user018@example.com,29739
2026-06-18,user019@example.com,68963
2026-06-18,user020@example.com,36331
2026-06-18,user021@example.com,43257
2026-06-18,user022@example.com,240530
2026-06-18,user023@example.com,47697
2026-06-18,user024@example.com,75792
2026-06-18,user025@example.com,31355
2026-06-18,user026@example.com,8482
2026-06-18,user027@example.com,52862
2026-06-18,user028@example.com,40867
2026-06-18,user029@example.com,37632
2026-06-18,user030@example.com,141855
2026-06-18,user031@example.com,34829
2026-06-18,user032@example.com,54769
2026-06-18,user033@example.com,137691
2026-06-18,user034@example.com,37354
2026-06-18,user035@example.com,5392
2026-06-18,user036@example.com,6812
2026-06-18,user037@example.com,32681
2026-06-18,user038@example.com,110798
2026-06-18,user039@example.com,14346
2026-06-18,user040@example.com,23344
2026-06-18,user041@example.com,75813
2026-06-18,user042@example.com,55691
2026-06-18,user043@example.com,100824
2026-06-18,user044@example.com,14673
2026-06-18,user045@example.com,40577
2026-06-18,user046@example.com,11606
2026-06-18,user047@example.com,72121
2026-06-18,user048@example.com,60265
2026-06-18,user049@example.com,49830
2026-06-18,user050@example.com,25989
2026-06-18,user051@example.com,6989
2026-06-18,user052@example.com,13476
2026-06-18,user053@example.com,10007
2026-06-18,user054@example.com,17005
2026-06-18,user055@example.com,31017
2026-06-18,user056@example.com,11687
2026-06-18,user057@example.com,102956
2026-06-18,user058@example.com,68019
2026-06-18,user059@example.com,113369
2026-06-18,user060@example.com,18694
2026-06-18,user061@example.com,26923
2026-06-18,user062@example.com,126381
2026-06-18,user063@example.com,10494
2026-06-18,user064@example.com,40280
2026-06-18,user065@example.com,25686
2026-06-18,user066@example.com,29806
2026-06-18,user067@example.com,117555
2026-06-18,user068@example.com,12636
2026-06-18,user069@example.com,191817
2026-06-18,user070@example.com,8944
2026-06-18,user071@example.com,6206
2026-06-18,user072@example.com,46968
2026-06-18,user073@example.com,99095
2026-06-18,user074@example.com,13409
2026-06-18,user075@example.com,12765
2026-06-18,user076@example.com,8692
2026-06-18,user077@example.com,14984
2026-06-18,user078@example.com,223921
2026-06-18,user079@example.com,61333
2026-06-18,user080@example.com,97962
2026-06-18,user081@example.com,18172
2026-06-18,user082@example.com,62891
2026-06-18,user083@example.com,20560
2026-06-18,user084@example.com,176182
2026-06-18,user085@example.com,15737
2026-06-18,user086@example.com,36779
2026-06-18,user087@example.com,8482
2026-06-18,user088@example.com,34998
2026-06-18,user089@example.com,11591
2026-06-18,user090@example.com,20981
2026-06-18,user091@example.com,81050
2026-06-18,user092@example.com,22181
2026-06-18,user093@example.com,9361
2026-06-18,user094@example.com,54622
2026-06-18,user095@example.com,5714
2026-06-18,user096@example.com,29382
2026-06-18,user097@example.com,59343
2026-06-18,user098@example.com,29075
2026-06-18,user099@example.com,83178
2026-06-18,user100@example.com,95184
2026-06-19,user001@example.com,45714
2026-06-19,user002@example.com,14772
2026-06-19,user003@example.com,10065
2026-06-19,user004@example.com,46839
2026-06-19,user005@example.com,27529
2026-06-19,user006@example.com,33594
2026-06-19,user007@example.com,62686
2026-06-19,user008@example.com,8125
2026-06-19,user009@example.com,32997
2026-06-19,user010@example.com,8301
2026-06-19,user011@example.com,96046
2026-06-19,user012@example.com,18975
2026-06-19,user013@example.com,12926
2026-06-19,user014@example.com,28134
2026-06-19,user015@example.com,44802
2026-06-19,user016@example.com,48158
2026-06-19,user017@example.com,33523
2026-06-19,user018@example.com,45500
2026-06-19,user019@example.com,36011
2026-06-19,user020@example.com,28344
2026-06-19,user021@example.com,44612
2026-06-19,user022@example.com,320078
2026-06-19,user023@example.com,52678
2026-06-19,user024@example.com,49179
2026-06-19,user025@example.com,23972
2026-06-19,user026@example.com,9591
2026-06-19,user027@example.com,83805
2026-06-19,user028@example.com,39870
2026-06-19,user029@example.com,32528
2026-06-19,user030@example.com,44672
2026-06-19,user031@example.com,36925
2026-06-19,user032@example.com,56778
2026-06-19,user033@example.com,94221
2026-06-19,user034@example.com,18527
2026-06-19,user035@example.com,6793
2026-06-19,user036@example.com,8585
2026-06-19,user037@example.com,51766
2026-06-19,user038@example.com,104468
2026-06-19,user039@example.com,14050
2026-06-19,user040@example.com,40400
2026-06-19,user041@example.com,60334
2026-06-19,user042@example.com,61779
2026-06-19,user043@example.com,125458
2026-06-19,user044@example.com,13651
2026-06-19,user045@example.com,36632
2026-06-19,user046@example.com,9156
2026-06-19,user047@example.com,61601
2026-06-19,user048@example.com,52031
2026-06-19,user049@example.com,37177
2026-06-19,user050@example.com,29980
2026-06-19,user051@example.com,8243
2026-06-19,user052@example.com,14496
2026-06-19,user053@example.com,10553
2026-06-19,user054@example.com,15255
2026-06-19,user055@example.com,27781
2026-06-19,user056@example.com,10332
2026-06-19,user057@example.com,150942
2026-06-19,user058@example.com,23100
2026-06-19,user059@example.com,130799
2026-06-19,user060@example.com,27607
2026-06-19,user061@example.com,33590
2026-06-19,user062@example.com,42299
2026-06-19,user063@example.com,7773
2026-06-19,user064@example.com,55192
2026-06-19,user065@example.com,24534
2026-06-19,user066@example.com,32762
2026-06-19,user067@example.com,137623
2026-06-19,user068@example.com,11787
2026-06-19,user069@example.com,110546
2026-06-19,user070@example.com,5612
2026-06-19,user071@example.com,10622
2026-06-19,user072@example.com,42161
2026-06-19,user073@example.com,125098
2026-06-19,user074@example.com,14935
2026-06-19,user075@example.com,6413
2026-06-19,user076@example.com,5904
2026-06-19,user077@example.com,35500
2026-06-19,user078@example.com,98197
2026-06-19,user079@example.com,55171
2026-06-19,user080@example.com,155254
2026-06-19,user081@example.com,11866
2026-06-19,user082@example.com,46873
2026-06-19,user083@example.com,39558
2026-06-19,user084@example.com,96667
2026-06-19,user085@example.com,36759
2026-06-19,user086@example.com,37619
2026-06-19,user087@example.com,12684
2026-06-19,user088@example.com,28120
2026-06-19,user089@example.com,8147
2026-06-19,user090@example.com,38132
2026-06-19,user091@example.com,93870
2026-06-19,user092@example.com,16373
2026-06-19,user093@example.com,8856
2026-06-19,user094@example.com,26575
2026-06-19,user095@example.com,11029
2026-06-19,user096@example.com,31312
2026-06-19,user097@example.com,71529
2026-06-19,user098@example.com,35381
2026-06-19,user099@example.com,119079
2026-06-19,user100@example.com,101079
2026-06-20,user001@example.com,37585
2026-06-20,user002@example.com,18926
2026-06-20,user003@example.com,10042
2026-06-20,user004@example.com,51846
2026-06-20,user005@example.com,37522
2026-06-20,user006@example.com,28040
2026-06-20,user007@example.com,119614
2026-06-20,user008@example.com,17814
2026-06-20,user009@example.com,33253
2026-06-20,user010@example.com,9252
2026-06-20,user011@example.com,83119
2026-06-20,user012@example.com,7514
2026-06-20,user013@example.com,16528
2026-06-20,user014@example.com,15926
2026-06-20,user015@example.com,12709
2026-06-20,user016@example.com,34983
2026-06-20,user017@example.com,59028
2026-06-20,user018@example.com,30541
2026-06-20,user019@example.com,44032
2026-06-20,user020@example.com,10493
2026-06-20,user021@example.com,37252
2026-06-20,user022@example.com,156239
2026-06-20,user023@example.com,37571
2026-06-20,user024@example.com,42119
2026-06-20,user025@example.com,30247
2026-06-20,user026@example.com,8397
2026-06-20,user027@example.com,25472
2026-06-20,user028@example.com,82346
2026-06-20,user029@example.com,63655
2026-06-20,user030@example.com,47346
2026-06-20,user031@example.com,25777
2026-06-20,user032@example.com,45192
2026-06-20,user033@example.com,162433
2026-06-20,user034@example.com,5727
2026-06-20,user035@example.com,6233
2026-06-20,user036@example.com,4581
2026-06-20,user037@example.com,44423
2026-06-20,user038@example.com,94376
2026-06-20,user039@example.com,12540
2026-06-20,user040@example.com,20594
2026-06-20,user041@example.com,65227
2026-06-20,user042@example.com,60972
2026-06-20,user043@example.com,130557
2026-06-20,user044@example.com,14791
2026-06-20,user045@example.com,23923
2026-06-20,user046@example.com,6946
2026-06-20,user047@example.com,47084
2026-06-20,user048@example.com,45495
2026-06-20,user049@example.com,19517
2026-06-20,user050@example.com,29215
2026-06-20,user051@example.com,9453
2026-06-20,user052@example.com,14631
2026-06-20,user053@example.com,10568
2026-06-20,user054@example.com,4967
2026-06-20,user055@example.com,21819
2026-06-20,user056@example.com,15871
2026-06-20,user057@example.com,143811
2026-06-20,user058@example.com,34283
2026-06-20,user059@example.com,122677
2026-06-20,user060@example.com,28815
2026-06-20,user061@example.com,36630
2026-06-20,user062@example.com,45306
2026-06-20,user063@example.com,12919
2026-06-20,user064@example.com,75191
2026-06-20,user065@example.com,36196
2026-06-20,user066@example.com,65983
2026-06-20,user067@example.com,113762
2026-06-20,user068@example.com,20019
2026-06-20,user069@example.com,92472
2026-06-20,user070@example.com,8401
2026-06-20,user071@example.com,10962
2026-06-20,user072@example.com,41049
2026-06-20,user073@example.com,114831
2026-06-20,user074@example.com,16772
2026-06-20,user075@example.com,5789
2026-06-20,user076@example.com,15217
2026-06-20,user077@example.com,8818
2026-06-20,user078@example.com,219547
2026-06-20,user079@example.com,59363
2026-06-20,user080@example.com,71938
2026-06-20,user081@example.com,7367
2026-06-20,user082@example.com,41102
2026-06-20,user083@example.com,36405
2026-06-20,user084@example.com,119901
2026-06-20,user085@example.com,39491
2026-06-20,user086@example.com,57934
2026-06-20,user087@example.com,15350
2026-06-20,user088@example.com,28396
2026-06-20,user089@example.com,10075
2026-06-20,user090@example.com,23871
2026-06-20,user091@example.com,59158
2026-06-20,user092@example.com,9475
2026-06-20,user093@example.com,23199
2026-06-20,user094@example.com,46484
2026-06-20,user095@example.com,5545
2026-06-20,user096@example.com,38711
2026-06-20,user097@example.com,32496
2026-06-20,user098@example.com,26012
2026-06-20,user099@example.com,92073
2026-06-20,user100@example.com,132461
2026-06-21,user001@example.com,15446
2026-06-21,user002@example.com,3533
2026-06-21,user003@example.com,9867
2026-06-21,user004@example.com,21793
2026-06-21,user005@example.com,7729
2026-06-21,user006@example.com,15106
2026-06-21,user007@example.com,99682
2026-06-21,user008@example.com,7442
2026-06-21,user009@example.com,45527
2026-06-21,user010@example.com,3195
2026-06-21,user011@example.com,50035
2026-06-21,user012@example.com,6502
2026-06-21,user013@example.com,3766
2026-06-21,user014@example.com,33075
2026-06-21,user015@example.com,17366
2026-06-21,user016@example.com,18639
2026-06-21,user017@example.com,33068
2026-06-21,user018@example.com,17426
2026-06-21,user019@example.com,17062
2026-06-21,user020@example.com,14963
2026-06-21,user021@example.com,25339
2026-06-21,user022@example.com,145834
2026-06-21,user023@example.com,29262
2026-06-21,user024@example.com,24510
2026-06-21,user025@example.com,16229
2026-06-21,user026@example.com,4941
2026-06-21,user027@example.com,19888
2026-06-21,user028@example.com,22343
2026-06-21,user029@example.com,15205
2026-06-21,user030@example.com,41240
2026-06-21,user031@example.com,29921
2026-06-21,user032@example.com,37985
2026-06-21,user033@example.com,46769
2026-06-21,user034@example.com,6898
2026-06-21,user035@example.com,3216
2026-06-21,user036@example.com,4815
2026-06-21,user037@example.com,41000
2026-06-21,user038@example.com,81197
2026-06-21,user039@example.com,16880
2026-06-21,user040@example.com,22416
2026-06-21,user041@example.com,52867
2026-06-21,user042@example.com,36097
2026-06-21,user043@example.com,60188
2026-06-21,user044@example.com,4768
2026-06-21,user045@example.com,23322
2026-06-21,user046@example.com,7007
2026-06-21,user047@example.com,26174
2026-06-21,user048@example.com,24380
2026-06-21,user049@example.com,37456
2026-06-21,user050@example.com,19858
2026-06-21,user051@example.com,2949
2026-06-21,user052@example.com,9045
2026-06-21,user053@example.com,6092
2026-06-21,user054@example.com,10446
2026-06-21,user055@example.com,21185
2026-06-21,user056@example.com,7809
2026-06-21,user057@example.com,56169
2026-06-21,user058@example.com,16835
2026-06-21,user059@example.com,104504
2026-06-21,user060@example.com,12005
2026-06-21,user061@example.com,9908
2026-06-21,user062@example.com,34316
2026-06-21,user063@example.com,5335
2026-06-21,user064@example.com,45389
2026-06-21,user065@example.com,16379
2026-06-21,user066@example.com,17849
2026-06-21,user067@example.com,72995
2026-06-21,user068@example.com,11274
2026-06-21,user069@example.com,80221
2026-06-21,user070@example.com,3734
2026-06-21,user071@example.com,3728
2026-06-21,user072@example.com,27757
2026-06-21,user073@example.com,45885
2026-06-21,user074@example.com,10142
2026-06-21,user075@example.com,2286
2026-06-21,user076@example.com,4688
2026-06-21,user077@example.com,10284
2026-06-21,user078@example.com,72826
2026-06-21,user079@example.com,18874
2026-06-21,user080@example.com,54269
2026-06-21,user081@example.com,3609
2026-06-21,user082@example.com,28257
2026-06-21,user083@example.com,27827
2026-06-21,user084@example.com,83205
2026-06-21,user085@example.com,11659
2026-06-21,user086@example.com,25663
2026-06-21,user087@example.com,8561
2026-06-21,user088@example.com,28729
2026-06-21,user089@example.com,12084
2026-06-21,user090@example.com,21836
2026-06-21,user091@example.com,72851
2026-06-21,user092@example.com,8886
2026-06-21,user093@example.com,8530
2026-06-21,user094@example.com,26144
2026-06-21,user095@example.com,2821
2026-06-21,user096@example.com,18762
2026-06-21,user097@example.com,31153
2026-06-21,user098@example.com,27171
2026-06-21,user099@example.com,67660
2026-06-21,user100@example.com,32994
2026-06-22,user001@example.com,17413
2026-06-22,user002@example.com,4301
2026-06-22,user003@example.com,8827
2026-06-22,user004@example.com,18344
2026-06-22,user005@example.com,13195
2026-06-22,user006@example.com,16825
2026-06-22,user007@example.com,83755
2026-06-22,user008@example.com,3235
2026-06-22,user009@example.com,26543
2026-06-22,user010@example.com,3927
2026-06-22,user011@example.com,32316
2026-06-22,user012@example.com,5239
2026-06-22,user013@example.com,4712
2026-06-22,user014@example.com,12627
2026-06-22,user015@example.com,22126
2026-06-22,user016@example.com,23281
2026-06-22,user017@example.com,27352
2026-06-22,user018@example.com,16796
2026-06-22,user019@example.com,18566
2026-06-22,user020@example.com,15787
2026-06-22,user021@example.com,25602
2026-06-22,user022@example.com,55786
2026-06-22,user023@example.com,12282
2026-06-22,user024@example.com,34194
2026-06-22,user025@example.com,6478
2026-06-22,user026@example.com,2836
2026-06-22,user027@example.com,21420
2026-06-22,user028@example.com,10519
2026-06-22,user029@example.com,29359
2026-06-22,user030@example.com,47669
2026-06-22,user031@example.com,11316
2026-06-22,user032@example.com,36547
2026-06-22,user033@example.com,87980
2026-06-22,user034@example.com,5576
2026-06-22,user035@example.com,3015
2026-06-22,user036@example.com,8901
2026-06-22,user037@example.com,30058
2026-06-22,user038@example.com,57948
2026-06-22,user039@example.com,9350
2026-06-22,user040@example.com,13458
2026-06-22,user041@example.com,33816
2026-06-22,user042@example.com,24017
2026-06-22,user043@example.com,76201
2026-06-22,user044@example.com,2889
2026-06-22,user045@example.com,10946
2026-06-22,user046@example.com,6549
2026-06-22,user047@example.com,19521
2026-06-22,user048@example.com,31204
2026-06-22,user049@example.com,32639
2026-06-22,user050@example.com,11834
2026-06-22,user051@example.com,3307
2026-06-22,user052@example.com,6159
2026-06-22,user053@example.com,13462
2026-06-22,user054@example.com,11181
2026-06-22,user055@example.com,12652
2026-06-22,user056@example.com,3262
2026-06-22,user057@example.com,70961
2026-06-22,user058@example.com,19782
2026-06-22,user059@example.com,37548
2026-06-22,user060@example.com,12452
2026-06-22,user061@example.com,21984
2026-06-22,user062@example.com,12440
2026-06-22,user063@example.com,7075
2026-06-22,user064@example.com,32187
2026-06-22,user065@example.com,9951
2026-06-22,user066@example.com,25038
2026-06-22,user067@example.com,53493
2026-06-22,user068@example.com,6181
2026-06-22,user069@example.com,52115
2026-06-22,user070@example.com,3172
2026-06-22,user071@example.com,3251
2026-06-22,user072@example.com,29821
2026-06-22,user073@example.com,71302
2026-06-22,user074@example.com,5673
2026-06-22,user075@example.com,2194
2026-06-22,user076@example.com,4647
2026-06-22,user077@example.com,7895
2026-06-22,user078@example.com,49107
2026-06-22,user079@example.com,38241
2026-06-22,user080@example.com,20429
2026-06-22,user081@example.com,1857
2026-06-22,user082@example.com,18081
2026-06-22,user083@example.com,23290
2026-06-22,user084@example.com,40095
2026-06-22,user085@example.com,8589
2026-06-22,user086@example.com,19304
2026-06-22,user087@example.com,8007
2026-06-22,user088@example.com,20725
2026-06-22,user089@example.com,7627
2026-06-22,user090@example.com,10434
2026-06-22,user091@example.com,35349
2026-06-22,user092@example.com,9042
2026-06-22,user093@example.com,3309
2026-06-22,user094@example.com,9397
2026-06-22,user095@example.com,3035
2026-06-22,user096@example.com,19167
2026-06-22,user097@example.com,25536
2026-06-22,user098@example.com,24519
2026-06-22,user099@example.com,28649
2026-06-22,user100@example.com,39440
2026-06-23,user001@example.com,39521
2026-06-23,user002@example.com,9644
2026-06-23,user003@example.com,16272
2026-06-23,user004@example.com,43459
2026-06-23,user005@example.com,80593
2026-06-23,user006@example.com,14672
2026-06-23,user007@example.com,249846
2026-06-23,user008@example.com,10483
2026-06-23,user009@example.com,25657
2026-06-23,user010@example.com,6670
2026-06-23,user011@example.com,101041
2026-06-23,user012@example.com,22246
2026-06-23,user013@example.com,21986
2026-06-23,user014@example.com,74331
2026-06-23,user015@example.com,19619
2026-06-23,user016@example.com,46689
2026-06-23,user017@example.com,60835
2026-06-23,user018@example.com,32812
2026-06-23,user019@example.com,41958
2026-06-23,user020@example.com,21456
2026-06-23,user021@example.com,31847
2026-06-23,user022@example.com,119854
2026-06-23,user023@example.com,28793
2026-06-23,user024@example.com,53441
2026-06-23,user025@example.com,34277
2026-06-23,user026@example.com,8586
2026-06-23,user027@example.com,85617
2026-06-23,user028@example.com,37665
2026-06-23,user029@example.com,40645
2026-06-23,user030@example.com,101093
2026-06-23,user031@example.com,30012
2026-06-23,user032@example.com,54646
2026-06-23,user033@example.com,49809
2026-06-23,user034@example.com,13258
2026-06-23,user035@example.com,4231
2026-06-23,user036@example.com,5980
2026-06-23,user037@example.com,33243
2026-06-23,user038@example.com,83549
2026-06-23,user039@example.com,10875
2026-06-23,user040@example.com,23199
2026-06-23,user041@example.com,115689
2026-06-23,user042@example.com,57343
2026-06-23,user043@example.com,61866
2026-06-23,user044@example.com,13570
2026-06-23,user045@example.com,30748
2026-06-23,user046@example.com,8172
2026-06-23,user047@example.com,51930
2026-06-23,user048@example.com,44102
2026-06-23,user049@example.com,59055
2026-06-23,user050@example.com,15851
2026-06-23,user051@example.com,8417
2026-06-23,user052@example.com,26231
2026-06-23,user053@example.com,19758
2026-06-23,user054@example.com,17753
2026-06-23,user055@example.com,33192
2026-06-23,user056@example.com,16361
2026-06-23,user057@example.com,302749
2026-06-23,user058@example.com,39437
2026-06-23,user059@example.com,93879
2026-06-23,user060@example.com,25024
2026-06-23,user061@example.com,92926
2026-06-23,user062@example.com,30628
2026-06-23,user063@example.com,10207
2026-06-23,user064@example.com,27561
2026-06-23,user065@example.com,28734
2026-06-23,user066@example.com,20635
2026-06-23,user067@example.com,148947
2026-06-23,user068@example.com,6081
2026-06-23,user069@example.com,163609
2026-06-23,user070@example.com,12306
2026-06-23,user071@example.com,8015
2026-06-23,user072@example.com,50598
2026-06-23,user073@example.com,113653
2026-06-23,user074@example.com,14041
2026-06-23,user075@example.com,7916
2026-06-23,user076@example.com,11996
2026-06-23,user077@example.com,23822
2026-06-23,user078@example.com,90507
2026-06-23,user079@example.com,40552
2026-06-23,user080@example.com,109996
2026-06-23,user081@example.com,5574
2026-06-23,user082@example.com,26614
2026-06-23,user083@example.com,44661
2026-06-23,user084@example.com,156811
2026-06-23,user085@example.com,21362
2026-06-23,user086@example.com,25672
2026-06-23,user087@example.com,11858
2026-06-23,user088@example.com,30462
2026-06-23,user089@example.com,16801
2026-06-23,user090@example.com,18197
2026-06-23,user091@example.com,83552
2026-06-23,user092@example.com,11270
2026-06-23,user093@example.com,7230
2026-06-23,user094@example.com,61278
2026-06-23,user095@example.com,6687
2026-06-23,user096@example.com,33579
2026-06-23,user097@example.com,31293
2026-06-23,user098@example.com,31824
2026-06-23,user099@example.com,171733
2026-06-23,user100@example.com,198427
2026-06-24,user001@example.com,16085
2026-06-24,user002@example.com,14736
2026-06-24,user003@example.com,14205
2026-06-24,user004@example.com,37220
2026-06-24,user005@example.com,37839
2026-06-24,user006@example.com,23718
2026-06-24,user007@example.com,166852
2026-06-24,user008@example.com,10243
2026-06-24,user009@example.com,70758
2026-06-24,user010@example.com,6469
2026-06-24,user011@example.com,82834
2026-06-24,user012@example.com,22014
2026-06-24,user013@example.com,8580
2026-06-24,user014@example.com,47300
2026-06-24,user015@example.com,14852
2026-06-24,user016@example.com,21950
2026-06-24,user017@example.com,61964
2026-06-24,user018@example.com,29807
2026-06-24,user019@example.com,38163
2026-06-24,user020@example.com,33402
2026-06-24,user021@example.com,26228
2026-06-24,user022@example.com,210872
2026-06-24,user023@example.com,45467
2026-06-24,user024@example.com,53784
2026-06-24,user025@example.com,43395
2026-06-24,user026@example.com,10479
2026-06-24,user027@example.com,92889
2026-06-24,user028@example.com,58000
2026-06-24,user029@example.com,38446
2026-06-24,user030@example.com,128905
2026-06-24,user031@example.com,35230
2026-06-24,user032@example.com,47213
2026-06-24,user033@example.com,135555
2026-06-24,user034@example.com,19877
2026-06-24,user035@example.com,9613
2026-06-24,user036@example.com,17730
2026-06-24,user037@example.com,79289
2026-06-24,user038@example.com,147680
2026-06-24,user039@example.com,9404
2026-06-24,user040@example.com,26394
2026-06-24,user041@example.com,96072
2026-06-24,user042@example.com,69174
2026-06-24,user043@example.com,153700
2026-06-24,user044@example.com,14290
2026-06-24,user045@example.com,29317
2026-06-24,user046@example.com,12056
2026-06-24,user047@example.com,40137
2026-06-24,user048@example.com,76319
2026-06-24,user049@example.com,22555
2026-06-24,user050@example.com,46778
2026-06-24,user051@example.com,9222
2026-06-24,user052@example.com,22456
2026-06-24,user053@example.com,13967
2026-06-24,user054@example.com,15201
2026-06-24,user055@example.com,34124
2026-06-24,user056@example.com,12436
2026-06-24,user057@example.com,140917
2026-06-24,user058@example.com,60562
2026-06-24,user059@example.com,92144
2026-06-24,user060@example.com,28054
2026-06-24,user061@example.com,43040
2026-06-24,user062@example.com,76790
2026-06-24,user063@example.com,14448
2026-06-24,user064@example.com,40237
2026-06-24,user065@example.com,38470
2026-06-24,user066@example.com,25414
2026-06-24,user067@example.com,291854
2026-06-24,user068@example.com,11938
2026-06-24,user069@example.com,78574
2026-06-24,user070@example.com,5397
2026-06-24,user071@example.com,9514
2026-06-24,user072@example.com,56926
2026-06-24,user073@example.com,245016
2026-06-24,user074@example.com,9364
2026-06-24,user075@example.com,8312
2026-06-24,user076@example.com,6465
2026-06-24,user077@example.com,13305
2026-06-24,user078@example.com,221702
2026-06-24,user079@example.com,31023
2026-06-24,user080@example.com,100680
2026-06-24,user081@example.com,10751
2026-06-24,user082@example.com,53750
2026-06-24,user083@example.com,50567
2026-06-24,user084@example.com,89739
2026-06-24,user085@example.com,50186
2026-06-24,user086@example.com,63008
2026-06-24,user087@example.com,16072
2026-06-24,user088@example.com,98453
2026-06-24,user089@example.com,11712
2026-06-24,user090@example.com,32336
2026-06-24,user091@example.com,154650
2026-06-24,user092@example.com,13463
2026-06-24,user093@example.com,7581
2026-06-24,user094@example.com,26268
2026-06-24,user095@example.com,16863
2026-06-24,user096@example.com,26693
2026-06-24,user097@example.com,50795
2026-06-24,user098@example.com,28560
2026-06-24,user099@example.com,187698
2026-06-24,user100@example.com,62360
2026-06-25,user001@example.com,26846
2026-06-25,user002@example.com,17427
2026-06-25,user003@example.com,8410
2026-06-25,user004@example.com,43055
2026-06-25,user005@example.com,45573
2026-06-25,user006@example.com,37038
2026-06-25,user007@example.com,164262
2026-06-25,user008@example.com,13159
2026-06-25,user009@example.com,39996
2026-06-25,user010@example.com,16363
2026-06-25,user011@example.com,69984
2026-06-25,user012@example.com,16894
2026-06-25,user013@example.com,12706
2026-06-25,user014@example.com,65239
2026-06-25,user015@example.com,41044
2026-06-25,user016@example.com,31528
2026-06-25,user017@example.com,59565
2026-06-25,user018@example.com,46946
2026-06-25,user019@example.com,20692
2026-06-25,user020@example.com,15997
2026-06-25,user021@example.com,25798
2026-06-25,user022@example.com,128923
2026-06-25,user023@example.com,27502
2026-06-25,user024@example.com,59581
2026-06-25,user025@example.com,27918
2026-06-25,user026@example.com,8625
2026-06-25,user027@example.com,34663
2026-06-25,user028@example.com,41199
2026-06-25,user029@example.com,18277
2026-06-25,user030@example.com,76858
2026-06-25,user031@example.com,32596
2026-06-25,user032@example.com,58557
2026-06-25,user033@example.com,70599
2026-06-25,user034@example.com,14461
2026-06-25,user035@example.com,5650
2026-06-25,user036@example.com,6997
2026-06-25,user037@example.com,69172
2026-06-25,user038@example.com,247003
2026-06-25,user039@example.com,13609
2026-06-25,user040@example.com,20958
2026-06-25,user041@example.com,99340
2026-06-25,user042@example.com,74738
2026-06-25,user043@example.com,151685
2026-06-25,user044@example.com,34915
2026-06-25,user045@example.com,21718
2026-06-25,user046@example.com,10157
2026-06-25,user047@example.com,92523
2026-06-25,user048@example.com,70399
2026-06-25,user049@example.com,23160
2026-06-25,user050@example.com,27864
2026-06-25,user051@example.com,15634
2026-06-25,user052@example.com,43159
2026-06-25,user053@example.com,15614
2026-06-25,user054@example.com,11753
2026-06-25,user055@example.com,19596
2026-06-25,user056@example.com,20216
2026-06-25,user057@example.com,202519
2026-06-25,user058@example.com,31100
2026-06-25,user059@example.com,124503
2026-06-25,user060@example.com,31096
2026-06-25,user061@example.com,38568
2026-06-25,user062@example.com,39269
2026-06-25,user063@example.com,9844
2026-06-25,user064@example.com,25699
2026-06-25,user065@example.com,40144
2026-06-25,user066@example.com,28290
2026-06-25,user067@example.com,184747
2026-06-25,user068@example.com,20078
2026-06-25,user069@example.com,144370
2026-06-25,user070@example.com,7821
2026-06-25,user071@example.com,9951
2026-06-25,user072@example.com,55006
2026-06-25,user073@example.com,188786
2026-06-25,user074@example.com,14905
2026-06-25,user075@example.com,6725
2026-06-25,user076@example.com,13419
2026-06-25,user077@example.com,24139
2026-06-25,user078@example.com,76405
2026-06-25,user079@example.com,78371
2026-06-25,user080@example.com,92448
2026-06-25,user081@example.com,10268
2026-06-25,user082@example.com,76527
2026-06-25,user083@example.com,34314
2026-06-25,user084@example.com,186678
2026-06-25,user085@example.com,24451
2026-06-25,user086@example.com,19026
2026-06-25,user087@example.com,11066
2026-06-25,user088@example.com,51032
2026-06-25,user089@example.com,9601
2026-06-25,user090@example.com,49013
2026-06-25,user091@example.com,141002
2026-06-25,user092@example.com,25026
2026-06-25,user093@example.com,12749
2026-06-25,user094@example.com,50160
2026-06-25,user095@example.com,5357
2026-06-25,user096@example.com,45177
2026-06-25,user097@example.com,61453
2026-06-25,user098@example.com,51038
2026-06-25,user099@example.com,241373
2026-06-25,user100@example.com,65818
2026-06-26,user001@example.com,29980
2026-06-26,user002@example.com,17288
2026-06-26,user003@example.com,8644
2026-06-26,user004@example.com,42178
2026-06-26,user005@example.com,32578
2026-06-26,user006@example.com,27959
2026-06-26,user007@example.com,243833
2026-06-26,user008@example.com,7068
2026-06-26,user009@example.com,66721
2026-06-26,user010@example.com,10078
2026-06-26,user011@example.com,74887
2026-06-26,user012@example.com,11158
2026-06-26,user013@example.com,5790
2026-06-26,user014@example.com,34098
2026-06-26,user015@example.com,39552
2026-06-26,user016@example.com,30723
2026-06-26,user017@example.com,79434
2026-06-26,user018@example.com,33103
2026-06-26,user019@example.com,57687
2026-06-26,user020@example.com,21327
2026-06-26,user021@example.com,22347
2026-06-26,user022@example.com,148538
2026-06-26,user023@example.com,32584
2026-06-26,user024@example.com,26247
2026-06-26,user025@example.com,25720
2026-06-26,user026@example.com,9484
2026-06-26,user027@example.com,82420
2026-06-26,user028@example.com,57080
2026-06-26,user029@example.com,69029
2026-06-26,user030@example.com,102892
2026-06-26,user031@example.com,35200
2026-06-26,user032@example.com,34389
2026-06-26,user033@example.com,126403
2026-06-26,user034@example.com,16188
2026-06-26,user035@example.com,13316
2026-06-26,user036@example.com,11619
2026-06-26,user037@example.com,81617
2026-06-26,user038@example.com,83582
2026-06-26,user039@example.com,11718
2026-06-26,user040@example.com,31861
2026-06-26,user041@example.com,137198
2026-06-26,user042@example.com,50253
2026-06-26,user043@example.com,116533
2026-06-26,user044@example.com,16709
2026-06-26,user045@example.com,18486
2026-06-26,user046@example.com,16040
2026-06-26,user047@example.com,38869
2026-06-26,user048@example.com,21012
2026-06-26,user049@example.com,45199
2026-06-26,user050@example.com,49678
2026-06-26,user051@example.com,11220
2026-06-26,user052@example.com,20058
2026-06-26,user053@example.com,12170
2026-06-26,user054@example.com,12455
2026-06-26,user055@example.com,15964
2026-06-26,user056@example.com,4144
2026-06-26,user057@example.com,165180
2026-06-26,user058@example.com,65103
2026-06-26,user059@example.com,148182
2026-06-26,user060@example.com,34102
2026-06-26,user061@example.com,54541
2026-06-26,user062@example.com,59320
2026-06-26,user063@example.com,11490
2026-06-26,user064@example.com,33821
2026-06-26,user065@example.com,55639
2026-06-26,user066@example.com,37671
2026-06-26,user067@example.com,110839
2026-06-26,user068@example.com,7960
2026-06-26,user069@example.com,203683
2026-06-26,user070@example.com,5560
2026-06-26,user071@example.com,17485
2026-06-26,user072@example.com,20148
2026-06-26,user073@example.com,197341
2026-06-26,user074@example.com,15576
2026-06-26,user075@example.com,8336
2026-06-26,user076@example.com,8594
2026-06-26,user077@example.com,29889
2026-06-26,user078@example.com,153622
2026-06-26,user079@example.com,32833
2026-06-26,user080@example.com,43812
2026-06-26,user081@example.com,9723
2026-06-26,user082@example.com,52854
2026-06-26,user083@example.com,24158
2026-06-26,user084@example.com,128845
2026-06-26,user085@example.com,22426
2026-06-26,user086@example.com,31434
2026-06-26,user087@example.com,19882
2026-06-26,user088@example.com,69337
2026-06-26,user089@example.com,18056
2026-06-26,user090@example.com,21298
2026-06-26,user091@example.com,103982
2026-06-26,user092@example.com,15765
2026-06-26,user093@example.com,7524
2026-06-26,user094@example.com,51776
2026-06-26,user095@example.com,15315
2026-06-26,user096@example.com,31690
2026-06-26,user097@example.com,30264
2026-06-26,user098@example.com,41562
2026-06-26,user099@example.com,85901
2026-06-26,user100@example.com,108181
2026-06-27,user001@example.com,35491
2026-06-27,user002@example.com,13692
2026-06-27,user003@example.com,10068
2026-06-27,user004@example.com,39416
2026-06-27,user005@example.com,25918
2026-06-27,user006@example.com,22539
2026-06-27,user007@example.com,89438
2026-06-27,user008@example.com,16843
2026-06-27,user009@example.com,37099
2026-06-27,user010@example.com,7991
2026-06-27,user011@example.com,95188
2026-06-27,user012@example.com,16271
2026-06-27,user013@example.com,7497
2026-06-27,user014@example.com,23616
2026-06-27,user015@example.com,21031
2026-06-27,user016@example.com,33922
2026-06-27,user017@example.com,38631
2026-06-27,user018@example.com,34236
2026-06-27,user019@example.com,89392
2026-06-27,user020@example.com,13546
2026-06-27,user021@example.com,22675
2026-06-27,user022@example.com,282329
2026-06-27,user023@example.com,38163
2026-06-27,user024@example.com,33161
2026-06-27,user025@example.com,38904
2026-06-27,user026@example.com,8782
2026-06-27,user027@example.com,44120
2026-06-27,user028@example.com,41464
2026-06-27,user029@example.com,33721
2026-06-27,user030@example.com,52792
2026-06-27,user031@example.com,28383
2026-06-27,user032@example.com,34986
2026-06-27,user033@example.com,113487
2026-06-27,user034@example.com,14018
2026-06-27,user035@example.com,10158
2026-06-27,user036@example.com,12784
2026-06-27,user037@example.com,43242
2026-06-27,user038@example.com,134658
2026-06-27,user039@example.com,14712
2026-06-27,user040@example.com,28986
2026-06-27,user041@example.com,72835
2026-06-27,user042@example.com,34779
2026-06-27,user043@example.com,134780
2026-06-27,user044@example.com,6812
2026-06-27,user045@example.com,23530
2026-06-27,user046@example.com,3524
2026-06-27,user047@example.com,31221
2026-06-27,user048@example.com,28517
2026-06-27,user049@example.com,62322
2026-06-27,user050@example.com,32880
2026-06-27,user051@example.com,7096
2026-06-27,user052@example.com,18763
2026-06-27,user053@example.com,15425
2026-06-27,user054@example.com,11705
2026-06-27,user055@example.com,15918
2026-06-27,user056@example.com,8009
2026-06-27,user057@example.com,140471
2026-06-27,user058@example.com,25181
2026-06-27,user059@example.com,140806
2026-06-27,user060@example.com,28502
2026-06-27,user061@example.com,34512
2026-06-27,user062@example.com,54951
2026-06-27,user063@example.com,14597
2026-06-27,user064@example.com,39873
2026-06-27,user065@example.com,27734
2026-06-27,user066@example.com,25697
2026-06-27,user067@example.com,118473
2026-06-27,user068@example.com,18060
2026-06-27,user069@example.com,60558
2026-06-27,user070@example.com,10244
2026-06-27,user071@example.com,6932
2026-06-27,user072@example.com,38332
2026-06-27,user073@example.com,123902
2026-06-27,user074@example.com,7352
2026-06-27,user075@example.com,5665
2026-06-27,user076@example.com,6399
2026-06-27,user077@example.com,13451
2026-06-27,user078@example.com,85328
2026-06-27,user079@example.com,74356
2026-06-27,user080@example.com,141379
2026-06-27,user081@example.com,4244
2026-06-27,user082@example.com,60300
2026-06-27,user083@example.com,52354
2026-06-27,user084@example.com,149750
2026-06-27,user085@example.com,20526
2026-06-27,user086@example.com,27116
2026-06-27,user087@example.com,11186
2026-06-27,user088@example.com,33462
2026-06-27,user089@example.com,8108
2026-06-27,user090@example.com,24825
2026-06-27,user091@example.com,50909
2026-06-27,user092@example.com,13553
2026-06-27,user093@example.com,7303
2026-06-27,user094@example.com,45643
2026-06-27,user095@example.com,5942
2026-06-27,user096@example.com,32697
2026-06-27,user097@example.com,72775
2026-06-27,user098@example.com,67613
2026-06-27,user099@example.com,51117
2026-06-27,user100@example.com,56290
2026-06-28,user001@example.com,15411
2026-06-28,user002@example.com,9908
2026-06-28,user003@example.com,3681
2026-06-28,user004@example.com,17467
2026-06-28,user005@example.com,15694
2026-06-28,user006@example.com,17652
2026-06-28,user007@example.com,96259
2026-06-28,user008@example.com,7662
2026-06-28,user009@example.com,27733
2026-06-28,user010@example.com,4680
2026-06-28,user011@example.com,50965
2026-06-28,user012@example.com,10643
2026-06-28,user013@example.com,2995
2026-06-28,user014@example.com,42292
2026-06-28,user015@example.com,6931
2026-06-28,user016@example.com,11746
2026-06-28,user017@example.com,26710
2026-06-28,user018@example.com,28460
2026-06-28,user019@example.com,8633
2026-06-28,user020@example.com,14846
2026-06-28,user021@example.com,22612
2026-06-28,user022@example.com,119458
2026-06-28,user023@example.com,17620
2026-06-28,user024@example.com,22170
2026-06-28,user025@example.com,12085
2026-06-28,user026@example.com,4356
2026-06-28,user027@example.com,20152
2026-06-28,user028@example.com,16475
2026-06-28,user029@example.com,28678
2026-06-28,user030@example.com,45794
2026-06-28,user031@example.com,20352
2026-06-28,user032@example.com,31166
2026-06-28,user033@example.com,83939
2026-06-28,user034@example.com,9770
2026-06-28,user035@example.com,2376
2026-06-28,user036@example.com,3705
2026-06-28,user037@example.com,26667
2026-06-28,user038@example.com,65081
2026-06-28,user039@example.com,5683
2026-06-28,user040@example.com,20632
2026-06-28,user041@example.com,99944
2026-06-28,user042@example.com,30863
2026-06-28,user043@example.com,67564
2026-06-28,user044@example.com,9672
2026-06-28,user045@example.com,7804
2026-06-28,user046@example.com,5048
2026-06-28,user047@example.com,40736
2026-06-28,user048@example.com,17958
2026-06-28,user049@example.com,16035
2026-06-28,user050@example.com,14050
2026-06-28,user051@example.com,4893
2026-06-28,user052@example.com,6136
2026-06-28,user053@example.com,13661
2026-06-28,user054@example.com,6076
2026-06-28,user055@example.com,10013
2026-06-28,user056@example.com,4836
2026-06-28,user057@example.com,115889
2026-06-28,user058@example.com,22628
2026-06-28,user059@example.com,85156
2026-06-28,user060@example.com,11052
2026-06-28,user061@example.com,28844
2026-06-28,user062@example.com,35199
2026-06-28,user063@example.com,9465
2026-06-28,user064@example.com,27991
2026-06-28,user065@example.com,20011
2026-06-28,user066@example.com,12624
2026-06-28,user067@example.com,71015
2026-06-28,user068@example.com,10508
2026-06-28,user069@example.com,124021
2026-06-28,user070@example.com,2927
2026-06-28,user071@example.com,5454
2026-06-28,user072@example.com,24868
2026-06-28,user073@example.com,51398
2026-06-28,user074@example.com,7936
2026-06-28,user075@example.com,6520
2026-06-28,user076@example.com,5854
2026-06-28,user077@example.com,7541
2026-06-28,user078@example.com,78552
2026-06-28,user079@example.com,21717
2026-06-28,user080@example.com,50518
2026-06-28,user081@example.com,8147
2026-06-28,user082@example.com,13976
2026-06-28,user083@example.com,29730
2026-06-28,user084@example.com,41924
2026-06-28,user085@example.com,23048
2026-06-28,user086@example.com,13712
2026-06-28,user087@example.com,5507
2026-06-28,user088@example.com,28688
2026-06-28,user089@example.com,8161
2026-06-28,user090@example.com,10568
2026-06-28,user091@example.com,32236
2026-06-28,user092@example.com,7899
2026-06-28,user093@example.com,4303
2026-06-28,user094@example.com,16989
2026-06-28,user095@example.com,4554
2026-06-28,user096@example.com,12221
2026-06-28,user097@example.com,33572
2026-06-28,user098@example.com,37889
2026-06-28,user099@example.com,68206
2026-06-28,user100@example.com,45770
2026-06-29,user001@example.com,31322
2026-06-29,user002@example.com,5019
2026-06-29,user003@example.com,8976
2026-06-29,user004@example.com,32320
2026-06-29,user005@example.com,18237
2026-06-29,user006@example.com,24290
2026-06-29,user007@example.com,83921
2026-06-29,user008@example.com,4824
2026-06-29,user009@example.com,32589
2026-06-29,user010@example.com,5863
2026-06-29,user011@example.com,66373
2026-06-29,user012@example.com,7726
2026-06-29,user013@example.com,4604
2026-06-29,user014@example.com,23757
2026-06-29,user015@example.com,18807
2026-06-29,user016@example.com,22120
2026-06-29,user017@example.com,22440
2026-06-29,user018@example.com,22653
2026-06-29,user019@example.com,14053
2026-06-29,user020@example.com,19090
2026-06-29,user021@example.com,11749
2026-06-29,user022@example.com,100135
2026-06-29,user023@example.com,13567
2026-06-29,user024@example.com,31877
2026-06-29,user025@example.com,15136
2026-06-29,user026@example.com,3429
2026-06-29,user027@example.com,33222
2026-06-29,user028@example.com,16498
2026-06-29,user029@example.com,28881
2026-06-29,user030@example.com,35836
2026-06-29,user031@example.com,8462
2026-06-29,user032@example.com,18492
2026-06-29,user033@example.com,50892
2026-06-29,user034@example.com,10460
2026-06-29,user035@example.com,5407
2026-06-29,user036@example.com,7958
2026-06-29,user037@example.com,46525
2026-06-29,user038@example.com,49068
2026-06-29,user039@example.com,6067
2026-06-29,user040@example.com,11710
2026-06-29,user041@example.com,35638
2026-06-29,user042@example.com,13691
2026-06-29,user043@example.com,58863
2026-06-29,user044@example.com,4132
2026-06-29,user045@example.com,13364
2026-06-29,user046@example.com,9453
2026-06-29,user047@example.com,21822
2026-06-29,user048@example.com,21716
2026-06-29,user049@example.com,30515
2026-06-29,user050@example.com,14917
2026-06-29,user051@example.com,4993
2026-06-29,user052@example.com,6701
2026-06-29,user053@example.com,5456
2026-06-29,user054@example.com,4631
2026-06-29,user055@example.com,18184
2026-06-29,user056@example.com,2450
2026-06-29,user057@example.com,106864
2026-06-29,user058@example.com,12411
2026-06-29,user059@example.com,90763
2026-06-29,user060@example.com,11949
2026-06-29,user061@example.com,10043
2026-06-29,user062@example.com,31944
2026-06-29,user063@example.com,8189
2026-06-29,user064@example.com,19059
2026-06-29,user065@example.com,17403
2026-06-29,user066@example.com,6947
2026-06-29,user067@example.com,47917
2026-06-29,user068@example.com,9301
2026-06-29,user069@example.com,59923
2026-06-29,user070@example.com,2055
2026-06-29,user071@example.com,3529
2026-06-29,user072@example.com,18878
2026-06-29,user073@example.com,55827
2026-06-29,user074@example.com,5691
2026-06-29,user075@example.com,4200
2026-06-29,user076@example.com,4398
2026-06-29,user077@example.com,12243
2026-06-29,user078@example.com,68646
2026-06-29,user079@example.com,26077
2026-06-29,user080@example.com,59306
2026-06-29,user081@example.com,3934
2026-06-29,user082@example.com,16769
2026-06-29,user083@example.com,30950
2026-06-29,user084@example.com,67958
2026-06-29,user085@example.com,14200
2026-06-29,user086@example.com,12383
2026-06-29,user087@example.com,6130
2026-06-29,user088@example.com,27283
2026-06-29,user089@example.com,9146
2026-06-29,user090@example.com,17792
2026-06-29,user091@example.com,59499
2026-06-29,user092@example.com,9283
2026-06-29,user093@example.com,6195
2026-06-29,user094@example.com,20895
2026-06-29,user095@example.com,6024
2026-06-29,user096@example.com,13561
2026-06-29,user097@example.com,29688
2026-06-29,user098@example.com,15311
2026-06-29,user099@example.com,51448
2026-06-29,user100@example.com,36315
2026-06-30,user001@example.com,28425
2026-06-30,user002@example.com,24507
2026-06-30,user003@example.com,8994
2026-06-30,user004@example.com,56053
2026-06-30,user005@example.com,34519
2026-06-30,user006@example.com,19983
2026-06-30,user007@example.com,158856
2026-06-30,user008@example.com,15767
2026-06-30,user009@example.com,62905
2026-06-30,user010@example.com,8948
2026-06-30,user011@example.com,139213
2026-06-30,user012@example.com,17840
2026-06-30,user013@example.com,14486
2026-06-30,user014@example.com,59124
2026-06-30,user015@example.com,45585
2026-06-30,user016@example.com,29730
2026-06-30,user017@example.com,53598
2026-06-30,user018@example.com,39113
2026-06-30,user019@example.com,48198
2026-06-30,user020@example.com,54288
2026-06-30,user021@example.com,46022
2026-06-30,user022@example.com,124769
2026-06-30,user023@example.com,40062
2026-06-30,user024@example.com,61684
2026-06-30,user025@example.com,23994
2026-06-30,user026@example.com,8522
2026-06-30,user027@example.com,101762
2026-06-30,user028@example.com,39881
2026-06-30,user029@example.com,75618
2026-06-30,user030@example.com,149146
2026-06-30,user031@example.com,29135
2026-06-30,user032@example.com,46544
2026-06-30,user033@example.com,130894
2026-06-30,user034@example.com,10787
2026-06-30,user035@example.com,10027
2026-06-30,user036@example.com,10221
2026-06-30,user037@example.com,72104
2026-06-30,user038@example.com,235091
2026-06-30,user039@example.com,21020
2026-06-30,user040@example.com,39109
2026-06-30,user041@example.com,55200
2026-06-30,user042@example.com,74225
2026-06-30,user043@example.com,263475
2026-06-30,user044@example.com,5505
2026-06-30,user045@example.com,41946
2026-06-30,user046@example.com,10389
2026-06-30,user047@example.com,47204
2026-06-30,user048@example.com,65430
2026-06-30,user049@example.com,98491
2026-06-30,user050@example.com,43227
2026-06-30,user051@example.com,9646
2026-06-30,user052@example.com,13323
2026-06-30,user053@example.com,15166
2026-06-30,user054@example.com,21434
2026-06-30,user055@example.com,28779
2026-06-30,user056@example.com,9922
2026-06-30,user057@example.com,497728
2026-06-30,user058@example.com,72104
2026-06-30,user059@example.com,236171
2026-06-30,user060@example.com,19767
2026-06-30,user061@example.com,29405
2026-06-30,user062@example.com,65238
2026-06-30,user063@example.com,10157
2026-06-30,user064@example.com,94793
2026-06-30,user065@example.com,53986
2026-06-30,user066@example.com,31245
2026-06-30,user067@example.com,346098
2026-06-30,user068@example.com,14396
2026-06-30,user069@example.com,390839
2026-06-30,user070@example.com,10110
2026-06-30,user071@example.com,13439
2026-06-30,user072@example.com,103739
2026-06-30,user073@example.com,225474
2026-06-30,user074@example.com,18882
2026-06-30,user075@example.com,9148
2026-06-30,user076@example.com,13151
2026-06-30,user077@example.com,13930
2026-06-30,user078@example.com,152061
2026-06-30,user079@example.com,36719
2026-06-30,user080@example.com,51535
2026-06-30,user081@example.com,11180
2026-06-30,user082@example.com,98859
2026-06-30,user083@example.com,68348
2026-06-30,user084@example.com,153444
2026-06-30,user085@example.com,60738
2026-06-30,user086@example.com,30860
2026-06-30,user087@example.com,9473
2026-06-30,user088@example.com,23030
2026-06-30,user089@example.com,10443
2026-06-30,user090@example.com,43857
2026-06-30,user091@example.com,87964
2026-06-30,user092@example.com,21781
2026-06-30,user093@example.com,25653
2026-06-30,user094@example.com,36838
2026-06-30,user095@example.com,11364
2026-06-30,user096@example.com,45481
2026-06-30,user097@example.com,47023
2026-06-30,user098@example.com,79406
2026-06-30,user099@example.com,142781
2026-06-30,user100@example.com,84036